case_type,interpretation_hint,userID,user_level,profile_size,holdout_animeID,heldout_title,heldout_catalog_score,advanced_split_popularity_baseline_rank,xgboost_pairwise_ranker_rank,xgboost_pairwise_ranker_holdout_model_score,top1_animeID,top1_title,top12_titles,candidate_pool_size
strong_personalization_case,Profile-level tuned product hybrid recovered a liked title that popularity did not place in the visible 12-item row.,1834546752,Casual,58,31389,Fate/stay night: Unlimited Blade Works 2nd Season - Sunny Day,7.47,13,1,2.6957006454467773,31389,Fate/stay night: Unlimited Blade Works 2nd Season - Sunny Day,"Fate/stay night: Unlimited Blade Works 2nd Season - Sunny Day | Sakamoto desu ga? | Servant x Service | Kanojo to Kanojo no Neko: Everything Flows | Mirai Nikki (TV): Ura Mirai Nikki | Vivy: Fluorite Eye's Song | Tamako Market | Konjiki no Gash Bell!! | Mangaka-san to Assistant-san to The Animation Specials | Tatoeba Last Dungeon Mae no Mura no Shounen ga Joban no Machi de Kurasu Youna Monogatari | Kobayashi-san Chi no Maid Dragon: Valentine, Soshite Onsen! - Amari Kitai Shinaide Kudasai | Bleach: Sennen Kessen-hen",101
strong_personalization_case,Profile-level tuned product hybrid recovered a liked title that popularity did not place in the visible 12-item row.,1841549802,Casual,95,372,Cardcaptor Sakura Movie 2: Fuuin Sareta Card,8.22,18,1,3.9338603019714355,372,Cardcaptor Sakura Movie 2: Fuuin Sareta Card,Cardcaptor Sakura Movie 2: Fuuin Sareta Card | Trinity Blood | Yu☆Gi☆Oh! | Genshiken OVA | Omoide no Marnie | Kowarekake no Orgel | InuYasha Movie 3: Tenka Hadou no Ken | Natsume Yuujinchou Movie: Utsusemi ni Musubu | Aa! Megami-sama! Movie | Star☆Twinkle Precure | Beelzebub | Guilty Crown,101
strong_personalization_case,Profile-level tuned product hybrid recovered a liked title that popularity did not place in the visible 12-item row.,991561579,Fan,196,8424,MM!,7.01,14,1,3.5461649894714355,8424,MM!,MM! | Ichigo 100% | Death Parade | Heroic Age | Final Fantasy VII: Advent Children | Shigofumi | Hajime no Ippo: New Challenger | Kimetsu no Yaiba: Yuukaku-hen | Re:Zero kara Hajimeru Isekai Seikatsu | Yuukoku no Moriarty Part 2 | Nazo no Kanojo X: Nazo no Natsu Matsuri | Rurouni Kenshin: Meiji Kenkaku Romantan - Seisou-hen,101
strong_personalization_case,Profile-level tuned product hybrid recovered a liked title that popularity did not place in the visible 12-item row.,995036847,Fan,263,55994,Sword Art Online Alternative: Gun Gale Online II,7.15,16,1,3.283757209777832,55994,Sword Art Online Alternative: Gun Gale Online II,Sword Art Online Alternative: Gun Gale Online II | Carole & Tuesday | Gridman Universe | Guimi Zhi Zhu: Xiaochou Pian | The iDOLM@STER | Shinsekai yori | Kaguya-sama wa Kokurasetai? Tensai-tachi no Renai Zunousen OVA | Durarara!!x2 Ketsu: Dufufufu!! | Rikei ga Koi ni Ochita no de Shoumei shitemita. | Birdie Wing: Golf Girls' Story Season 2 | Ga-Rei: Zero | Kidou Senshi Gundam SEED Destiny,101
strong_personalization_case,Profile-level tuned product hybrid recovered a liked title that popularity did not place in the visible 12-item row.,997164511,Casual,76,41491,Nanatsu no Taizai: Funnu no Shinpan,6.57,19,1,3.6301870346069336,41491,Nanatsu no Taizai: Funnu no Shinpan,"Nanatsu no Taizai: Funnu no Shinpan | Mob Psycho 100 II | Baki | Tatoeba Last Dungeon Mae no Mura no Shounen ga Joban no Machi de Kurasu Youna Monogatari | Kanojo, Okarishimasu 2nd Season | Kyuukyoku Shinka shita Full Dive RPG ga Genjitsu yori mo Kusoge Dattara | Hitsugi no Chaika: Avenging Battle | JoJo no Kimyou na Bouken Part 3: Stardust Crusaders - Egypt-hen | Kemono Friends | Kuma Kuma Kuma Bear | Senyuu. | Level 1 dakedo Unique Skill de Saikyou desu",101
strong_personalization_case,Profile-level tuned product hybrid recovered a liked title that popularity did not place in the visible 12-item row.,1000941536,Casual,114,60,Chrno Crusade,7.6,18,1,1.5257047414779663,60,Chrno Crusade,Chrno Crusade | Yakusoku no Neverland | Made in Abyss | Nana | Urusei Yatsura | Gakkou no Kaidan | NieR:Automata Ver1.1a | Fullmetal Alchemist: Brotherhood Specials | Lupin III: The First | Code Geass: Hangyaku no Lelouch - Nunnally in Wonderland | Sakamoto Days Part 2 | Lupin the IIIrd: Chikemuri no Ishikawa Goemon,101
strong_personalization_case,Profile-level tuned product hybrid recovered a liked title that popularity did not place in the visible 12-item row.,2144994217,Casual,79,12117,Meitantei Conan Movie 16: 11-ninme no Striker,7.7,29,1,3.350432872772217,12117,Meitantei Conan Movie 16: 11-ninme no Striker,"Meitantei Conan Movie 16: 11-ninme no Striker | Shokugeki no Souma: San no Sara - Tootsuki Ressha-hen | Komi-san wa, Comyushou desu. | Kindaichi Shounen no Jikenbo Returns | Ansatsu Kyoushitsu: Jump Festa 2013 Special | Nichijou | .hack//Sign | B-Project: Kodou*Ambitious | Nobunaga Concerto | Princess Principal | One Piece Film: Gold | Shoujo-tachi wa Kouya wo Mezasu",101
strong_personalization_case,Profile-level tuned product hybrid recovered a liked title that popularity did not place in the visible 12-item row.,2144205738,Fan,236,1562,Yamato Nadeshiko Shichihenge♥,7.71,14,1,3.4951117038726807,1562,Yamato Nadeshiko Shichihenge♥,"Yamato Nadeshiko Shichihenge♥ | Nurarihyon no Mago | Hiiro no Kakera 2nd Season | Mangaka-san to Assistant-san to The Animation | Jaku-Chara Tomozaki-kun | Kono Danshi, Ningyo Hiroimashita. | Dandadan 2nd Season | Mitsu x Mitsu Drops | 2.43: Seiin Koukou Danshi Volley-bu | Phi Brain: Kami no Puzzle | Sword Art Online: Extra Edition | Isekai wa Smartphone to Tomo ni.",101
strong_personalization_case,Profile-level tuned product hybrid recovered a liked title that popularity did not place in the visible 12-item row.,1868276198,Casual,144,38731,Diamond no Ace: Act II,8.28,24,1,2.9967119693756104,38731,Diamond no Ace: Act II,Diamond no Ace: Act II | Gyakkyou Burai Kaiji: Ultimate Survivor | Inuyashiki | Deadman Wonderland | Little Witch Academia (TV) | Fairy Tail: Final Series | Guilty Crown | Owari no Seraph: Nagoya Kessen-hen | Net-juu no Susume | Inazuma Eleven Go: Galaxy | Re:Creators | Shounen Onmyouji,101
strong_personalization_case,Profile-level tuned product hybrid recovered a liked title that popularity did not place in the visible 12-item row.,961849041,Fan,235,12117,Meitantei Conan Movie 16: 11-ninme no Striker,7.7,32,1,2.946485996246338,12117,Meitantei Conan Movie 16: 11-ninme no Striker,Meitantei Conan Movie 16: 11-ninme no Striker | Ranma ½ | Uta no☆Prince-sama♪ Maji Love 1000% | Watashi ga Motenai no wa Dou Kangaetemo Omaera ga Warui! | 07-Ghost | Kindaichi Shounen no Jikenbo Returns 2nd Season | Kakkou no Iinazuke | Kidou Senshi Gundam: Suisei no Majo | Girls & Panzer: Saishuushou Part 1 | Quanzhi Gaoshou | Re:Zero kara Hajimeru Isekai Seikatsu 2nd Season | Gakuen Utopia Manabi Straight!,101
strong_personalization_case,Profile-level tuned product hybrid recovered a liked title that popularity did not place in the visible 12-item row.,965917196,Casual,54,42395,Shakunetsu Kabaddi,7.01,24,1,2.107764482498169,42395,Shakunetsu Kabaddi,Shakunetsu Kabaddi | Do It Yourself!! | Sakamoto desu ga? | Yojouhan Time Machine Blues | Kaiba | Kara no Kyoukai Movie 2: Satsujin Kousatsu (Zen) | Kaguya-sama wa Kokurasetai? Tensai-tachi no Renai Zunousen OVA | Boogiepop wa Warawanai | Princess Connect! Re:Dive | Haiyore! Nyaruko-san | Sword Art Online II | Visual Prison,101
strong_personalization_case,Profile-level tuned product hybrid recovered a liked title that popularity did not place in the visible 12-item row.,966835243,Beginner,24,1313,Digimon Adventure 02,7.24,14,1,3.5891408920288086,1313,Digimon Adventure 02,Digimon Adventure 02 | Spy x Family | Digimon Savers | Youjo Senki | Jujutsu Kaisen 0 Movie | Mahoutsukai no Yome | Magic Kaito 1412 | Netoge no Yome wa Onnanoko ja Nai to Omotta? | Machine-Doll wa Kizutsukanai | High Score Girl II | Zero no Tsukaima F | K,101
strong_personalization_case,Profile-level tuned product hybrid recovered a liked title that popularity did not place in the visible 12-item row.,973953655,Casual,89,59169,Aru Majo ga Shinu Made,7.36,23,1,3.2306246757507324,59169,Aru Majo ga Shinu Made,Aru Majo ga Shinu Made | Marriagetoxin | Psycho-Pass | Kyoukai no Kanata | Wotaku ni Koi wa Muzukashii | Urasekai Picnic | Isshuukan Friends. | JoJo no Kimyou na Bouken Part 5: Ougon no Kaze | BanG Dream! 3rd Season | 5-toubun no Hanayome∽ | Kinoko Inu | Dragon Ball Kai,101
strong_personalization_case,Profile-level tuned product hybrid recovered a liked title that popularity did not place in the visible 12-item row.,974165600,Casual,123,449,InuYasha Movie 4: Guren no Houraijima,7.56,19,1,3.140430212020874,449,InuYasha Movie 4: Guren no Houraijima,InuYasha Movie 4: Guren no Houraijima | Tonari no Kaibutsu-kun | Bleach: Memories in the Rain | Kaibutsu Oujo | Angel Beats! | Chainsaw Man | Onegai☆Twins: Natsu wa Owaranai | Tokyo Marble Chocolate | Fate/strange Fake | Digimon Adventure 02 Movies | .hack//Intermezzo | Blue Lock,101
strong_personalization_case,Profile-level tuned product hybrid recovered a liked title that popularity did not place in the visible 12-item row.,979826602,Fan,345,51215,Seijo no Maryoku wa Bannou desu Season 2,7.46,19,1,2.602969169616699,51215,Seijo no Maryoku wa Bannou desu Season 2,"Seijo no Maryoku wa Bannou desu Season 2 | Youkoso Jitsuryoku Shijou Shugi no Kyoushitsu e 2nd Season | Maou Gakuin no Futekigousha II: Shijou Saikyou no Maou no Shiso, Tensei shite Shison-tachi no Gakkou e Kayou | Yuusha Party ni Kawaii Ko ga Ita node, Kokuhaku shitemita. | Shadows House | Snowball Earth | Shiki | Quanzhi Gaoshou | Youjo Senki: Sabaku no Pasta Daisakusen | Satsuriku no Tenshi | Super no Ura de Yani Suu Futari | Shokugeki no Souma: Ni no Sara",101
strong_personalization_case,Profile-level tuned product hybrid recovered a liked title that popularity did not place in the visible 12-item row.,981061497,Casual,145,1118,Pokemon Movie 03: Kesshoutou no Teiou Entei,7.09,13,1,2.218428134918213,1118,Pokemon Movie 03: Kesshoutou no Teiou Entei,Pokemon Movie 03: Kesshoutou no Teiou Entei | InuYasha | Ookami to Koushinryou | Shakugan no Shana II (Second) | Eve no Jikan (Movie) | Final Fantasy VII: Advent Children Complete | Rosario to Vampire | MM! | Level E | Yuru Camp△ | Boku wa Tomodachi ga Sukunai Next | Kyou no 5 no 2,101
strong_personalization_case,Profile-level tuned product hybrid recovered a liked title that popularity did not place in the visible 12-item row.,1008837966,Casual,82,463,One Piece Movie 05: Norowareta Seiken,7.09,21,1,3.4266293048858643,463,One Piece Movie 05: Norowareta Seiken,"One Piece Movie 05: Norowareta Seiken | JoJo no Kimyou na Bouken (TV) | Elfen Lied: Tooriame nite Arui wa, Shoujo wa Ikani Shite Sono Shinjou ni Itatta ka? - Regenschauer | To LOVE-Ru | JoJo no Kimyou na Bouken | Juubee Ninpuuchou | ReLIFE | Keijo!!!!!!!! | Blend S | Make Heroine ga Oosugiru! | Lupin III: Harimao no Zaihou wo Oe!! | Break Blade Movie 5: Shisen no Hate",101
strong_personalization_case,Profile-level tuned product hybrid recovered a liked title that popularity did not place in the visible 12-item row.,1009526528,Casual,129,65,Rozen Maiden: Träumend,7.61,20,1,3.384289026260376,65,Rozen Maiden: Träumend,"Rozen Maiden: Träumend | Naruto: Shippuuden Movie 6 - Road to Ninja | Code-E | Jungle wa Itsumo Hare nochi Guu | Overlord | Shingeki no Kyojin: The Final Season - Kanketsu-hen | Zoids Shinseiki/Zero | Enen no Shouboutai: San no Shou Part 2 | Clannad: Mou Hitotsu no Sekai, Tomoyo-hen | Yu☆Gi☆Oh! The Dark Side of Dimensions | Akudama Drive | Yuru Yuri",101
strong_personalization_case,Profile-level tuned product hybrid recovered a liked title that popularity did not place in the visible 12-item row.,1015661086,Beginner,15,61469,Steel Ball Run: JoJo no Kimyou na Bouken,9.11,18,1,3.8965237140655518,61469,Steel Ball Run: JoJo no Kimyou na Bouken,"Steel Ball Run: JoJo no Kimyou na Bouken | Vinland Saga | Boruto: Naruto Next Generations | Code Geass: Hangyaku no Lelouch R2 | Sakamoto Days Part 2 | Dead Mount Death Play | Shinmai Ossan Boukensha, Saikyou Party ni Shinu hodo Kitaerarete Muteki ni Naru. | Noblesse | Mahou Shoujo Ikusei Keikaku | Soredemo Sekai wa Utsukushii | Hokuto no Ken Movie | Shingeki no Kyojin Picture Drama",101
strong_personalization_case,Profile-level tuned product hybrid recovered a liked title that popularity did not place in the visible 12-item row.,1015900803,Fan,447,30991,Himouto! Umaru-chan OVA,7.24,13,1,1.185203194618225,30991,Himouto! Umaru-chan OVA,"Himouto! Umaru-chan OVA | Dragon Ball Z Movie 05: Tobikkiri no Saikyou tai Saikyou | Owari no Seraph: Nagoya Kessen-hen | Teekyuu | Nanatsu no Taizai: Imashime no Fukkatsu | Baka to Test to Shoukanjuu: Matsuri - Sentaku ni Yotte Tenkai ga Kawaru ""LIPS Eizou"" | Nakitai Watashi wa Neko wo Kaburu | Bleach | Sword Art Online II: Sword Art Offline II | Pokemon: Pikachu no Fuyuyasumi (2001) | High Score Girl: Extra Stage | Tachibanakan Triangle",101
strong_personalization_case,Profile-level tuned product hybrid recovered a liked title that popularity did not place in the visible 12-item row.,1017498014,Beginner,9,16009,Kamisama no Inai Nichiyoubi,7.27,15,1,2.3695390224456787,16009,Kamisama no Inai Nichiyoubi,Kamisama no Inai Nichiyoubi | Hakata Tonkotsu Ramens | Mawaru Penguindrum | Akuma no Riddle | Nabari no Ou | Date A Live | Junjou Romantica | Urara Meirochou | Code Geass: Hangyaku no Lelouch R2 | Naruto | Amaama to Inazuma | C³,101
strong_personalization_case,Profile-level tuned product hybrid recovered a liked title that popularity did not place in the visible 12-item row.,1022426743,Beginner,44,468,Innocence,7.77,14,1,3.8621785640716553,468,Innocence,Innocence | Kidou Senshi Zeta Gundam | Date A Live III | Uchuu Senkan Yamato | Sakasama no Patema | Absolute Duo | Berserk | Armitage III: Dual-Matrix | Slayers Next | Shirokuma Cafe | Kurozuka | Ragna Crimson,101
strong_personalization_case,Profile-level tuned product hybrid recovered a liked title that popularity did not place in the visible 12-item row.,1853645444,Beginner,41,26123,Seitokai Yakuindomo* OVA,7.84,22,1,2.728276252746582,26123,Seitokai Yakuindomo* OVA,"Seitokai Yakuindomo* OVA | Kidou Senshi Gundam: Tekketsu no Orphans 2nd Season | Kore wa Zombie desu ka? of the Dead: Hai, Minotake ni Attemasu | Gakusen Toshi Asterisk | Panty & Stocking in Sanitarybox | Shijou Saikyou no Deshi Kenichi | Saenai Heroine no Sodatekata: Ai to Seishun no Service-kai | Tengoku Daimakyou | Kakkou no Iinazuke | Oretachi ni Tsubasa wa Nai: Under the Innocent Sky. | Tonari no Seki-kun | Aharen-san wa Hakarenai",101
strong_personalization_case,Profile-level tuned product hybrid recovered a liked title that popularity did not place in the visible 12-item row.,1866214499,Fan,256,10589,Naruto: Shippuuden Movie 5 - Blood Prison,7.47,15,1,2.0728631019592285,10589,Naruto: Shippuuden Movie 5 - Blood Prison,"Naruto: Shippuuden Movie 5 - Blood Prison | Sword Art Online | Psycho-Pass | One Piece: Yume no Soccer Ou! | Dragon Ball Z Movie 14: Kami to Kami | Persona 4 the Animation: No One is Alone | Yondemasu yo, Azazel-san. Z | Given | Penguin Highway | Totsukuni no Shoujo | Tsurune: Kazemai Koukou Kyuudou-bu | Kyoukai no Kanata Movie 2: I'll Be Here - Mirai-hen",101
strong_personalization_case,Profile-level tuned product hybrid recovered a liked title that popularity did not place in the visible 12-item row.,1801605118,Casual,127,53879,Kamonohashi Ron no Kindan Suiri,7.51,15,1,3.833373546600342,53879,Kamonohashi Ron no Kindan Suiri,Kamonohashi Ron no Kindan Suiri | Danganronpa 3: The End of Kibougamine Gakuen - Mirai-hen | Somali to Mori no Kamisama | Dead Mount Death Play | Kanojo ga Koushaku-tei ni Itta Riyuu | Doukyuusei | Gankutsuou | Watashi ga Motenai no wa Dou Kangaetemo Omaera ga Warui! | Phantom: Requiem for the Phantom | Boku wa Tomodachi ga Sukunai | Haikyuu!! Second Season | Ginga Eiyuu Densetsu,101
strong_personalization_case,Profile-level tuned product hybrid recovered a liked title that popularity did not place in the visible 12-item row.,1806294298,Casual,88,48413,Hataraku Maou-sama!!,6.66,16,1,1.9831647872924805,48413,Hataraku Maou-sama!!,Hataraku Maou-sama!! | Mairimashita! Iruma-kun 2nd Season | Dr. Stone | Overlord II | Shadows House | Ore no Kanojo to Osananajimi ga Shuraba Sugiru | Toaru Kagaku no Railgun S | Kobayashi-san Chi no Maid Dragon S | Kubo-san wa Mob wo Yurusanai | Initial D First Stage | Clannad | Tensura Nikki: Tensei shitara Slime Datta Ken,101
strong_personalization_case,Profile-level tuned product hybrid recovered a liked title that popularity did not place in the visible 12-item row.,1811424644,Casual,91,780,Meitantei Conan Movie 02: 14-banme no Target,7.88,21,1,3.575483560562134,780,Meitantei Conan Movie 02: 14-banme no Target,Meitantei Conan Movie 02: 14-banme no Target | Gokushufudou | Hyouka | Meitantei Conan Movie 08: Ginyoku no Time Travel Recap | Eyeshield 21 | Code Geass: Boukoku no Akito 2 - Hikisakareshi Yokuryuu | Doraemon: Kaette Kita Doraemon | Babylon | Kinsou no Vermeil: Gakeppuchi Majutsushi wa Saikyou no Yakusai to Mahou Sekai wo Tsukisusumu | Gachiakuta | Pokemon (2019): Natsuyasumi Chokuzen 1-jikan Special | Given,101
strong_personalization_case,Profile-level tuned product hybrid recovered a liked title that popularity did not place in the visible 12-item row.,1811796620,Beginner,31,45560,Orient,6.62,22,1,3.1972126960754395,45560,Orient,"Orient | Nagi no Asu kara | Arslan Senki (TV) | Attack No.1 | Tokyo Ghoul:re | Akatsuki no Yona OVA | Ashita no Joe 2 | Working!!! | Tensei shitara Dainana Ouji Datta node, Kimama ni Majutsu wo Kiwamemasu | Subarashiki Kono Sekai The Animation | Kami no Tou: Ouji no Kikan | To LOVE-Ru OVA",101
strong_personalization_case,Profile-level tuned product hybrid recovered a liked title that popularity did not place in the visible 12-item row.,1813248607,Casual,64,14511,Minami-ke Tadaima,7.65,20,1,3.925126791000366,14511,Minami-ke Tadaima,Minami-ke Tadaima | Mushishi | Joshikausei | Girls & Panzer: Saishuushou Part 3 | Go! Go! 575 | Hayate no Gotoku! Can't Take My Eyes Off You | Miss Monochrome The Animation 2 | Morita-san wa Mukuchi | Dr. Stone: New World Part 2 | Hai to Gensou no Grimgar | Aikatsu Friends! | Higurashi no Naku Koro ni Kira,101
strong_personalization_case,Profile-level tuned product hybrid recovered a liked title that popularity did not place in the visible 12-item row.,1816073384,Fan,460,1367,Meitantei Conan Movie 08: Ginyoku no Magician,8.05,21,1,3.696314573287964,1367,Meitantei Conan Movie 08: Ginyoku no Magician,"Meitantei Conan Movie 08: Ginyoku no Magician | Ishura | Salaryman ga Isekai ni Ittara Shitennou ni Natta Hanashi | Himesama ""Goumon"" no Jikan desu | Kingdom 3rd Season | Ookami Kodomo no Ame to Yuki | Black★Rock Shooter (TV) | .hack//Quantum | Summer Pockets | Yume-iro Pâtissière | Tsubasa: Tokyo Revelations | Haikyuu!! Lev Genzan!",101
strong_personalization_case,Profile-level tuned product hybrid recovered a liked title that popularity did not place in the visible 12-item row.,1819247856,Fan,269,48542,Do It Yourself!!,7.46,15,1,3.608105421066284,48542,Do It Yourself!!,Do It Yourself!! | Hibike! Euphonium 3 | Ookami Kodomo no Ame to Yuki | Dagashi Kashi | Sakura Trick | Uchuu Patrol Luluco | Sorairo Utility (TV) | Mairimashita! Iruma-kun | Kaguya-hime no Monogatari | Tamayura | Kirei ni Shitemoraemasu ka. | Re:Zero kara Hajimeru Isekai Seikatsu 3rd Season,101
strong_personalization_case,Profile-level tuned product hybrid recovered a liked title that popularity did not place in the visible 12-item row.,1820613878,Fan,157,38337,Gochuumon wa Usagi desu ka? Bloom,7.92,14,1,3.2004928588867188,38337,Gochuumon wa Usagi desu ka? Bloom,Gochuumon wa Usagi desu ka? Bloom | Baka to Test to Shoukanjuu | Kemono Friends | Boku no Hero Academia 2nd Season | K-On!: Ura-On! | Seiyuu Radio no Uraomote | Takunomi. | Kaijuu 8-gou | Kyoukai no Kanata Movie 1: I'll Be Here - Kako-hen | Yahari Ore no Seishun Love Comedy wa Machigatteiru. | Ansatsu Kyoushitsu 2nd Season | Kamichu!,101
strong_personalization_case,Profile-level tuned product hybrid recovered a liked title that popularity did not place in the visible 12-item row.,1421523744,Fan,362,38770,Meitantei Conan Movie 23: Konjou no Fist,7.87,20,1,3.0235390663146973,38770,Meitantei Conan Movie 23: Konjou no Fist,Meitantei Conan Movie 23: Konjou no Fist | Hoshiai no Sora | Vinland Saga Season 2 | Higurashi no Naku Koro ni Gou | Gakkou no Kaidan | Beastars Final Season | Tonari no Youkai-san | Maomao no Hitorigoto 2nd Season | Sennen Joyuu | Pukapuka Juju | Naruto: The Cross Roads | Kibou no Chikara: Otona Precure '23,101
strong_personalization_case,Profile-level tuned product hybrid recovered a liked title that popularity did not place in the visible 12-item row.,1421742923,Casual,67,14645,Hiiro no Kakera 2nd Season,7.16,32,1,3.240257501602173,14645,Hiiro no Kakera 2nd Season,"Hiiro no Kakera 2nd Season | Kimi no Iru Machi | Donten ni Warau | Barakamon | Tsubasa Chronicle 2nd Season | Cardcaptor Sakura Movie 2: Fuuin Sareta Card | Log Horizon | Himouto! Umaru-chan | Ergo Proxy | Kono Danshi, Sekka ni Nayandemasu. | Blue Seed | Mahou Shoujo Ikusei Keikaku",101
strong_personalization_case,Profile-level tuned product hybrid recovered a liked title that popularity did not place in the visible 12-item row.,1378465112,Fan,212,35110,Haikyuu!! Movie 3: Sainou to Sense,8.21,27,1,1.8293274641036987,35110,Haikyuu!! Movie 3: Sainou to Sense,Haikyuu!! Movie 3: Sainou to Sense | Great Teacher Onizuka | Kagami no Kojou | Samurai Champloo | White Album 2 | Naruto | Kekkai Sensen | Kono Subarashii Sekai ni Shukufuku wo! | Sword Art Online II | Watashi no Shiawase na Kekkon 2nd Season | Shinryaku! Ika Musume | Shiroi Suna no Aquatope,101
strong_personalization_case,Profile-level tuned product hybrid recovered a liked title that popularity did not place in the visible 12-item row.,1445473979,Fan,395,460,One Piece Movie 02: Nejimaki-jima no Daibouken,7.08,13,1,3.2441821098327637,460,One Piece Movie 02: Nejimaki-jima no Daibouken,One Piece Movie 02: Nejimaki-jima no Daibouken | Deca-Dence | Dungeon ni Deai wo Motomeru no wa Machigatteiru Darou ka IV: Shin Shou - Yakusai-hen | Naruto: Shippuuden - Sunny Side Battle | 5-toubun no Hanayome ∬ | Hunter x Hunter: Original Video Animation | Fate/Zero Remix | Mahou Shoujo Madoka★Magica Movie 2: Eien no Monogatari | Dorohedoro Season 2 | Gibiate | Net-juu no Susume Special | Break Blade,101
strong_personalization_case,Profile-level tuned product hybrid recovered a liked title that popularity did not place in the visible 12-item row.,1446619626,Fan,214,17873,Pokemon Best Wishes! Season 2: Decolora Adventure,6.37,33,1,3.4671568870544434,17873,Pokemon Best Wishes! Season 2: Decolora Adventure,Pokemon Best Wishes! Season 2: Decolora Adventure | Fumetsu no Anata e | Kaguya-hime no Monogatari | Kakushigoto | Re:Zero kara Hajimeru Isekai Seikatsu 2nd Season | High Card | Suzumiya Haruhi no Yuuutsu | Poketoon (2024) | Serial Experiments Lain | Ponkotsu Fuuki Iin to Skirt-take ga Futekisetsu na JK no Hanashi | Zero no Tsukaima: Princesses no Rondo - Yuuwaku no Sunahama | Amagi Brilliant Park,101
strong_personalization_case,Profile-level tuned product hybrid recovered a liked title that popularity did not place in the visible 12-item row.,1450970360,Casual,57,1681,Brave Story,7.4,24,1,3.0507075786590576,1681,Brave Story,"Brave Story | One Piece Film: Red | Ayakashi: Japanese Classic Horror | Inari, Konkon, Koi Iroha. | Death March kara Hajimaru Isekai Kyousoukyoku | Cyberpunk: Edgerunners | Yasuke | Gimai Seikatsu | Lost Song | Shiguang Dailiren: Yingdu Pian | Cat Shit One | Pupa",101
strong_personalization_case,Profile-level tuned product hybrid recovered a liked title that popularity did not place in the visible 12-item row.,1457502158,Beginner,10,39555,Baki: Dai Raitaisai-hen,7.52,16,1,3.936274528503418,39555,Baki: Dai Raitaisai-hen,Baki: Dai Raitaisai-hen | Nanatsu no Taizai: Imashime no Fukkatsu | Dungeon ni Deai wo Motomeru no wa Machigatteiru Darou ka | Tenki no Ko | Ao Haru Ride | Kage no Jitsuryokusha ni Naritakute! 2nd Season | Initial D First Stage | One Piece: Episode of Alabasta - Prologue | 5-toubun no Hanayome | Log Horizon | Kizumonogatari I: Tekketsu-hen | Initial D Second Stage,101
strong_personalization_case,Profile-level tuned product hybrid recovered a liked title that popularity did not place in the visible 12-item row.,1489349820,Fan,323,207,Lodoss-tou Senki,7.33,25,1,1.9997459650039673,207,Lodoss-tou Senki,Lodoss-tou Senki | IS: Infinite Stratos | Arakawa Under the Bridge | Ping Pong the Animation | Date A Live | Grisaia no Meikyuu: Caprice no Mayu 0 | Youjuu Toshi | New Game!! | Sakigake!! Otokojuku | Fuuka | Shigofumi | Kidou Senshi Gundam 0083: Zeon no Zankou,101
strong_personalization_case,Profile-level tuned product hybrid recovered a liked title that popularity did not place in the visible 12-item row.,1398438672,Casual,119,57217,Katsute Mahou Shoujo to Aku wa Tekitai shiteita.,7.55,18,1,3.0187065601348877,57217,Katsute Mahou Shoujo to Aku wa Tekitai shiteita.,Katsute Mahou Shoujo to Aku wa Tekitai shiteita. | The New Gate | Guimi Zhi Zhu: Xiaochou Pian | Bungou Stray Dogs | Yamada-kun to 7-nin no Majo | Uma Musume: Cinderella Gray Part 2 | Jujutsu Kaisen 2nd Season Recaps | Arknights: Rise from Ember | Chuunibyou demo Koi ga Shitai! Ren | Tonari no Totoro | Ergo Proxy | SSSS.Dynazenon,101
strong_personalization_case,Profile-level tuned product hybrid recovered a liked title that popularity did not place in the visible 12-item row.,1401292129,Beginner,12,12883,Tsuritama,7.65,15,1,1.1979979276657104,12883,Tsuritama,"Tsuritama | Kumo desu ga, Nani ka? | Tokyo Revengers | Gakkou no Kaidan | Summertime Render | Yahari Ore no Seishun Love Comedy wa Machigatteiru. Zoku | Overlord IV | ReLIFE: Kanketsu-hen | Persona 4 the Golden Animation | 100-man no Inochi no Ue ni Ore wa Tatteiru | Macross F Movie 2: Sayonara no Tsubasa | Kenja no Mago",101
strong_personalization_case,Profile-level tuned product hybrid recovered a liked title that popularity did not place in the visible 12-item row.,1407761310,Veteran,567,56671,Burn the Witch #0.8,7.42,16,1,1.2943644523620605,56671,Burn the Witch #0.8,"Burn the Witch #0.8 | Isekai Quartet | Fate/stay night: Unlimited Blade Works 2nd Season - Sunny Day | Somali to Mori no Kamisama | Fate/Grand Order: First Order | Kimetsu no Yaiba: Hashira Geiko-hen | Karakai Jouzu no Takagi-san: Water Slide | Aura: Maryuuin Kouga Saigo no Tatakai | Heroine Tarumono! Kiraware Heroine to Naisho no Oshigoto | ""Bungaku Shoujo"" Movie | Nekopara | Kill Ao",101
strong_personalization_case,Profile-level tuned product hybrid recovered a liked title that popularity did not place in the visible 12-item row.,1410830471,Beginner,13,3092,Junjou Romantica,7.43,14,1,3.858889579772949,3092,Junjou Romantica,"Junjou Romantica | Free! Eternal Summer: Kindan no All Hard! | JoJo no Kimyou na Bouken (TV) | Chihayafuru | Gate: Jieitai Kanochi nite, Kaku Tatakaeri | Sakigake!! Cromartie Koukou | Owarimonogatari 2nd Season | Jibaku Shounen Hanako-kun | Toaru Majutsu no Index II | Ore dake Level Up na Ken Season 2: Arise from the Shadow | Momokuri | Shinigami Bocchan to Kuro Maid",101
strong_personalization_case,Profile-level tuned product hybrid recovered a liked title that popularity did not place in the visible 12-item row.,1415410261,Fan,320,2397,Digimon Adventure: Bokura no War Game!,7.82,16,1,2.9363605976104736,2397,Digimon Adventure: Bokura no War Game!,Digimon Adventure: Bokura no War Game! | Cardcaptor Sakura Movie 1 | Btooom! | [Oshi no Ko] 3rd Season | Bakemono no Ko | Seirei no Moribito | Shin Samurai-den Yaiba | Code Geass: Fukkatsu no Lelouch | Boku no Hero Academia: UA Heroes Battle | Saber Marionette J | Flying Witch | Dirty Pair,101
strong_personalization_case,Profile-level tuned product hybrid recovered a liked title that popularity did not place in the visible 12-item row.,1415640475,Fan,396,56838,"One Room, Hiatari Futsuu, Tenshi-tsuki.",7.04,24,1,3.709521532058716,56838,"One Room, Hiatari Futsuu, Tenshi-tsuki.","One Room, Hiatari Futsuu, Tenshi-tsuki. | Akuyaku Reijou Level 99: Watashi wa Ura-Boss desu ga Maou dewa Arimasen | Akujiki Reijou to Kyouketsu Koushaku | Fate/Zero 2nd Season | Tomodachi Game | Ore wa Subete wo ""Parry"" suru: Gyaku Kanchigai no Sekai Saikyou wa Boukensha ni Naritai | Ai no Utagoe wo Kikasete | Ore no Nounai Sentakushi ga, Gakuen Love Comedy wo Zenryoku de Jama Shiteiru | Kono Sekai wa Fukanzen Sugiru | Sora no Aosa wo Shiru Hito yo | Re:Creators | Summer Wars",101
strong_personalization_case,Profile-level tuned product hybrid recovered a liked title that popularity did not place in the visible 12-item row.,1416153317,Beginner,17,34973,Love Live! Sunshine!! 2nd Season,7.59,13,1,3.954756259918213,34973,Love Live! Sunshine!! 2nd Season,Love Live! Sunshine!! 2nd Season | K-On! Movie | The iDOLM@STER Cinderella Girls 2nd Season | Clannad: After Story | Boku wa Tomodachi ga Sukunai | High School DxD New | Harukana Receive | Non Non Biyori: Okinawa e Ikukoto ni Natta | Nekopara | Fruits Basket | Hagure Yuusha no Aesthetica | Inazuma Eleven,101
strong_personalization_case,Profile-level tuned product hybrid recovered a liked title that popularity did not place in the visible 12-item row.,1417575730,Beginner,49,31680,Super Lovers,6.67,25,1,3.390233278274536,31680,Super Lovers,Super Lovers | Kono Subarashii Sekai ni Shukufuku wo! | Sword Art Online Movie: Ordinal Scale | Yuru Yuri | Imawa no Kuni no Alice | Ore no Imouto ga Konnani Kawaii Wake ga Nai. | Hoshiai no Sora | Domestic na Kanojo | Yowamushi Pedal | Tennis no Oujisama | Yuru Camp△ | C: The Money of Soul and Possibility Control,101
strong_personalization_case,Profile-level tuned product hybrid recovered a liked title that popularity did not place in the visible 12-item row.,2093543328,Casual,73,34096,Gintama.,8.98,13,1,3.952822208404541,34096,Gintama.,Gintama. | Sakamoto Days | Kaguya-sama wa Kokurasetai? Tensai-tachi no Renai Zunousen | Youkoso Jitsuryoku Shijou Shugi no Kyoushitsu e 2nd Season | Isekai Ojisan | The First Slam Dunk | Overlord III | Berserk 2nd Season | Youkoso Jitsuryoku Shijou Shugi no Kyoushitsu e 3rd Season | Tu Bian Yingxiong X | Tomodachi Game | Majo no Tabitabi,101
strong_personalization_case,Profile-level tuned product hybrid recovered a liked title that popularity did not place in the visible 12-item row.,2094912722,Casual,107,49980,Sugar Apple Fairy Tale,7.49,14,1,2.4421679973602295,49980,Sugar Apple Fairy Tale,Sugar Apple Fairy Tale | Bakuten!! Movie | Kono Sekai no Katasumi ni | Shokugeki no Souma | Kaizoku Oujo | Poputepipikku | One Piece Movie 05: Norowareta Seiken | Watashi no Shiawase na Kekkon: Watashi no Shiawase na Katachi | Stand By Me Doraemon | Burn the Witch | Ao Haru Ride OVA | 3-gatsu no Lion 2nd Season,101
strong_personalization_case,Profile-level tuned product hybrid recovered a liked title that popularity did not place in the visible 12-item row.,2096599444,Casual,104,40752,Bishounen Tanteidan,7.06,18,1,2.963667631149292,40752,Bishounen Tanteidan,Bishounen Tanteidan | Vivy: Fluorite Eye's Song | Kizumonogatari II: Nekketsu-hen | Nichijou: Original Jikai Yokoku | Kanon Kazahana | Bakuman. 2nd Season | Yojouhan Shinwa Taikei | Chuubyou Gekihatsu Boy | Otaku no Video | Aru Nihon no Ekaki Shounen | Goku Sayonara Zetsubou Sensei | Hayate no Gotoku!,101
strong_personalization_case,Profile-level tuned product hybrid recovered a liked title that popularity did not place in the visible 12-item row.,2097936018,Fan,150,31338,Hundred,6.3,15,1,3.6241753101348877,31338,Hundred,"Hundred | Shiguang Dailiren | 86 | Domestic na Kanojo | Look Back | Uchiage Hanabi, Shita kara Miru ka? Yoko kara Miru ka? | Nisemonogatari | Yahari Ore no Seishun Love Comedy wa Machigatteiru. Kan | Sakasama no Patema | Tenshi no Tamago | Tokidoki Bosotto Russia-go de Dereru Tonari no Alya-san | Free! Eternal Summer",101
strong_personalization_case,Profile-level tuned product hybrid recovered a liked title that popularity did not place in the visible 12-item row.,761910604,Beginner,19,156,X,7.39,30,1,3.333155393600464,156,X,X | Dragon Ball Z Movie 01: Ora no Gohan wo Kaese!! | Danganronpa 3: The End of Kibougamine Gakuen - Mirai-hen | JoJo no Kimyou na Bouken Part 3: Stardust Crusaders | Aa! Megami-sama! Movie | One Piece: Mezase! Kaizoku Yakyuu Ou | Violet Evergarden | World Trigger 2nd Season | Shingetsutan Tsukihime | Sentou Yousei Yukikaze | Onikirimaru | Nobunaga the Fool,101
strong_personalization_case,Profile-level tuned product hybrid recovered a liked title that popularity did not place in the visible 12-item row.,763654827,Casual,86,1601,Red Garden,7.04,44,1,2.011059284210205,1601,Red Garden,Red Garden | Rurouni Kenshin: Meiji Kenkaku Romantan | Boku dake ga Inai Machi | Tokkou | Tsuritama | Aru Tabibito no Nikki | Darker than Black: Kuro no Keiyakusha Gaiden | Macross: Do You Remember Love? | Kami no Tou | Kusuriya no Hitorigoto | Kaze no Youjinbou | Caligula,101
strong_personalization_case,Profile-level tuned product hybrid recovered a liked title that popularity did not place in the visible 12-item row.,1389930489,Fan,160,904,Dragon Ball Z Movie 11: Super Senshi Gekiha!! Katsu no wa Ore da,5.75,19,1,2.542799472808838,904,Dragon Ball Z Movie 11: Super Senshi Gekiha!! Katsu no wa Ore da,Dragon Ball Z Movie 11: Super Senshi Gekiha!! Katsu no wa Ore da | Konjiki no Gash Bell!! | Kingdom | Lupin III: Bye Bye Liberty - Kiki Ippatsu! | Armitage III: Poly-Matrix | Ame wo Tsugeru Hyouryuu Danchi | Hajime no Ippo: Boxer no Kobushi | Ginga Eiyuu Densetsu: Arata naru Tatakai no Overture | Magi: The Labyrinth of Magic | Urusei Yatsura Movie 4: Lum The Forever | Omae Umasou da na | Bubblegum Crash,101
strong_personalization_case,Profile-level tuned product hybrid recovered a liked title that popularity did not place in the visible 12-item row.,1393047439,Beginner,39,43814,Deatte 5-byou de Battle,6.74,14,1,2.7796738147735596,43814,Deatte 5-byou de Battle,Deatte 5-byou de Battle | Masamune-kun no Revenge | Kimi no Koto ga Daidaidaidaidaisuki na 100-nin no Kanojo | Naruto: Shippuuden | K-On! Movie | Kimetsu no Yaiba: Mugen Ressha-hen | Fate/stay night | Cross Ange: Tenshi to Ryuu no Rondo | Baccano! Specials | Bungou Stray Dogs 2nd Season | Sugar Apple Fairy Tale | Shuumatsu no Izetta,101
strong_personalization_case,Profile-level tuned product hybrid recovered a liked title that popularity did not place in the visible 12-item row.,2144203694,Casual,63,461,One Piece Movie 03: Chinjuu-jima no Chopper Oukoku,6.82,25,1,3.1597142219543457,461,One Piece Movie 03: Chinjuu-jima no Chopper Oukoku,One Piece Movie 03: Chinjuu-jima no Chopper Oukoku | Fairy Tail Movie 1: Houou no Miko | Kaze no Tani no Nausicaä | Kami no Tou | Tokyo Ghoul √A | Devil May Cry | Code Geass: Hangyaku no Lelouch - Nunnally in Wonderland | Kino no Tabi: The Beautiful World | Munou na Nana | Dark Gathering | Shingeki no Kyojin: Kuinaki Sentaku | Full Metal Panic! The Second Raid,101
strong_personalization_case,Profile-level tuned product hybrid recovered a liked title that popularity did not place in the visible 12-item row.,2130504645,Casual,104,39166,Girls & Panzer: Saishuushou Part 3,8.19,43,1,2.2730295658111572,39166,Girls & Panzer: Saishuushou Part 3,Girls & Panzer: Saishuushou Part 3 | Sewayaki Kitsune no Senko-san | Chuunibyou demo Koi ga Shitai! Ren | Brave Witches | Yuru Camp△ Specials | Senki Zesshou Symphogear | The iDOLM@STER Cinderella Girls | Yahari Ore no Seishun Love Comedy wa Machigatteiru. Zoku | Kimetsu no Yaiba Movie: Mugen Ressha-hen | Denpa Kyoushi | Fate/Zero | Uma Musume: Pretty Derby - Shin Jidai no Tobira,101
strong_personalization_case,Profile-level tuned product hybrid recovered a liked title that popularity did not place in the visible 12-item row.,2115164597,Fan,379,58131,Shiunji-ke no Kodomotachi,7.05,17,1,3.6107847690582275,58131,Shiunji-ke no Kodomotachi,"Shiunji-ke no Kodomotachi | Katainaka no Ossan, Kensei ni Naru | Kikansha no Mahou wa Tokubetsu desu | Kaguya-sama wa Kokurasetai? Tensai-tachi no Renai Zunousen OVA | Danshi Koukousei no Nichijou | Synduality: Noir | Dungeon no Naka no Hito | Hal | Renai Boukun | Boku no Hero Academia the Movie 1: Futari no Hero | True Tears | Ao no Exorcist",101
strong_personalization_case,Profile-level tuned product hybrid recovered a liked title that popularity did not place in the visible 12-item row.,2119736879,Fan,420,19685,Kanojo ga Flag wo Oraretara,6.36,13,1,3.524597644805908,19685,Kanojo ga Flag wo Oraretara,Kanojo ga Flag wo Oraretara | Ano Natsu de Matteru | Gleipnir | Gyakkyou Burai Kaiji: Ultimate Survivor | Grand Blue Season 2 | Ichiban Ushiro no Daimaou Specials | Manaria Friends | Major S6 | Panty & Stocking with Garterbelt | Gintama: Dai Hanseikai | Jijou wo Shiranai Tenkousei ga Guigui Kuru. | Gundam Build Fighters,101
hybrid_failure_vs_popularity,Popularity found the holdout but the profile-level tuned product hybrid missed the visible row.,735077911,Fan,285,232,Cardcaptor Sakura,8.19,4,13,-2.0031778812408447,3784,Evangelion Movie 2: Ha,"Evangelion Movie 2: Ha | Koi to Yobu ni wa Kimochi Warui | Orient | Re:Zero kara Hajimeru Isekai Seikatsu 2nd Season | Goodbye, Don Glees! | Pokemon: Mezase Pokemon Master | Kino no Tabi: The Beautiful World - The Animated Series | Kakegurui×× | Fangkai Nage Nuwu | Tensei Kizoku, Kantei Skill de Nariagaru | Shin Samurai-den Yaiba | Jitsu wa Ore, Saikyou deshita?",101
hybrid_failure_vs_popularity,Popularity found the holdout but the profile-level tuned product hybrid missed the visible row.,741574410,Fan,433,2236,Toki wo Kakeru Shoujo,8.09,4,13,-0.9326267838478088,35968,Wotaku ni Koi wa Muzukashii,"Wotaku ni Koi wa Muzukashii | Pokemon: Mewtwo - Kakusei e no Prologue | Hellsing | Ore no Imouto ga Konnani Kawaii Wake ga Nai | Mahou Shoujo Madoka★Magica Movie 2: Eien no Monogatari | Sirius | Bishoujo Senshi Sailor Moon | Miira no Kaikata | Cider no You ni Kotoba ga Wakiagaru | Robot Girls Z | Pokemon Fushigi no Dungeon: Toki no Tankentai, Yami no Tankentai | Shirobako",101
hybrid_failure_vs_popularity,Popularity found the holdout but the profile-level tuned product hybrid missed the visible row.,859825151,Fan,499,49818,Guimi Zhi Zhu: Xiaochou Pian,8.61,10,13,-1.1230980157852173,18397,Shingeki no Kyojin OVA,Shingeki no Kyojin OVA | Nisekoi | Tongari Boushi no Atelier | Ameku Takao no Suiri Karte | Chuunibyou demo Koi ga Shitai! | Jiisan Baasan Wakagaeru | Chuunibyou demo Koi ga Shitai! Movie: Take On Me | Urasekai Picnic | Uma Musume: Cinderella Gray Part 2 | Canaan | Awajima Hyakkei | Beck,101
hybrid_failure_vs_popularity,Popularity found the holdout but the profile-level tuned product hybrid missed the visible row.,1112118717,Beginner,14,16870,The Last: Naruto the Movie,7.8,5,13,-2.673619270324707,9253,Steins;Gate,Steins;Gate | 3-gatsu no Lion | Angel Beats! | Kuroshitsuji: Kishuku Gakkou-hen | Steins;Gate Movie: Fuka Ryouiki no Déjà vu | Higurashi no Naku Koro ni Kai | World Trigger 2nd Season | Kaguya-sama wa Kokurasetai? Tensai-tachi no Renai Zunousen OVA | Nanatsu no Taizai: Funnu no Shinpan | Kuroshitsuji | Baki | Yokohama Kaidashi Kikou,101
hybrid_failure_vs_popularity,Popularity found the holdout but the profile-level tuned product hybrid missed the visible row.,1762609588,Fan,283,49618,Shuumatsu no Walküre II,7.49,9,13,-1.208254337310791,55813,Mashle: Shinkakusha Kouho Senbatsu Shiken-hen,"Mashle: Shinkakusha Kouho Senbatsu Shiken-hen | Tokyo Revengers: Seiya Kessen-hen | Grappler Baki (TV) | Boku no Hero Academia 7th Season | Inazuma Eleven | Lupin III | Deadman Wonderland | Dragon Ball Z Movie 09: Ginga Girigiri!! Bucchigiri no Sugoi Yatsu | 5-toubun no Hanayome Movie | D-Frag! | Otonari ni Ginga | Sentouin, Haken shimasu!",101
hybrid_failure_vs_popularity,Popularity found the holdout but the profile-level tuned product hybrid missed the visible row.,1780497806,Fan,153,25159,Inou-Battle wa Nichijou-kei no Naka de,7.04,6,13,-2.601963758468628,13357,High School DxD Specials,"High School DxD Specials | Code Geass: Hangyaku no Lelouch | Tatoeba Last Dungeon Mae no Mura no Shounen ga Joban no Machi de Kurasu Youna Monogatari | Tonikaku Kawaii | Irozuku Sekai no Ashita kara | Goblin Slayer: Bouken Kiroku Youshi - Adventure Sheet | Kokoro ga Sakebitagatterunda. | Fate/Extra: Last Encore - Illustrias Tendousetsu | Samurai Champloo | High Score Girl II | Island | Elfen Lied: Tooriame nite Arui wa, Shoujo wa Ikani Shite Sono Shinjou ni Itatta ka? - Regenschauer",101
hybrid_failure_vs_popularity,Popularity found the holdout but the profile-level tuned product hybrid missed the visible row.,1758370082,Fan,493,32189,Danganronpa 3: The End of Kibougamine Gakuen - Mirai-hen,7.2,4,13,-0.8071642518043518,4382,Suzumiya Haruhi no Yuuutsu (2009),Suzumiya Haruhi no Yuuutsu (2009) | Dungeon ni Deai wo Motomeru no wa Machigatteiru Darou ka V: Houjou no Megami-hen | 3D Kanojo: Real Girl 2nd Season | Tu Bian Yingxiong X | Boku no Hero Academia the Movie 1: Futari no Hero | Prince of Stride: Alternative | Natsume Yuujinchou Go | Nekopara | Gugure! Kokkuri-san | Shiroi Suna no Aquatope | Bokura ga Ita | Urara Meirochou,101
hybrid_failure_vs_popularity,Popularity found the holdout but the profile-level tuned product hybrid missed the visible row.,1715716689,Fan,486,50410,One Piece Film: Red,7.82,7,13,-1.0778441429138184,60098,Boku no Hero Academia: Final Season,"Boku no Hero Academia: Final Season | Mushishi Zoku Shou: Odoro no Michi | Jiisan Baasan Wakagaeru | Love All Play | Shangri-La Frontier: Kusoge Hunter, Kamige ni Idoman to su 2nd Season | Onegai☆Teacher | Shingeki no Kyojin OVA | Trillion Game | JoJo no Kimyou na Bouken Part 5: Ougon no Kaze | Tokyo Ravens | Konjiki no Gash Bell!! | Casshern Sins",101
hybrid_failure_vs_popularity,Popularity found the holdout but the profile-level tuned product hybrid missed the visible row.,1602262715,Fan,164,34134,One Punch Man 2nd Season,7.52,1,13,-0.27957189083099365,46569,Jigokuraku,Jigokuraku | Lovely★Complex | High School DxD | Higurashi no Naku Koro ni Rei | Given | Chobits | Kaguya-sama wa Kokurasetai: Otona e no Kaidan | Ojou to Banken-kun | Mononoke Hime | Kimi no Hikari: Asagao to Kase-san. | Gekai Elise | Ookami-san to Shichinin no Nakama-tachi,101
hybrid_failure_vs_popularity,Popularity found the holdout but the profile-level tuned product hybrid missed the visible row.,1686030329,Veteran,1165,8247,Bleach Movie 4: Jigoku-hen,7.62,8,13,-0.4112192392349243,40620,Uramichi Oniisan,Uramichi Oniisan | Marriagetoxin | Yagate Kimi ni Naru | Towa no Quon 2: Konton no Ranbu | Rokudou no Onna-tachi | Gunslinger Girl | Akkun to Kanojo | Domestic na Kanojo | Afro Samurai | .hack//Sign | Yu☆Gi☆Oh! Duel Monsters | R.O.D: The TV,101
hybrid_failure_vs_popularity,Popularity found the holdout but the profile-level tuned product hybrid missed the visible row.,1568349204,Veteran,1092,37972,Hoshiai no Sora,7.6,9,13,-0.8049653172492981,52211,Mashle,"Mashle | Hikaru ga Shinda Natsu | Aura: Maryuuin Kouga Saigo no Tatakai | Kuusen Madoushi Kouhosei no Kyoukan: Lecty no, Ikimonogatari | Densetsu no Yuusha no Densetsu | Usagi Drop Specials | Shingeki no Kyojin Picture Drama | Keijo!!!!!!!! | Nogizaka Haruka no Himitsu | Rakuen Tsuihou | Sekirei: Pure Engagement Episode 0 | Aishen Qiaokeli-ing...II",101
hybrid_failure_vs_popularity,Popularity found the holdout but the profile-level tuned product hybrid missed the visible row.,1557135303,Casual,97,34902,Tsurezure Children,7.53,1,13,-0.8604521155357361,33051,Kidou Senshi Gundam: Tekketsu no Orphans 2nd Season,Kidou Senshi Gundam: Tekketsu no Orphans 2nd Season | Subete ga F ni Naru | World Trigger 2nd Season | Mousou Dairinin | Grisaia no Kajitsu | Rurouni Kenshin: Meiji Kenkaku Romantan (2023) | Red Garden | Area 88 (TV) | Zombie-Loan | Soukyuu no Fafner: Dead Aggressor - Exodus | Seikai no Monshou | High School DxD Specials,101
hybrid_failure_vs_popularity,Popularity found the holdout but the profile-level tuned product hybrid missed the visible row.,1393651892,Veteran,751,58426,Shikanoko Nokonoko Koshitantan,6.94,5,13,-0.665364682674408,58939,Sakamoto Days,Sakamoto Days | Yuusha-kei ni Shosu: Choubatsu Yuusha 9004-tai Keimu Kiroku | Toradora!: SOS! Kuishinbou Banbanzai | Blue Dragon | Fate/Zero: Onegai! Einzbern Soudanshitsu | Days | Kaze no Tani no Nausicaä | Orange: Mirai | Yu☆Gi☆Oh! Zexal | Mahouka Koukou no Yuutousei | Banana Fish | Akkun to Kanojo,101
hybrid_failure_vs_popularity,Popularity found the holdout but the profile-level tuned product hybrid missed the visible row.,1449490792,Fan,176,51916,Dekiru Neko wa Kyou mo Yuuutsu,7.63,10,13,-2.2473337650299072,513,Tenkuu no Shiro Laputa,Tenkuu no Shiro Laputa | Monogatari Series: Second Season | Gnosia | Jujutsu Kaisen Movie: Shibuya Jihen Tokubetsu Henshuu-ban x Shimetsu Kaiyuu Senkou Jouei | Mashle: Shinkakusha Kouho Senbatsu Shiken-hen | Ponkotsu Fuuki Iin to Skirt-take ga Futekisetsu na JK no Hanashi | Deji Meets Girl | Subarashiki Kono Sekai The Animation | Shingeki no Kyojin Picture Drama | Jiisan Baasan Wakagaeru | Obey Me! | Shimoneta to Iu Gainen ga Sonzai Shinai Taikutsu na Sekai,101
hybrid_failure_vs_popularity,Popularity found the holdout but the profile-level tuned product hybrid missed the visible row.,1466511518,Fan,217,1117,Pokemon Movie 02: Maboroshi no Pokemon Lugia Bakutan,7.36,10,13,-1.0990111827850342,28223,Death Parade,"Death Parade | JoJo no Kimyou na Bouken Part 4: Diamond wa Kudakenai | Re:Creators | Fate/strange Fake | Yesterday wo Utatte | Ore ga Ojousama Gakkou ni ""Shomin Sample"" Toshite Gets♥Sareta Ken | Paniponi Dash! | Burn the Witch | Sore ga Seiyuu! | Top wo Nerae 2! Diebuster | Kaze Tachinu | Mofa Gongzhu de Xiao Fannao",101
hybrid_failure_vs_popularity,Popularity found the holdout but the profile-level tuned product hybrid missed the visible row.,1345674248,Beginner,47,33489,Little Witch Academia (TV),7.81,4,13,-1.6549534797668457,39547,Yahari Ore no Seishun Love Comedy wa Machigatteiru. Kan,Yahari Ore no Seishun Love Comedy wa Machigatteiru. Kan | Special A | Banana Fish | Denpa-teki na Kanojo | Hellsing Ultimate | Tonari no Seki-kun | Demi-chan wa Kataritai | Cross Ange: Tenshi to Ryuu no Rondo | Inu to Hasami wa Tsukaiyou | Kizumonogatari III: Reiketsu-hen | Shinigami Bocchan to Kuro Maid | K-On! Movie,101
hybrid_failure_vs_popularity,Popularity found the holdout but the profile-level tuned product hybrid missed the visible row.,1669892736,Beginner,44,37987,Violet Evergarden Movie,8.83,3,13,-2.5511395931243896,11061,Hunter x Hunter (2011),Hunter x Hunter (2011) | Sen to Chihiro no Kamikakushi | Nejimaki Seirei Senki: Tenkyou no Alderamin | Shibou Yuugi de Meshi wo Kuu. | Kuro no Shoukanshi | Dungeon ni Deai wo Motomeru no wa Machigatteiru Darou ka IV: Shin Shou - Yakusai-hen | Kyuukyoku Shinka shita Full Dive RPG ga Genjitsu yori mo Kusoge Dattara | Itou Junji: Collection | Amaama to Inazuma | Ousama Game The Animation | Uramichi Oniisan | Tsumiki no Ie,101
hybrid_failure_vs_popularity,Popularity found the holdout but the profile-level tuned product hybrid missed the visible row.,1805031154,Fan,494,2787,Shakugan no Shana II (Second),7.54,9,13,-1.4155865907669067,29803,Overlord,Overlord | Yagate Kimi ni Naru | Log Horizon | Yoru wa Mijikashi Arukeyo Otome | Steel Ball Run: JoJo no Kimyou na Bouken | Durarara!! | Non Non Biyori Movie: Vacation | Wind Breaker Season 2 | SSSS.Dynazenon | Houkago Shounen Hanako-kun | Michiko to Hatchin | Free! Eternal Summer,101
hybrid_failure_vs_popularity,Popularity found the holdout but the profile-level tuned product hybrid missed the visible row.,1998175900,Beginner,13,9379,Denpa Onna to Seishun Otoko,7.11,9,13,-0.8768505454063416,15197,Code Geass: Boukoku no Akito 2 - Hikisakareshi Yokuryuu,Code Geass: Boukoku no Akito 2 - Hikisakareshi Yokuryuu | Code Geass: Hangyaku no Lelouch II - Handou | Gosick | Arakawa Under the Bridge | Zetman | Sidonia no Kishi | JoJo no Kimyou na Bouken Part 3: Stardust Crusaders | Mononoke Hime | High School DxD BorN | Shijou Saikyou no Deshi Kenichi | Strike the Blood | Golden Kamuy,101
hybrid_failure_vs_popularity,Popularity found the holdout but the profile-level tuned product hybrid missed the visible row.,1954898828,Fan,364,39783,5-toubun no Hanayome ∬,8.0,2,13,-1.555620789527893,32281,Kimi no Na wa.,"Kimi no Na wa. | Suisei no Gargantia | Orange | 100-man no Inochi no Ue ni Ore wa Tatteiru | Vanitas no Karte Part 2 | Pokemon | Kyuuketsuki Sugu Shinu | Tensei shitara Dainana Ouji Datta node, Kimama ni Majutsu wo Kiwamemasu | Ashita no Joe 2 | Working!!! | Shiki Specials | Sasaki to Pii-chan",101
hybrid_failure_vs_popularity,Popularity found the holdout but the profile-level tuned product hybrid missed the visible row.,1931122361,Veteran,774,6811,InuYasha: Kanketsu-hen,8.2,7,13,-0.19450028240680695,33,Kenpuu Denki Berserk,Kenpuu Denki Berserk | Rakuen Tsuihou | Shinsekai yori | Knight's & Magic | Plunderer | Kimi ga Nozomu Eien | Special A | Class no Daikirai na Joshi to Kekkon suru Koto ni Natta. | Dorohedoro | Super Crooks | Unnamed Memory | Goblin Slayer: Goblin's Crown,101
hybrid_failure_vs_popularity,Popularity found the holdout but the profile-level tuned product hybrid missed the visible row.,1938515849,Fan,210,12467,Nazo no Kanojo X,7.22,8,13,-1.4961124658584595,6347,Baka to Test to Shoukanjuu,Baka to Test to Shoukanjuu | Blood Lad | Shinigami Bocchan to Kuro Maid | Boukensha ni Naritai to Miyako ni Deteitta Musume ga S-Rank ni Natteta | Kakegurui×× | One Punch Man 3 | Gorilla no Kami kara Kago sareta Reijou wa Ouritsu Kishidan de Kawaigarareru | Kaiba | To LOVE-Ru Darkness 2nd Specials | Maomao no Hitorigoto | Tonikaku Kawaii 2nd Season | Yuanshen: Jinzhong Ge,101
hybrid_failure_vs_popularity,Popularity found the holdout but the profile-level tuned product hybrid missed the visible row.,1915980511,Casual,99,36793,3D Kanojo: Real Girl,6.86,10,13,-1.8400664329528809,51680,Cool Doji Danshi,Cool Doji Danshi | Gakuen Babysitters | Sugar Apple Fairy Tale | Yuri!!! on Ice: Yuri Plisetsky GPF in Barcelona EX - Welcome to The Madness | Psycho-Pass | Sabikui Bisco | MM! | Kaijuu 8-gou 2nd Season | Seijo no Maryoku wa Bannou desu | Hige wo Soru. Soshite Joshikousei wo Hirou. | Tasogare Otome x Amnesia | Sora no Aosa wo Shiru Hito yo,101
hybrid_failure_vs_popularity,Popularity found the holdout but the profile-level tuned product hybrid missed the visible row.,2132005292,Beginner,20,37517,Happy Sugar Life,6.75,5,13,-0.3545527160167694,49220,Isekai Ojisan,Isekai Ojisan | Karin | Saigo ni Hitotsu dake Onegai shitemo Yoroshii deshou ka | Wu Liuqi: Xuanwu Guo Pian | Last Exile | Aru Majo ga Shinu Made | Alien 9 | Fugou Keiji: Balance:Unlimited | RideBack | Tsugumomo | Urahara | Love Hina,101
hybrid_failure_vs_popularity,Popularity found the holdout but the profile-level tuned product hybrid missed the visible row.,2138365855,Casual,72,8675,Seitokai Yakuindomo,7.54,6,13,-2.5558619499206543,369,Boogiepop wa Warawanai,"Boogiepop wa Warawanai | Mahou Shoujo Madoka★Magica Movie 3: Hangyaku no Monogatari | Great Pretender | Hotarubi no Mori e | Shigurui | Clannad: After Story - Mou Hitotsu no Sekai, Kyou-hen | Fruits Basket | [Oshi no Ko] 2nd Season | Watashi ga Motenai no wa Dou Kangaetemo Omaera ga Warui! | Gantz | Ryuuou no Oshigoto! | Kaifuku Jutsushi no Yarinaoshi",101
hybrid_failure_vs_popularity,Popularity found the holdout but the profile-level tuned product hybrid missed the visible row.,2045084137,Veteran,689,25397,Absolute Duo,6.41,4,13,-0.7336267232894897,59,Chobits,Chobits | Kamisama Dolls | Aoki Hagane no Arpeggio: Ars Nova | Yomigaeru Sora: Rescue Wings | Tokyo ESP | Zoku Natsume Yuujinchou | MÄR | Mahouka Koukou no Rettousei Movie: Hoshi wo Yobu Shoujo | Soukyuu no Fafner: Dead Aggressor - Heaven and Earth | Nishi no Yoki Majo: Astraea Testament | Kiznaiver | Armitage III: Dual-Matrix,101
hybrid_failure_vs_popularity,Popularity found the holdout but the profile-level tuned product hybrid missed the visible row.,1919520565,Beginner,18,59062,Gachiakuta,8.21,7,13,-2.3269360065460205,42897,Horimiya,Horimiya | Koutetsujou no Kabaneri | Goblin Slayer | Zom 100: Zombie ni Naru made ni Shitai 100 no Koto | Great Teacher Onizuka | Ginga Eiyuu Densetsu | Sword Art Online Movie: Ordinal Scale | Meitantei Conan | Kanata no Astra | Shirobako | Rosario to Vampire | Sakamoto Days Part 2,101
hybrid_failure_vs_popularity,Popularity found the holdout but the profile-level tuned product hybrid missed the visible row.,1473782317,Beginner,49,16918,Gin no Saji,8.09,9,14,-1.2617017030715942,54112,Zom 100: Zombie ni Naru made ni Shitai 100 no Koto,"Zom 100: Zombie ni Naru made ni Shitai 100 no Koto | Kobayashi-san Chi no Maid Dragon: Valentine, Soshite Onsen! - Amari Kitai Shinaide Kudasai | New Game! | Fukumenkei Noise | Demi-chan wa Kataritai | Love Hina | Urusei Yatsura (2022) | Seitokai Yakuindomo* | Sono Bisque Doll wa Koi wo Suru Season 2 | Gantz | Made in Abyss Movie 2: Hourou Suru Tasogare | Nekomonogatari: Kuro",101
hybrid_failure_vs_popularity,Popularity found the holdout but the profile-level tuned product hybrid missed the visible row.,805379809,Fan,187,53050,"Kanojo, Okarishimasu 3rd Season",6.91,7,14,-2.3052778244018555,28825,Himouto! Umaru-chan,Himouto! Umaru-chan | ReLIFE | Kawaikereba Hentai demo Suki ni Natte Kuremasu ka? | WWW.Working!! | Shinryaku! Ika Musume | Sonny Boy | Kamisama no Memochou | Knight's & Magic | Tonari no Kaibutsu-kun | Grancrest Senki | Ookami to Koushinryou II: Ookami to Kohakuiro no Yuuutsu | Migi to Dali,101
hybrid_failure_vs_popularity,Popularity found the holdout but the profile-level tuned product hybrid missed the visible row.,807897640,Fan,158,10029,Coquelicot-zaka kara,7.78,6,14,-1.6429762840270996,14227,Tonari no Kaibutsu-kun,"Tonari no Kaibutsu-kun | Kiseijuu: Sei no Kakuritsu | C³ | Code Geass: Boukoku no Akito 1 - Yokuryuu wa Maiorita | Majo no Takkyuubin | Honzuki no Gekokujou: Shisho ni Naru Tame ni wa Shudan wo Erandeiraremasen 2nd Season | Brothers Conflict | .hack//Sign | Doukyonin wa Hiza, Tokidoki, Atama no Ue. | Gakuen Alice | Yume-iro Pâtissière | Reikenzan: Hoshikuzu-tachi no Utage",101
hybrid_failure_vs_popularity,Popularity found the holdout but the profile-level tuned product hybrid missed the visible row.,927571173,Fan,278,430,Fullmetal Alchemist: The Conqueror of Shamballa,7.5,3,14,-1.9950679540634155,34881,Aho Girl,"Aho Girl | Oshiete! Galko-chan | Asu no Yoichi! | Servant x Service | Watashi ga Motenai no wa Dou Kangaetemo Omaera ga Warui!: Motenaishi, Nazomeite Miru | Bleach Movie 3: Fade to Black - Kimi no Na wo Yobu | Deadman Wonderland: Akai Knife Tsukai | Hakuouki | One Piece Movie 08: Episode of Alabasta - Sabaku no Oujo to Kaizoku-tachi | Mini Dragon | Gunslinger Girl | Kiniro no Corda: Primo Passo",101
hybrid_failure_vs_popularity,Popularity found the holdout but the profile-level tuned product hybrid missed the visible row.,1592554179,Veteran,532,13055,Sankarea OVA,7.19,8,14,-2.0035812854766846,5114,Fullmetal Alchemist: Brotherhood,Fullmetal Alchemist: Brotherhood | Black Clover: Mahou Tei no Ken | Diamond no Ace: Second Season | Texhnolyze | Urusei Yatsura | Net-juu no Susume | Sora no Aosa wo Shiru Hito yo | Kono Bijutsu-bu ni wa Mondai ga Aru! | Munou na Nana | Re:Zero kara Hajimeru Isekai Seikatsu - Memory Snow | Asagao to Kase-san. | One Punch Man: Road to Hero,101
hybrid_failure_vs_popularity,Popularity found the holdout but the profile-level tuned product hybrid missed the visible row.,1677793318,Fan,274,1943,Paprika,8.05,4,14,-2.5254859924316406,55791,[Oshi no Ko] 2nd Season,[Oshi no Ko] 2nd Season | Uma Musume: Pretty Derby | Nageki no Bourei wa Intai shitai Part 2 | The New Gate | Trapezium | Raise wa Tanin ga Ii | School Days | Burn the Witch #0.8 | Re:Zero kara Hajimeru Isekai Seikatsu 2nd Season Part 2 | Tomodachi no Imouto ga Ore ni dake Uzai | Re:Zero kara Hajimeru Isekai Seikatsu 2nd Season | Gleipnir,101
hybrid_failure_vs_popularity,Popularity found the holdout but the profile-level tuned product hybrid missed the visible row.,1882498291,Fan,424,376,"Elfen Lied: Tooriame nite Arui wa, Shoujo wa Ikani Shite Sono Shinjou ni Itatta ka? - Regenschauer",7.12,10,14,-1.1720807552337646,39551,Tensei shitara Slime Datta Ken 2nd Season,Tensei shitara Slime Datta Ken 2nd Season | Fugou Keiji: Balance:Unlimited | Nerawareta Gakuen | Gleipnir | Kagewani | Harmonie | Kishuku Gakkou no Juliet | Aho Girl | HaruChika: Haruta to Chika wa Seishun suru | Groove Adventure Rave | Sengoku Night Blood | Nekojiru-sou,101
hybrid_failure_vs_popularity,Popularity found the holdout but the profile-level tuned product hybrid missed the visible row.,1830456604,Casual,65,1195,Zero no Tsukaima,7.2,4,14,-1.707997441291809,33047,Fate/Extra: Last Encore,Fate/Extra: Last Encore | Magi: The Labyrinth of Magic | Lupin III | Toradora! | Himouto! Umaru-chan | Saenai Heroine no Sodatekata ♭ | Katanagatari | Dungeon Meshi | Dragon Ball Z Movie 01: Ora no Gohan wo Kaese!! | Kamisama no Memochou | Shingeki no Kyojin: Ano Hi Kara | Eromanga-sensei,101
hybrid_failure_vs_popularity,Popularity found the holdout but the profile-level tuned product hybrid missed the visible row.,1603702623,Veteran,610,25879,Working!!!,7.94,10,14,-1.3537588119506836,9989,Ano Hi Mita Hana no Namae wo Bokutachi wa Mada Shiranai.,Ano Hi Mita Hana no Namae wo Bokutachi wa Mada Shiranai. | Muv-Luv Alternative: Total Eclipse | Prince of Stride: Alternative | Ookami-san to Shichinin no Nakama-tachi | Haikyuu!! Riku vs. Kuu | Kami nomi zo Shiru Sekai II | Yuru Camp△ | Strike the Blood: Valkyria no Oukoku-hen | Noragami OVA | Boushoku no Berserk | Nisemonogatari | Azur Lane: Bisoku Zenshin!,101
hybrid_failure_vs_popularity,Popularity found the holdout but the profile-level tuned product hybrid missed the visible row.,1926535704,Veteran,807,30347,Nanatsu no Taizai OVA,7.47,5,14,-1.1308605670928955,60371,Seihantai na Kimi to Boku,Seihantai na Kimi to Boku | Pluto | Fumetsu no Anata e | Kingdom | Gridman Universe | Pokemon Diamond & Pearl | BanG Dream! Ave Mujica | Oroka na Tenshi wa Akuma to Odoru | Game Center Shoujo to Ibunka Kouryuu | Kaginado Season 2 | Under Ninja | Ponkotsu Fuuki Iin to Skirt-take ga Futekisetsu na JK no Hanashi,101
hybrid_failure_vs_popularity,Popularity found the holdout but the profile-level tuned product hybrid missed the visible row.,1908708463,Beginner,13,22877,Seireitsukai no Blade Dance,6.65,11,14,-2.0261290073394775,35466,ReLIFE: Kanketsu-hen,ReLIFE: Kanketsu-hen | Kimetsu no Yaiba: Mugen Ressha-hen | Claymore | Naruto Movie 3: Dai Koufun! Mikazuki-jima no Animal Panic Dattebayo! | Overlord | Trinity Blood | Pokemon Movie 01: Mewtwo no Gyakushuu | Hataraku Saibou Black | Saihate no Paladin | Fate/Grand Order: Moonlight/Lostroom | Vandread | Seikimatsu Occult Gakuin,101
hybrid_failure_vs_popularity,Popularity found the holdout but the profile-level tuned product hybrid missed the visible row.,2024513689,Fan,228,34591,Natsume Yuujinchou Roku,8.61,12,14,-1.255774974822998,34798,Yuru Camp△,Yuru Camp△ | Tsurezure Children | Jigoku Shoujo Futakomori | Ao Haru Ride | Dennou Coil | Level E | Blood-C: The Last Dark | Koi wa Ameagari no You ni | Hikaru no Go | Yamada-kun to Lv999 no Koi wo Suru | Angel Beats! Another Epilogue | Kakumeiki Valvrave,101
hybrid_failure_vs_popularity,Popularity found the holdout but the profile-level tuned product hybrid missed the visible row.,739001516,Beginner,35,40902,Shokugeki no Souma: Gou no Sara,7.31,5,14,-1.7613617181777954,30296,Rakudai Kishi no Cavalry,Rakudai Kishi no Cavalry | Fullmetal Alchemist | Dr. Stone: Stone Wars | Wu Liuqi: Zui Qiang Fa Xing Shi | Heion Sedai no Idaten-tachi | Samurai Champloo | Kinsou no Vermeil: Gakeppuchi Majutsushi wa Saikyou no Yakusai to Mahou Sekai wo Tsukisusumu | Cider no You ni Kotoba ga Wakiagaru | Busou Shoujo Machiavellianism | Tensei shitara Slime Datta Ken: Kanwa - Hinata Sakaguchi | Inferno Cop | Pokemon Movie 21: Minna no Monogatari,101
hybrid_failure_vs_popularity,Popularity found the holdout but the profile-level tuned product hybrid missed the visible row.,1223762265,Veteran,587,1132,Digimon Frontier,7.18,10,14,-1.93303644657135,41899,Ore dake Haireru Kakushi Dungeon,Ore dake Haireru Kakushi Dungeon | Atri: My Dear Moments | Nanatsu no Taizai: Kamigami no Gekirin | Aru Majo ga Shinu Made | Synduality: Noir | Yuu☆Yuu☆Hakusho | Akkun to Kanojo | Sakura Trick | JoJo no Kimyou na Bouken (TV) | Suzuka | Ao no Orchestra | Sacred Seven,101
hybrid_failure_vs_popularity,Popularity found the holdout but the profile-level tuned product hybrid missed the visible row.,1220250319,Beginner,46,21647,Tamako Love Story,7.91,5,14,-2.195629596710205,28223,Death Parade,"Death Parade | Hikaru ga Shinda Natsu | Magia Record: Mahou Shoujo Madoka☆Magica Gaiden | Koori Zokusei Danshi to Cool na Douryou Joshi | Hataraku Saibou | Daimajuu Gekitou: Hagane no Oni | Berserk | Eikoku Koi Monogatari Emma | Yami Shibai | Muchuu sa, Kimi ni. | Arifureta Shokugyou de Sekai Saikyou 2nd Season | Little Witch Academia: Mahoujikake no Parade",101
hybrid_failure_vs_popularity,Popularity found the holdout but the profile-level tuned product hybrid missed the visible row.,1147279258,Casual,110,2993,Rosario to Vampire,6.73,8,14,-1.9131163358688354,23755,Nanatsu no Taizai,Nanatsu no Taizai | Koutetsujou no Kabaneri | Mirai no Mirai | Gokushufudou | SK∞ | Kenpuu Denki Berserk | Island | Renai Boukun | Sankarea OVA | Tsuujou Kougeki ga Zentai Kougeki de Ni-kai Kougeki no Okaasan wa Suki desu ka? Namiuchigiwa no Okaasan wa Suki desu ka? | Itai no wa Iya nanode Bougyoryoku ni Kyokufuri Shitai to Omoimasu. | Toaru Majutsu no Index,101
hybrid_failure_vs_popularity,Popularity found the holdout but the profile-level tuned product hybrid missed the visible row.,1132914245,Casual,91,11771,Kuroko no Basket,8.04,1,14,-0.39737337827682495,41103,Koi to Yobu ni wa Kimochi Warui,Koi to Yobu ni wa Kimochi Warui | Azumanga Daiou The Animation | Isekai Quartet Movie: Another World | Kino no Tabi: The Beautiful World | Fullmetal Alchemist: Premium Collection | Mashle: Shinkakusha Kouho Senbatsu Shiken-hen | Kara no Kyoukai Movie 5: Mujun Rasen | Teekyuu | Super no Ura de Yani Suu Futari | Koi to Uso: Isshou no Koi/Koi no Kimochi | Monster Musume no Iru Nichijou | Princess Princess,101
hybrid_failure_vs_popularity,Popularity found the holdout but the profile-level tuned product hybrid missed the visible row.,1058336014,Fan,484,24703,High School DxD BorN,7.41,2,14,-1.407231092453003,23847,Yahari Ore no Seishun Love Comedy wa Machigatteiru. Zoku,"Yahari Ore no Seishun Love Comedy wa Machigatteiru. Zoku | Kuroshitsuji II | InuYasha: Kanketsu-hen | Gosick | Boku no Hero Academia (ONA) | Yuuki Yuuna wa Yuusha de Aru: Washio Sumi no Shou 1 - Tomodachi | Kakkou no Iinazuke | Yuuki Yuuna wa Yuusha de Aru: Dai Mankai no Shou | Jitsu wa Watashi wa | Kenka Banchou Otome: Girl Beats Boys | Ore no Nounai Sentakushi ga, Gakuen Love Comedy wo Zenryoku de Jama Shiteiru | Shakugan no Shana III (Final)",101
hybrid_failure_vs_popularity,Popularity found the holdout but the profile-level tuned product hybrid missed the visible row.,1122117487,Casual,145,853,Ouran Koukou Host Club,8.16,2,14,-2.4053568840026855,22199,Akame ga Kill!,"Akame ga Kill! | ReLIFE: Kanketsu-hen | Jitsu wa Ore, Saikyou deshita? | Nomad: Megalo Box 2 | Edens Zero | Paprika | Darker than Black: Ryuusei no Gemini | Snowball Earth | Densetsu no Yuusha no Densetsu | Owaranai Seraph | High School DxD BorN | White Album 2",101
hybrid_failure_vs_popularity,Popularity found the holdout but the profile-level tuned product hybrid missed the visible row.,997767614,Fan,459,27601,Chuunibyou demo Koi ga Shitai! Ren: The Rikka Wars,7.45,7,14,-2.230571746826172,34612,Saiki Kusuo no Ψ-nan 2,Saiki Kusuo no Ψ-nan 2 | Wonder Egg Priority | Kimi wa Houkago Insomnia | Binbougami ga! | Oushitsu Kyoushi Heine | Bokura ga Ita | Ookami Shoujo to Kuro Ouji: Gishinanki – Happening Kiss | Kaizoku Oujo | Non Non Biyori Repeat: Hotaru ga Tanoshinda | Shaman King | Eiga Daisuki Pompo-san | Higurashi no Naku Koro ni Gou,101
hybrid_failure_vs_popularity,Popularity found the holdout but the profile-level tuned product hybrid missed the visible row.,1286023480,Casual,113,249,InuYasha,7.88,6,14,-1.5235421657562256,32951,Rokudenashi Majutsu Koushi to Akashic Records,Rokudenashi Majutsu Koushi to Akashic Records | Sousou no Frieren 2nd Season | Koutetsujou no Kabaneri | Hori-san to Miyamura-kun | Yama no Susume Third Season | Ojisan to Marshmallow | Stranger: Mukou Hadan | Dungeon ni Deai wo Motomeru no wa Machigatteiru Darou ka V: Houjou no Megami-hen | Kanon | Komori-san wa Kotowarenai! | Yamato Nadeshiko Shichihenge♥ | One Piece Movie 01,101
hybrid_failure_vs_popularity,Popularity found the holdout but the profile-level tuned product hybrid missed the visible row.,1289552376,Casual,94,5341,Ookami to Koushinryou II,8.3,7,15,-1.4128395318984985,41467,Bleach: Sennen Kessen-hen,Bleach: Sennen Kessen-hen | Zankyou no Terror | Yu☆Gi☆Oh! | Watashi ga Motenai no wa Dou Kangaetemo Omaera ga Warui! | Naruto Movie 1: Dai Katsugeki!! Yuki Hime Ninpouchou Dattebayo! | Zero no Tsukaima F | Boruto: Naruto the Movie | One Piece Film: Gold | Yami Shibai | Yozakura Quartet: Tsuki ni Naku | Enen no Shouboutai | Digimon Adventure: Bokura no War Game!,101
hybrid_failure_vs_popularity,Popularity found the holdout but the profile-level tuned product hybrid missed the visible row.,1074829267,Veteran,586,32686,Keijo!!!!!!!!,6.9,3,15,-1.6597445011138916,55887,"Kekkon suru tte, Hontou desu ka","Kekkon suru tte, Hontou desu ka | Enen no Shouboutai: San no Shou Part 2 | Tamon-kun Ima Docchi!? | Leadale no Daichi nite | MM! | Tiger & Bunny | Trigun Stampede | Overlord Movie 3: Sei Oukoku-hen | Kiniro Mosaic | Kyoukai no Kanata: Shinonome | Kakuriyo no Yadomeshi | Choujin Koukousei-tachi wa Isekai demo Yoyuu de Ikinuku you desu!",101
hybrid_failure_vs_popularity,Popularity found the holdout but the profile-level tuned product hybrid missed the visible row.,985675289,Casual,131,12293,Campione! Matsurowanu Kamigami to Kamigoroshi no Maou,6.9,8,15,-1.8856688737869263,2246,Mononoke,Mononoke | Suzumiya Haruhi no Yuuutsu | Ouran Koukou Host Club | Shinmai Maou no Testament | Kidou Senshi Gundam | Tada-kun wa Koi wo Shinai | Chi. Chikyuu no Undou ni Tsuite | Clannad | Magi: The Kingdom of Magic | Shingeki no Kyojin Movie 1: Guren no Yumiya | Dogs: Bullets & Carnage | Shisha no Teikoku,101
hybrid_failure_vs_popularity,Popularity found the holdout but the profile-level tuned product hybrid missed the visible row.,1214140367,Casual,109,33506,Ao no Exorcist: Kyoto Fujouou-hen,7.34,5,15,-2.4143965244293213,30015,ReLIFE,ReLIFE | Tonikaku Kawaii | Seitokai Yakuindomo* | Koi to Senkyo to Chocolate | WWW.Working!! | Sora yori mo Tooi Basho | Grand Blue Season 2 | Kareshi Kanojo no Jijou | Grisaia no Rakuen | Sono Bisque Doll wa Koi wo Suru | Houseki no Kuni | Inu to Hasami wa Tsukaiyou,101
hybrid_failure_vs_popularity,Popularity found the holdout but the profile-level tuned product hybrid missed the visible row.,922876587,Casual,73,38753,Araburu Kisetsu no Otome-domo yo.,7.29,8,15,-1.7788429260253906,4224,Toradora!,Toradora! | Yuri!!! on Ice | Aggressive Retsuko | Hataraku Saibou | Koyomimonogatari | Dandadan 2nd Season | Bokusatsu Tenshi Dokuro-chan | Mairimashita! Iruma-kun | Oruchuban Ebichu | Yagate Kimi ni Naru | Gleipnir | Kara no Kyoukai Movie 5: Mujun Rasen,101
hybrid_failure_vs_popularity,Popularity found the holdout but the profile-level tuned product hybrid missed the visible row.,1886767421,Veteran,546,5525,07-Ghost,7.18,11,15,-0.5567086935043335,38414,Re:Zero kara Hajimeru Isekai Seikatsu - Hyouketsu no Kizuna,Re:Zero kara Hajimeru Isekai Seikatsu - Hyouketsu no Kizuna | Monster Musume no Iru Nichijou | Imawa no Kuni no Alice | Nisekoi OVA | Nisekoi: | Tensei shitara Slime Datta Ken 2nd Season: Kanwa - Veldora Nikki 2 | Fairy Tail: 100-nen Quest | Kakurenbo | JoJo no Kimyou na Bouken: Phantom Blood | Boku dake ga Inai Machi Recaps | Youjuu Toshi | Code Geass: Hangyaku no Lelouch R2 Picture Drama - Last Moratorium,101
hybrid_failure_vs_popularity,Popularity found the holdout but the profile-level tuned product hybrid missed the visible row.,1422382896,Casual,60,51553,Tongari Boushi no Atelier,8.67,9,15,-1.4362107515335083,31478,Bungou Stray Dogs,Bungou Stray Dogs | Mo Dao Zu Shi: Wanjie Pian | Baccano! | Wolf's Rain | Yahari Ore no Seishun Love Comedy wa Machigatteiru. Zoku | Mirai Nikki (TV) | Tsubasa Chronicle | IDOLiSH7 Third Beat! Part 2 | High Score Girl | Fairy Tail | Cardcaptor Sakura: Clear Card-hen | 2.43: Seiin Koukou Danshi Volley-bu,101
hybrid_failure_vs_popularity,Popularity found the holdout but the profile-level tuned product hybrid missed the visible row.,1388966279,Veteran,573,1575,Code Geass: Hangyaku no Lelouch,8.71,1,15,-1.545190691947937,22729,Aldnoah.Zero,Aldnoah.Zero | Kami no Tou | Ling Qi | Watashi ga Motete Dousunda | Ranpo Kitan: Game of Laplace | Death Note: Rewrite | Tensei shitara Slime Datta Ken 3rd Season | Mahou Shoujo Site | Gakkou no Kaidan | Mahouka Koukou no Rettousei: Tsuioku-hen | Da Yu Hai Tang (Movie) | Steins;Gate: Kyoukaimenjou no Missing Link - Divide By Zero,101
hybrid_failure_vs_popularity,Popularity found the holdout but the profile-level tuned product hybrid missed the visible row.,1755183213,Fan,452,25159,Inou-Battle wa Nichijou-kei no Naka de,7.04,4,15,-1.5152287483215332,578,Hotaru no Haka,Hotaru no Haka | Nageki no Bourei wa Intai shitai | Mononoke | Texhnolyze | Sword Art Online: Extra Edition | Boku no Kokoro no Yabai Yatsu | Darker than Black: Kuro no Keiyakusha Gaiden | Magic Maker: Isekai Mahou no Tsukurikata | Michiko to Hatchin | Hanebado! | Tu Bian Yingxiong Leaf | Bartender,101
hybrid_failure_vs_popularity,Popularity found the holdout but the profile-level tuned product hybrid missed the visible row.,1618943054,Fan,151,60285,Sakamoto Days Part 2,7.91,11,15,-1.8494967222213745,3092,Junjou Romantica,Junjou Romantica | Yuri!!! on Ice | School Days | Tsubasa: Shunraiki | .hack//Tasogare no Udewa Densetsu | Panty & Stocking with Garterbelt | Wolf's Rain OVA | Ojamajo Doremi | Akudama Drive | Taishou Otome Otogibanashi | Mamoru-kun ni Megami no Shukufuku wo! | Break Blade Movie 3: Kyoujin no Ato,101
hybrid_failure_vs_popularity,Popularity found the holdout but the profile-level tuned product hybrid missed the visible row.,1614229540,Veteran,728,21557,Omoide no Marnie,8.04,5,15,-1.074448585510254,41006,Higurashi no Naku Koro ni Gou,Higurashi no Naku Koro ni Gou | Violet Evergarden | Steins;Gate: Kyoukaimenjou no Missing Link - Divide By Zero | Rikei ga Koi ni Ochita no de Shoumei shitemita. | Akebi-chan no Sailor-fuku | Sakugan | Machikado Mazoku | Ryuugajou Nanana no Maizoukin | Shoukoku no Altair | Look Back | Koukyoushihen Eureka Seven | Full Metal Panic? Fumoffu,101
hybrid_failure_vs_popularity,Popularity found the holdout but the profile-level tuned product hybrid missed the visible row.,1613465607,Fan,312,38483,Ore wo Suki nano wa Omae dake ka yo,7.29,4,15,-0.9176854491233826,8937,Toaru Majutsu no Index II,Toaru Majutsu no Index II | Code:Breaker | Pokemon Movie 08: Mew to Hadou no Yuusha Lucario | Zoku Sayonara Zetsubou Sensei | Diamond no Ace: Second Season | Osomatsu-san | Hajime no Ippo: Boxer no Kobushi | Oniichan dakedo Ai sae Areba Kankeinai yo ne! | Pokemon Crystal: Raikou Ikazuchi no Densetsu | Top wo Nerae! & Top wo Nerae 2! Gattai Movie!! | Rakudai Kishi no Cavalry | Nagato Yuki-chan no Shoushitsu,101
hard_failure_rank_over_50,The held-out liked title was buried; this is a systematic failure candidate.,784969894,Veteran,1539,10177,DD Hokuto no Ken,6.04,74,51,-2.563030958175659,12531,Sakamichi no Apollon,Sakamichi no Apollon | Kodomo no Omocha (TV) | Juushin Enbu: Hero Tales | Tetsujin 28-gou (2004) | City Hunter 2 | Hokuto no Ken: Raoh Gaiden Gekitou-hen | Break Blade Movie Picture Drama | Nerima Daikon Brothers | Kikumana | Little Busters! | Ashita no Joe 2 | Nana Recaps,101
hard_failure_rank_over_50,The held-out liked title was buried; this is a systematic failure candidate.,2037726857,Fan,290,12865,Ai wa KAT-TUN,5.12,87,51,-4.763383865356445,21339,Psycho-Pass Movie 1,"Psycho-Pass Movie 1 | Mahouka Koukou no Rettousei | Ushinawareta Mirai wo Motomete | Arve Rezzle: Kikaijikake no Yousei-tachi | Violet Evergarden: Kitto ""Ai"" wo Shiru Hi ga Kuru no Darou | Honey Lemon Soda | Code Geass: Hangyaku no Lelouch II - Handou | Jaku-Chara Tomozaki-kun 2nd Stage | Code Geass: Hangyaku no Lelouch Picture Drama | Liz to Aoi Tori | Ayashi no Ceres | Guilty Crown: 4-koma Gekijou",101
hard_failure_rank_over_50,The held-out liked title was buried; this is a systematic failure candidate.,1639924023,Casual,80,2716,Urayasu Tekkin Kazoku,6.91,70,52,-4.98689079284668,19647,Hajime no Ippo: Rising,Hajime no Ippo: Rising | Seihou Bukyou Outlaw Star | Lupin the IIIrd: Chikemuri no Ishikawa Goemon | D.Gray-man | Psycho-Pass | Gekkan Shoujo Nozaki-kun | Kenja no Mago | Yamada-kun to Lv999 no Koi wo Suru | Gachiakuta | New Initial D Movie: Legend 3 - Mugen | Tonari no Seki-kun | Furiko,101
hard_failure_rank_over_50,The held-out liked title was buried; this is a systematic failure candidate.,1649324367,Beginner,12,25801,Shouwa Genroku Rakugo Shinjuu: Yotarou Hourou-hen,7.55,62,52,-2.6432416439056396,17247,Machine-Doll wa Kizutsukanai,Machine-Doll wa Kizutsukanai | Shingeki no Kyojin: The Final Season - Kanketsu-hen | Mahou Shoujo Ikusei Keikaku | Kamisama no Inai Nichiyoubi | Yaku nara Mug Cup mo | Ooya-san wa Shishunki! | Danshi Koukousei no Nichijou | Seishun Buta Yarou wa Bunny Girl Senpai no Yume wo Minai | Dr. Stone: Ryuusui | Gochuumon wa Usagi desu ka? Bloom | Sekai Seifuku: Bouryaku no Zvezda | High School Fleet OVA,101
hard_failure_rank_over_50,The held-out liked title was buried; this is a systematic failure candidate.,1757842604,Fan,212,40969,Jintian Kaishi Zuo Mingxing,6.94,66,53,-3.004584312438965,19023,"Wake Up, Girls!","Wake Up, Girls! | Nisekoi: | Masamune-kun no Revenge | Saijaku Tamer wa Gomi Hiroi no Tabi wo Hajimemashita. | Dumbbell Nan Kilo Moteru? | Umineko no Naku Koro ni | Vampire Knight | Raise wa Tanin ga Ii | Chi. Chikyuu no Undou ni Tsuite | Btooom! | Yume Juuya | Nekopara OVA",101
hard_failure_rank_over_50,The held-out liked title was buried; this is a systematic failure candidate.,1035583710,Casual,54,3550,Midori no Makibao,6.93,82,54,-4.974503993988037,59062,Gachiakuta,Gachiakuta | Digimon Beatbreak | Digimon Adventure: Bokura no War Game! | Saigo ni Hitotsu dake Onegai shitemo Yoroshii deshou ka | Blue Lock | Majo no Takkyuubin | Ponkotsu Fuuki Iin to Skirt-take ga Futekisetsu na JK no Hanashi | Shingeki no Kyojin Season 3 | NieR:Automata Ver1.1a Part 2 | Omoide no Marnie | Kono Kaisha ni Suki na Hito ga Imasu | Inu x Boku SS,101
hard_failure_rank_over_50,The held-out liked title was buried; this is a systematic failure candidate.,1210350990,Veteran,974,36861,Itazura Majo to Nemuranai Machi,5.91,59,55,-2.7417869567871094,32979,Flip Flappers,Flip Flappers | Shingeki no Kyojin: Lost Girls | Granblue Fantasy The Animation | Kyoukai no Kanata Movie 1: I'll Be Here - Kako-hen | Durarara!!x2 Ketsu | Shingeki no Kyojin Season 2 Movie: Kakusei no Houkou | Top wo Nerae! Gunbuster | Sarusuberi: Miss Hokusai | Tokyo ESP | Yahari Ore no Seishun Love Comedy wa Machigatteiru. | Hidan no Aria AA | School Days: Magical Heart Kokoro-chan,101
hard_failure_rank_over_50,The held-out liked title was buried; this is a systematic failure candidate.,2096823372,Veteran,1807,6163,Kuroshitsuji Recap,7.18,23,56,-2.3691742420196533,57555,Chainsaw Man Movie: Reze-hen,Chainsaw Man Movie: Reze-hen | Tsuki ga Kirei | Banana Fish | Code Geass: Boukoku no Akito 4 - Nikushimi no Kioku kara | Senki Zesshou Symphogear | Final Fantasy XV: Episode Ardyn - Prologue | Tenchi Muyou! Ryououki | Golgo 13 | Houkago no Pleiades | Kyouran Kazoku Nikki | MahoYome | Miyakawa-ke no Kuufuku,101
hard_failure_rank_over_50,The held-out liked title was buried; this is a systematic failure candidate.,1444404517,Beginner,11,9874,Touhou Niji Sousaku Doujin Anime: Musou Kakyou,7.31,35,57,-5.168668270111084,48316,Kage no Jitsuryokusha ni Naritakute!,"Kage no Jitsuryokusha ni Naritakute! | Rokudenashi Majutsu Koushi to Akashic Records | Wind Breaker | Satsuriku no Tenshi | Magi: Sinbad no Bouken (TV) | Skip Beat! | Himouto! Umaru-chan | Vandread: The Second Stage | Dr. Stone: Science Future Part 2 | Assassins Pride | Bleach: The Sealed Sword Frenzy | Clannad: After Story - Mou Hitotsu no Sekai, Kyou-hen",101
hard_failure_rank_over_50,The held-out liked title was buried; this is a systematic failure candidate.,1045633499,Casual,92,33697,Gravity Daze The Animation: Ouverture,6.46,60,57,-4.975130558013916,27989,Hibike! Euphonium,"Hibike! Euphonium | Evangelion Movie 2: Ha | Saenai Heroine no Sodatekata | Saint Seiya | Ansatsu Kyoushitsu: Deai no Jikan | Gosick | Yuusha, Yamemasu | Uma Musume: Pretty Derby Season 3 | Violet Evergarden: Recollections | Soul Eater NOT! | Inuyashiki | Gake no Ue no Ponyo",101
hard_failure_rank_over_50,The held-out liked title was buried; this is a systematic failure candidate.,913046603,Beginner,48,44248,Fate/Grand Carnival,7.7,22,58,-4.265164852142334,42938,Fruits Basket: The Final,Fruits Basket: The Final | NHK ni Youkoso! | Shoujo Shuumatsu Ryokou | Zutto Mae kara Suki deshita. Kokuhaku Jikkou Iinkai | Otonari no Tenshi-sama ni Itsunomanika Dame Ningen ni Sareteita Ken | Love Live! School Idol Project | Momokuri | Zero no Tsukaima: Futatsuki no Kishi | SSSS.Dynazenon | Evangelion Movie 1: Jo | Dive!! | Kimetsu no Yaiba: Hashira Geiko-hen,101
hard_failure_rank_over_50,The held-out liked title was buried; this is a systematic failure candidate.,2022490755,Fan,151,32601,12-sai.: Chicchana Mune no Tokimeki,6.42,39,59,-3.9479191303253174,16664,Kaguya-hime no Monogatari,Kaguya-hime no Monogatari | Luo Xiaohei Zhanji (Movie) | Somali to Mori no Kamisama | World Trigger | Oushitsu Kyoushi Heine | Kai Byoui Ramune | Shadows House | 3-gatsu no Lion 2nd Season | Shuumatsu no Walküre III | Petit Clover Advance | Re:Zero kara Hajimeru Break Time | Magatsu Wahrheit: Zuerst,101
hard_failure_rank_over_50,The held-out liked title was buried; this is a systematic failure candidate.,1370119861,Fan,159,1208,Tatsu no Ko Tarou,6.81,65,60,-3.9572641849517822,34636,Ballroom e Youkoso,Ballroom e Youkoso | Uchuu Kyoudai | Higashi no Eden Movie I: The King of Eden | Area no Kishi | Shin Tennis no Oujisama | Mushishi Zoku Shou: Odoro no Michi | Dosanko Gal wa Namara Menkoi | Gatchaman Crowds Insight: Inbound | Kuroshitsuji Recap | Kamichu! | Gintama. | Tetsuwan Birdy Decode:02,101
hard_failure_rank_over_50,The held-out liked title was buried; this is a systematic failure candidate.,1154078052,Veteran,583,21523,Baku Tech! Bakugan Gachi,5.82,89,62,-3.677480459213257,48926,"Komi-san wa, Comyushou desu.","Komi-san wa, Comyushou desu. | Chuunibyou demo Koi ga Shitai! | Tonari no Seki-kun | Rewrite | Akuma no Riddle | Bungou Stray Dogs 4th Season | Mugyutto! Black Clover | Majo no Tabitabi | Gabriel DropOut Specials | Ping Pong the Animation | Isekai no Seikishi Monogatari | Oushitsu Kyoushi Heine",101
hard_failure_rank_over_50,The held-out liked title was buried; this is a systematic failure candidate.,1645791607,Fan,245,38162,Rinshi!! Ekoda-chan,5.52,71,64,-4.192312240600586,28121,Dungeon ni Deai wo Motomeru no wa Machigatteiru Darou ka,Dungeon ni Deai wo Motomeru no wa Machigatteiru Darou ka | Munou na Nana | 7 Seeds | Ousama Ranking | Gintama: Nanigoto mo Saisho ga Kanjin nanode Tashou Senobisuru Kurai ga Choudoyoi | Bishoujo Senshi Sailor Moon Crystal Season III | Pokemon XY&Z: Subete no Nazo wo Tokiakase! | Crayon Shin-chan Movie 08: Arashi wo Yobu Jungle | Pokemon Diamond & Pearl Atsumare! Pokemon Planet Center | Beelzebub | Mitsu x Mitsu Drops | Soul Eater NOT!,101
hard_failure_rank_over_50,The held-out liked title was buried; this is a systematic failure candidate.,1667313870,Beginner,35,5717,Kiniro no Corda: Secondo Passo,7.11,42,65,-3.5660386085510254,1726,Devil May Cry,Devil May Cry | Beastars | Satsuriku no Tenshi | Gintama: The Final | Mato Seihei no Slave | Redline | Saint Seiya: Meiou Hades Juuni Kyuu-hen | Initial D Third Stage | Kidou Senshi Gundam 00 Second Season | Free! Dive to the Future | Yuu☆Yuu☆Hakusho (Movie) | Killing Bites,101
hard_failure_rank_over_50,The held-out liked title was buried; this is a systematic failure candidate.,2100426183,Beginner,18,962,Aria the Natural,8.17,22,66,-2.36993670463562,33845,Free! Movie 1: Timeless Medley - Kizuna,"Free! Movie 1: Timeless Medley - Kizuna | Boku no Hero Academia 4th Season | Panty & Stocking with Garterbelt | Strange+ | 5-toubun no Hanayome | Juubee Ninpuuchou | Steins;Gate: Kyoukaimenjou no Missing Link - Divide By Zero | Slime Taoshite 300-nen, Shiranai Uchi ni Level Max ni Nattemashita | Ginyuu Mokushiroku Meine Liebe | Wave!! Surfing Yappe!! | Kusuriya no Hitorigoto | Project ARMS: The 2nd Chapter",101
hard_failure_rank_over_50,The held-out liked title was buried; this is a systematic failure candidate.,964558067,Casual,72,55315,Gensou Mangekyou: The Memories of Phantasm,7.65,56,67,-5.218545436859131,35120,Devilman: Crybaby,Devilman: Crybaby | One Room | Peter Grill to Kenja no Jikan | Another: The Other - Inga | Date A Live: Date to Date | Higurashi no Naku Koro ni Kai | Kawaii dake ja Nai Shikimori-san | Zom 100: Zombie ni Naru made ni Shitai 100 no Koto | Koukaku Kidoutai | Maji de Watashi ni Koi Shinasai! | Monogatari Series: Second Season | Kuroshitsuji II,101
hard_failure_rank_over_50,The held-out liked title was buried; this is a systematic failure candidate.,1607420392,Veteran,1506,563,DNA²,6.63,23,68,-2.420423984527588,71,Full Metal Panic!,Full Metal Panic! | Kokoro Connect | Date A Live: Date to Date | Higurashi no Naku Koro ni Rei | Ichigo Mashimaro | Sakasama no Patema | Groove Adventure Rave | Koukaku Kidoutai: Stand Alone Complex - Solid State Society | Fushigi no Umi no Nadia | Kodomo no Omocha | Code:Breaker | Mai-Otome,101
hard_failure_rank_over_50,The held-out liked title was buried; this is a systematic failure candidate.,1178032233,Casual,103,3306,Aoki Honoo,4.66,87,68,-2.215853214263916,36028,Golden Kamuy,Golden Kamuy | Stop!! Hibari-kun! | Jewelpet | Kamui no Ken | Detroit Metal City | Ashita no Nadja | Ie Naki Ko | Kikoushi Enma | Project ARMS | Tokimeki Memorial: Only Love | Katekyou Hitman Reborn! | Keijo!!!!!!!!,101
hard_failure_rank_over_50,The held-out liked title was buried; this is a systematic failure candidate.,1674326813,Veteran,550,9796,Atashin'chi 3D Movie: Jounetsu no Chou Chounouryoku Haha Dai Bousou,6.4,96,69,-3.741722822189331,32686,Keijo!!!!!!!!,Keijo!!!!!!!! | Hunter x Hunter (2011) | Amanchu! Advance | Kandagawa Jet Girls | Hakata Tonkotsu Ramens | Ani ni Tsukeru Kusuri wa Nai! 5 | Shingeki no Bahamut: Genesis | Sabikui Bisco | Beastars 2nd Season | Flying Witch Petit Special | Morita-san wa Mukuchi | Kawaii dake ja Nai Shikimori-san,101
hard_failure_rank_over_50,The held-out liked title was buried; this is a systematic failure candidate.,1342991312,Fan,364,8287,SD Gundam Sangokuden Brave Battle Warriors,6.37,88,70,-4.421267986297607,41025,Fumetsu no Anata e,Fumetsu no Anata e | 5-toubun no Hanayome | InuYasha | Kamonohashi Ron no Kindan Suiri | Oemojisangjuui | Overlord: Ple Ple Pleiades - Clementine Toubou-hen | Mamahaha no Tsurego ga Motokano datta | Bakemonogatari | Crayon Shin-chan Movie 06: Dengeki! Buta no Hizume Daisakusen | Houkago Teibou Nisshi | Darker than Black: Ryuusei no Gemini | Kimi to Boku. 2,101
hard_failure_rank_over_50,The held-out liked title was buried; this is a systematic failure candidate.,1973550229,Veteran,668,1252,Fushigi no Umi no Nadia: Original Movie,5.27,85,71,-4.785484790802002,37450,Seishun Buta Yarou wa Bunny Girl Senpai no Yume wo Minai,Seishun Buta Yarou wa Bunny Girl Senpai no Yume wo Minai | Kimi no Suizou wo Tabetai | Koi to Uso | Dungeon Meshi | Overlord | Ikoku Meiro no Croisée The Animation | Sword Art Online: Alicization - War of Underworld 2nd Season | Tengen Toppa Gurren Lagann | Black★Rock Shooter (OVA) | Kanojo mo Kanojo | Otaku ni Yasashii Gal wa Inai!? | Uta∽Kata,101
hard_failure_rank_over_50,The held-out liked title was buried; this is a systematic failure candidate.,807789073,Fan,273,53633,Bullbuster,6.15,55,72,-4.539928913116455,5114,Fullmetal Alchemist: Brotherhood,"Fullmetal Alchemist: Brotherhood | Pokemon XY&Z | Yozakura-san Chi no Daisakusen | Sentouin, Haken shimasu! | Senpai ga Uzai Kouhai no Hanashi | Shijou Saikyou no Deshi Kenichi | Back Street Girls: Gokudolls | Stranger: Mukou Hadan | Yasei no Last Boss ga Arawareta! | Kishibe Rohan wa Ugokanai | Kamiarizuki no Kodomo | Kuma Kuma Kuma Bear Punch!",101
hard_failure_rank_over_50,The held-out liked title was buried; this is a systematic failure candidate.,921281372,Veteran,1469,33949,Oshiete! Galko-chan: Natsuyasumi tte Hontou desu ka?,7.04,19,73,-3.1744861602783203,27631,God Eater,God Eater | Gakkougurashi! | Juuni Kokuki | Gokudou-kun Manyuuki | Madan no Ou to Vanadis: Tigre-kun to Vanadi-chu Episode 0 | Date A Live II | Tetsuwan Birdy Decode | Chihayafuru 2 | Code Geass: Hangyaku no Lelouch II - Handou | Aoki Densetsu Shoot! | Warau Salesman | Wangu Xian Qiong,101
hard_failure_rank_over_50,The held-out liked title was buried; this is a systematic failure candidate.,1343165294,Beginner,23,33187,Katsudou Shashin,5.5,61,74,-5.968480110168457,40591,Kaguya-sama wa Kokurasetai? Tensai-tachi no Renai Zunousen,"Kaguya-sama wa Kokurasetai? Tensai-tachi no Renai Zunousen | Kiseijuu: Sei no Kakuritsu | Komi-san wa, Comyushou desu. | Nagi no Asu kara | BanG Dream! Ave Mujica | Uma Musume: Pretty Derby | Platinum End | Love Live! Sunshine!! The School Idol Movie: Over the Rainbow | Trigun Stampede | Fate/Grand Order: Shinsei Entaku Ryouiki Camelot 2 - Paladin; Agateram | Sirius | Gantz:O",101
hard_failure_rank_over_50,The held-out liked title was buried; this is a systematic failure candidate.,2065821947,Fan,322,5147,Comic Party Revolution OVA,6.41,85,77,-5.716222763061523,10793,Guilty Crown,Guilty Crown | Big Order (TV) | Shuumatsu no Izetta | Akiba's Trip The Animation | Jigokuraku | Tetsuwan Birdy Decode | Kurogane no Linebarrels | Princess Connect! Re:Dive | Naruto: Shippuuden Movie 2 - Kizuna | Tu Bian Yingxiong X | Shingeki no Kyojin: The Final Season Part 2 | Himawari!!,101
hard_failure_rank_over_50,The held-out liked title was buried; this is a systematic failure candidate.,1885092128,Fan,189,13405,Utsu Musume Sayuri,2.02,61,77,-3.128105640411377,27775,Plastic Memories,Plastic Memories | Legend of Basara | Keroro Gunsou Movie 3: Tenkuu Daikessen de Arimasu! | Kuroko no Basket: Tip Off | Shounen Maid | Meitantei Conan: Internet Nazo no Mail Jiken | Kaitou Joker 3rd Season | Captain Tsubasa | High☆Speed! Movie: Free! Starting Days | Douluo Dalu | Motto! Ojamajo Doremi: Kaeru Ishi no Himitsu | Psycho-Pass 3: First Inspector,101
hard_failure_rank_over_50,The held-out liked title was buried; this is a systematic failure candidate.,821187645,Veteran,507,21671,Keroro,6.9,62,78,-4.834860324859619,38826,Tenki no Ko,Tenki no Ko | Megami no Café Terrace | Mayoiga | Ryza no Atelier: Tokoyami no Joou to Himitsu no Kakurega | Groove Adventure Rave | Garo: Honoo no Kokuin | Made in Abyss Movie 2: Hourou Suru Tasogare | Sword Art Online: Alicization - War of Underworld Recap | Ginga Eiyuu Densetsu: Die Neue These - Gekitotsu | Freezing Vibration | Rurouni Kenshin: Meiji Kenkaku Romantan - Seisou-hen | Kokoro Connect,101
hard_failure_rank_over_50,The held-out liked title was buried; this is a systematic failure candidate.,1042608162,Fan,273,38923,Sinbi Apartment: Ghost Ball Bimil,6.88,82,81,-5.117745876312256,49782,Shadows House 2nd Season,Shadows House 2nd Season | Mirai no Mirai | Colorful (Movie) | City The Animation | Toaru Kagaku no Railgun S | Shuumatsu no Walküre II | Digimon Adventure Movie | One Piece Film: Gold | Persona 4 the Animation | Rurouni Kenshin: Meiji Kenkaku Romantan - Seisou-hen | Nabari no Ou | Infinite Dendrogram,101
hard_failure_rank_over_50,The held-out liked title was buried; this is a systematic failure candidate.,1563294075,Veteran,915,50010,Meitantei Conan: Hannin no Hanzawa-san,6.88,42,83,-2.970560073852539,901,"Dragon Ball Z Movie 08: Moetsukiro!! Nessen, Ressen, Chougekisen","Dragon Ball Z Movie 08: Moetsukiro!! Nessen, Ressen, Chougekisen | Princess Tutu | Casshern Sins | Kaitou Joker | Attack No.1 (1970) | Kanojo, Okarishimasu | Galaxy Angel | Kidou Senshi Gundam: Tekketsu no Orphans - Tokubetsu-hen | Mitsuami no Kamisama | Hong Ling Jin Xia | Uzaki-chan wa Asobitai! | Sekishoku Elegy",101
hard_failure_rank_over_50,The held-out liked title was buried; this is a systematic failure candidate.,965643016,Fan,189,42220,Condom Battler Gorou,6.56,67,85,-5.995371341705322,41457,86,"86 | Josee to Tora to Sakana-tachi | Wotaku ni Koi wa Muzukashii | Kishibe Rohan wa Ugokanai | Fate/stay night Movie: Unlimited Blade Works | Dungeon ni Deai wo Motomeru no wa Machigatteiru Darou ka | Happy Sugar Life | Houkago Shounen Hanako-kun | Oroka na Tenshi wa Akuma to Odoru | Ore no Nounai Sentakushi ga, Gakuen Love Comedy wo Zenryoku de Jama Shiteiru | Otome Game no Hametsu Flag shika Nai Akuyaku Reijou ni Tensei shiteshimatta... | Love Stage!!",101
hard_failure_rank_over_50,The held-out liked title was buried; this is a systematic failure candidate.,1929398230,Casual,69,23057,Yukidoke,4.01,95,85,-5.828476428985596,41587,Boku no Hero Academia 5th Season,Boku no Hero Academia 5th Season | Kiseijuu: Sei no Kakuritsu | Makai Ouji: Devils and Realist | Magi: The Labyrinth of Magic | Fairy Tail (2014) | Happy Sugar Life | Kaichou wa Maid-sama!: Goshujinsama to Asonjao♥ | Arslan Senki (TV) | Meitantei Conan | Cool Doji Danshi | Lost Song | Somali to Mori no Kamisama,101
hard_failure_rank_over_50,The held-out liked title was buried; this is a systematic failure candidate.,1934320981,Casual,116,5304,Akiba-chan,5.47,99,87,-5.837579727172852,28891,Haikyuu!! Second Season,Haikyuu!! Second Season | School Rumble | Akira | Akagami no Shirayuki-hime | Code Geass: Hangyaku no Lelouch | Shokugeki no Souma: Ni no Sara | Koi wa Ameagari no You ni | Pokemon: The Origin | Mouretsu Pirates | ChäoS;HEAd | Sakasama no Patema | Jewelpet Twinkle☆,101
strong_top3_recovery,The held-out liked title was recovered almost immediately.,716457403,Fan,162,36896,Boku no Hero Academia the Movie 1: Futari no Hero,7.52,2,1,3.0591697692871094,36896,Boku no Hero Academia the Movie 1: Futari no Hero,"Boku no Hero Academia the Movie 1: Futari no Hero | Oroka na Tenshi wa Akuma to Odoru | Koi wa Futago de Warikirenai | Kakushigoto | Isekai de Cheat Skill wo Te ni Shita Ore wa, Genjitsu Sekai wo mo Musou Suru: Level Up wa Jinsei wo Kaeta | Ousama Ranking: Yuuki no Takarabako | Keijo!!!!!!!! | Lv2 kara Cheat datta Motoyuusha Kouho no Mattari Isekai Life | High Card | One Punch Man 3 | Alma-chan wa Kazoku ni Naritai | White Album 2",101
strong_top3_recovery,The held-out liked title was recovered almost immediately.,716728672,Fan,270,39535,Mushoku Tensei: Isekai Ittara Honki Dasu,8.32,1,1,3.554229736328125,39535,Mushoku Tensei: Isekai Ittara Honki Dasu,Mushoku Tensei: Isekai Ittara Honki Dasu | Fate/Grand Carnival | Arakawa Under the Bridge | Hinako Note | K | Princess Principal | Magi: The Labyrinth of Magic | Koi to Senkyo to Chocolate | Himouto! Umaru-chanS | Youkoso Jitsuryoku Shijou Shugi no Kyoushitsu e 2nd Season | Mimi wo Sumaseba | Bungou Stray Dogs 4th Season,101
strong_top3_recovery,The held-out liked title was recovered almost immediately.,716761462,Fan,266,195,Onegai☆Teacher,7.09,9,1,3.6857852935791016,195,Onegai☆Teacher,Onegai☆Teacher | Shakugan no Shana Movie | The iDOLM@STER | Dai Mahou Touge | Kyouran Kazoku Nikki | Ore no Imouto ga Konnani Kawaii Wake ga Nai: SD Chara ni Yoru Character Commentary | Naruto: Takigakure no Shitou - Ore ga Eiyuu Dattebayo! | Shinreigari | Shin Kidou Senki Gundam Wing | Mamoru-kun ni Megami no Shukufuku wo! | Vividred Operation | Hidamari Sketch x 365,101
strong_top3_recovery,The held-out liked title was recovered almost immediately.,714928018,Casual,114,2904,Code Geass: Hangyaku no Lelouch R2,8.92,1,1,2.9903926849365234,2904,Code Geass: Hangyaku no Lelouch R2,"Code Geass: Hangyaku no Lelouch R2 | Pokemon (2019) | Pokemon: Mewtwo - Kakusei e no Prologue | Kanojo, Okarishimasu | Pokemon: Pikachu no Wanpaku Island | Little Witch Academia (TV) | Zombieland Saga | Persona 3 the Movie 1: Spring of Birth | Bishoujo Senshi Sailor Moon | Haikyuu!! To the Top | Reikenzan: Hoshikuzu-tachi no Utage | Rurouni Kenshin: Meiji Kenkaku Romantan",101
strong_top3_recovery,The held-out liked title was recovered almost immediately.,715109487,Casual,101,7724,Shiki,7.72,3,1,3.227693557739258,7724,Shiki,Shiki | Nijiiro Days | Sora no Aosa wo Shiru Hito yo | Sakasama no Patema | ReLIFE: Kanketsu-hen Specials | Mashiro no Oto | Uchuu Kyoudai | Gatchaman Crowds | Hachimitsu to Clover II | Gunslinger Girl | Carnival Phantasm | Kidou Senshi Gundam: The Origin,101
strong_top3_recovery,The held-out liked title was recovered almost immediately.,715183783,Casual,54,23283,Zankyou no Terror,8.08,1,1,3.6999220848083496,23283,Zankyou no Terror,Zankyou no Terror | Houseki no Kuni | The God of High School | Aishiteruze Baby★★ | Plunderer | Totsukuni no Shoujo (2022) | Strike the Blood II | Mashle: Shinkakusha Kouho Senbatsu Shiken-hen | Silent Witch: Chinmoku no Majo no Kakushigoto | Nanatsu no Taizai: Kamigami no Gekirin | SSSS.Gridman | Goblin Slayer: Bouken Kiroku Youshi - Adventure Sheet,101
strong_top3_recovery,The held-out liked title was recovered almost immediately.,715437828,Fan,455,4181,Clannad: After Story,8.93,3,1,3.5158979892730713,4181,Clannad: After Story,Clannad: After Story | Deadman Wonderland | Boku no Kokoro no Yabai Yatsu | Edens Zero 2nd Season | Kusuriya no Hitorigoto 2nd Season | Akuyaku Reijou wa Ringoku no Outaishi ni Dekiai sareru | Kimi wa Kanata | Grand Blue Season 2 | JoJo no Kimyou na Bouken (TV) | Psycho-Pass | Isekai Shokudou | Pokemon XY,101
strong_top3_recovery,The held-out liked title was recovered almost immediately.,715456341,Casual,67,1535,Death Note,8.62,1,1,3.0000040531158447,1535,Death Note,Death Note | Blue Lock | No Game No Life | 86 Part 2 | Shigatsu wa Kimi no Uso | Kaguya-sama wa Kokurasetai? Tensai-tachi no Renai Zunousen | Mieruko-chan | Bleach Movie 3: Fade to Black - Kimi no Na wo Yobu | Amaama to Inazuma | Gintama: The Final | Gintama. Porori-hen | Hundred,101
strong_top3_recovery,The held-out liked title was recovered almost immediately.,718729806,Fan,377,50739,Otonari no Tenshi-sama ni Itsunomanika Dame Ningen ni Sareteita Ken,7.85,3,1,3.572685956954956,50739,Otonari no Tenshi-sama ni Itsunomanika Dame Ningen ni Sareteita Ken,"Otonari no Tenshi-sama ni Itsunomanika Dame Ningen ni Sareteita Ken | Shin no Nakama ja Nai to Yuusha no Party wo Oidasareta node, Henkyou de Slow Life suru Koto ni Shimashita | Dungeon ni Deai wo Motomeru no wa Machigatteiru Darou ka II | Kyuuketsuki Sugu Shinu | Arifureta Shokugyou de Sekai Saikyou Season 3 | Tearmoon Teikoku Monogatari: Dantoudai kara Hajimaru, Hime no Tensei Gyakuten Story | Pandora Hearts | Shy 2nd Season | Chanto Suenai Kyuuketsuki-chan | Doukyonin wa Hiza, Tokidoki, Atama no Ue. | Genjitsu no Yohane: Sunshine in the Mirror | Yuri!!! on Ice",101
strong_top3_recovery,The held-out liked title was recovered almost immediately.,716991984,Fan,173,4181,Clannad: After Story,8.93,2,1,2.7980613708496094,4181,Clannad: After Story,Clannad: After Story | Toaru Majutsu no Index | Bleach | Akudama Drive | Toaru Majutsu no Index III | Yozakura-san Chi no Daisakusen | Kemono Jihen | Kaijuu 8-gou 2nd Season | Aho Girl | Dragon Ball | Isekai One Turn Kill Neesan: Ane Douhan no Isekai Seikatsu Hajimemashita | Youkai Gakkou no Sensei Hajimemashita!,101
strong_top3_recovery,The held-out liked title was recovered almost immediately.,717130064,Casual,148,60285,Sakamoto Days Part 2,7.91,4,1,3.466503620147705,60285,Sakamoto Days Part 2,Sakamoto Days Part 2 | Gekkan Shoujo Nozaki-kun | Hinamatsuri | Golden Kamuy 2nd Season | Kami no Tou: Ouji no Kikan | Myself; Yourself | Subete ga F ni Naru | Persona 4 the Golden Animation | Tsugu Tsugumomo | No Guns Life 2nd Season | Dungeon ni Deai wo Motomeru no wa Machigatteiru Darou ka OVA | Denpa-teki na Kanojo,101
strong_top3_recovery,The held-out liked title was recovered almost immediately.,717612225,Fan,303,3782,Kara no Kyoukai Movie 2: Satsujin Kousatsu (Zen),7.75,4,1,3.393361806869507,3782,Kara no Kyoukai Movie 2: Satsujin Kousatsu (Zen),Kara no Kyoukai Movie 2: Satsujin Kousatsu (Zen) | Omoide no Marnie | Rainbow: Nisha Rokubou no Shichinin | RahXephon | Otaku no Video | Berserk: Ougon Jidai-hen I - Haou no Tamago | Blue Giant | Tales of Zestiria the Cross | Itai no wa Iya nanode Bougyoryoku ni Kyokufuri Shitai to Omoimasu. | Shin Mazinger Shougeki! Z-hen | Manga de Wakaru! Fate/Grand Order | Grisaia no Meikyuu: Caprice no Mayu 0,101
strong_top3_recovery,The held-out liked title was recovered almost immediately.,717924624,Fan,275,48583,Shingeki no Kyojin: The Final Season Part 2,8.77,2,1,2.732478141784668,48583,Shingeki no Kyojin: The Final Season Part 2,Shingeki no Kyojin: The Final Season Part 2 | Otonari ni Ginga | Isekai Shikkaku | Seihantai na Kimi to Boku | Mob Psycho 100 | Uruwashi no Yoi no Tsuki | Takopii no Genzai | Arifureta Shokugyou de Sekai Saikyou Specials | Afro Samurai | Umi ga Kikoeru | IS: Infinite Stratos | Jibaku Shounen Hanako-kun 2,101
strong_top3_recovery,The held-out liked title was recovered almost immediately.,716200073,Veteran,732,38249,Saiki Kusuo no Ψ-nan: Kanketsu-hen,8.21,3,1,2.7658915519714355,38249,Saiki Kusuo no Ψ-nan: Kanketsu-hen,Saiki Kusuo no Ψ-nan: Kanketsu-hen | Edens Zero | Mirai Nikki | Break Blade | Fune wo Amu | Jaku-Chara Tomozaki-kun | Saint☆Oniisan (Movie) | Fate/Prototype | Steamboy | Princess Connect! Re:Dive Season 2 | Katte ni Kaizou | Ballpark de Tsukamaete!,101
strong_top3_recovery,The held-out liked title was recovered almost immediately.,716223339,Casual,74,5,Cowboy Bebop: Tengoku no Tobira,8.38,5,1,3.3426320552825928,5,Cowboy Bebop: Tengoku no Tobira,Cowboy Bebop: Tengoku no Tobira | Higashi no Eden | Versailles no Bara | Chi. Chikyuu no Undou ni Tsuite | Suki tte Ii na yo. | Sabage-bu! | High School Fleet | Fullmetal Alchemist: The Sacred Star of Milos | Fullmetal Alchemist: The Conqueror of Shamballa | Rozen Maiden | Kyoukai no Kanata: Shinonome | Saikyou Onmyouji no Isekai Tenseiki,101
strong_top3_recovery,The held-out liked title was recovered almost immediately.,716442503,Beginner,33,205,Samurai Champloo,8.52,1,1,3.850478172302246,205,Samurai Champloo,Samurai Champloo | Afro Samurai | Kami nomi zo Shiru Sekai | Fruits Basket | Eve no Jikan | Poputepipikku | Tasogare Otome x Amnesia | Code Geass: Fukkatsu no Lelouch | Yuru Camp△ Season 2 | Metropolis | Area no Kishi | Assassins Pride,101
strong_top3_recovery,The held-out liked title was recovered almost immediately.,2142033095,Casual,87,1818,Claymore,7.73,4,1,3.8137688636779785,1818,Claymore,Claymore | True Tears | Akame ga Kill! | Kodomo no Omocha (TV) | Meitantei Conan | Gakusen Toshi Asterisk 2nd Season | Black★Rock Shooter (OVA) | Maria-sama ga Miteru 3rd | Asobi Asobase | Macross Plus | Saint Seiya Omega | Penguin Musume♥Heart,101
strong_top3_recovery,The held-out liked title was recovered almost immediately.,2142104749,Casual,108,1889,Higurashi no Naku Koro ni Kai,8.16,4,1,3.6782820224761963,1889,Higurashi no Naku Koro ni Kai,"Higurashi no Naku Koro ni Kai | Jigoku Shoujo | Koutetsujou no Kabaneri | Aria the Origination | 07-Ghost | Ijiranaide, Nagatoro-san | Netoge no Yome wa Onnanoko ja Nai to Omotta? | Tomo-chan wa Onnanoko! | Non Non Biyori Repeat | Saint Seiya: Soul of Gold | D-Frag! | Hal",101
strong_top3_recovery,The held-out liked title was recovered almost immediately.,714014149,Casual,100,12565,Fate/Prototype,6.62,12,1,3.503962993621826,12565,Fate/Prototype,Fate/Prototype | Occultic;Nine | Death Note: Rewrite | One Piece 3D2Y: Ace no Shi wo Koete! Luffy Nakama to no Chikai | Yahari Ore no Seishun Love Comedy wa Machigatteiru. Zoku OVA | Nanatsu no Taizai: Mokushiroku no Yonkishi | Tottoko Hamtarou | No.6 | Code Geass: Hangyaku no Lelouch R2 Picture Drama - Last Moratorium | Kamisama no Inai Nichiyoubi | Hourou Musuko | Houkago no Pleiades (TV),101
strong_top3_recovery,The held-out liked title was recovered almost immediately.,714065684,Fan,176,38691,Dr. Stone,8.26,2,1,3.074392557144165,38691,Dr. Stone,Dr. Stone | Wotaku ni Koi wa Muzukashii OVA | Mob Psycho 100 II | Takopii no Genzai | Tsurune: Tsunagari no Issha | Acchi Kocchi | Overlord: Ple Ple Pleiades - Nazarick Saidai no Kiki | Shouwa Genroku Rakugo Shinjuu | Shunkashuutou Daikousha: Haru no Mai | Honzuki no Gekokujou: Shisho ni Naru Tame ni wa Shudan wo Erandeiraremasen Recap | Gin no Saji 2nd Season | Sennen Joyuu,101
strong_top3_recovery,The held-out liked title was recovered almost immediately.,714373147,Fan,158,49458,Kono Subarashii Sekai ni Shukufuku wo! 3,8.33,1,1,3.8738956451416016,49458,Kono Subarashii Sekai ni Shukufuku wo! 3,Kono Subarashii Sekai ni Shukufuku wo! 3 | Isekai Shikkaku | Nanatsu no Taizai: Kamigami no Gekirin | Kamisama Hajimemashita | Mob Psycho 100: Dai Ikkai Rei toka Soudansho Ian Ryokou - Kokoro Mitasu Iyashi no Tabi | Kaze no Stigma | Demi-chan wa Kataritai | High Score Girl II | Shoushimin Series 2nd Season | Chanto Suenai Kyuuketsuki-chan | Tsuki to Laika to Nosferatu | Medaka Box,101
strong_top3_recovery,The held-out liked title was recovered almost immediately.,718427462,Fan,257,11061,Hunter x Hunter (2011),9.03,1,1,3.5470502376556396,11061,Hunter x Hunter (2011),"Hunter x Hunter (2011) | Made in Abyss: Retsujitsu no Ougonkyou | Noragami | Mashle | Dumbbell Nan Kilo Moteru? | Clevatess: Majuu no Ou to Akago to Shikabane no Yuusha | Cider no You ni Kotoba ga Wakiagaru | Ano Hi Mita Hana no Namae wo Bokutachi wa Mada Shiranai. Movie | Golden Kamuy 2nd Season | Clannad: Mou Hitotsu no Sekai, Tomoyo-hen | Chuunibyou demo Koi ga Shitai! Kirameki no... Slapstick Noel | Kimi to Boku.",101
strong_top3_recovery,The held-out liked title was recovered almost immediately.,718430427,Beginner,22,1575,Code Geass: Hangyaku no Lelouch,8.71,3,1,3.561809539794922,1575,Code Geass: Hangyaku no Lelouch,Code Geass: Hangyaku no Lelouch | Arcana Famiglia | Baccano! | Kaguya-sama wa Kokurasetai: Tensai-tachi no Renai Zunousen | Yuru Camp△ | Full Metal Panic! | Devil May Cry | Kono Subarashii Sekai ni Shukufuku wo! 2 | Ajin | Akuyaku Reijou nanode Last Boss wo Kattemimashita | Just Because! | Kono Oto Tomare!,101
strong_top3_recovery,The held-out liked title was recovered almost immediately.,718659046,Fan,234,30831,Kono Subarashii Sekai ni Shukufuku wo!,8.09,1,1,3.2924411296844482,30831,Kono Subarashii Sekai ni Shukufuku wo!,Kono Subarashii Sekai ni Shukufuku wo! | Gakkougurashi! | Another | Shimoneta to Iu Gainen ga Sonzai Shinai Taikutsu na Sekai | Hataraku Saibou | Black Clover | Honzuki no Gekokujou: Shisho ni Naru Tame ni wa Shudan wo Erandeiraremasen | Kamisama no Memochou | Steins;Gate 0 | Ookami-san to Shichinin no Nakama-tachi | Nekopara OVA | Kill la Kill,101
strong_top3_recovery,The held-out liked title was recovered almost immediately.,2142583557,Veteran,524,1943,Paprika,8.05,1,1,3.453124523162842,1943,Paprika,Paprika | Megalo Box | Furiko | Tales of Vesperia: The First Strike | Back Street Girls: Gokudolls | Tennis no Oujisama | Ao Ashi | Gokushufudou | Alice to Zouroku | Aoharu x Kikanjuu | Kanon (2006) | Date A Live IV,101
strong_top3_recovery,The held-out liked title was recovered almost immediately.,2142732735,Beginner,48,50265,Spy x Family,8.41,1,1,3.763000965118408,50265,Spy x Family,Spy x Family | Great Pretender | Sakamoto Days Part 2 | Domestic na Kanojo | Net-juu no Susume | Mononogatari | Tensura Nikki: Tensei shitara Slime Datta Ken | Tensei Kizoku no Isekai Boukenroku: Jichou wo Shiranai Kamigami no Shito | Kidou Senshi Gundam: Suisei no Majo Season 2 | Mahou Shoujo Site | Mugen no Juunin: Immortal | Digimon Adventure tri. 2: Ketsui,101
strong_top3_recovery,The held-out liked title was recovered almost immediately.,2142768118,Beginner,10,5114,Fullmetal Alchemist: Brotherhood,9.11,1,1,3.8901121616363525,5114,Fullmetal Alchemist: Brotherhood,Fullmetal Alchemist: Brotherhood | Seishun Buta Yarou wa Bunny Girl Senpai no Yume wo Minai | Given | Dragon Ball Z Movie 13: Ryuuken Bakuhatsu!! Gokuu ga Yaraneba Dare ga Yaru | Fate/Grand Order: Zettai Majuu Sensen Babylonia | Campione! Matsurowanu Kamigami to Kamigoroshi no Maou | Arakawa Under the Bridge x Bridge | Aharen-san wa Hakarenai | Shikkakumon no Saikyou Kenja | Gintama: The Final | Enen no Shouboutai: San no Shou Part 2 | Kono Sekai no Katasumi ni,101
strong_top3_recovery,The held-out liked title was recovered almost immediately.,2143208085,Beginner,40,6702,Fairy Tail,7.57,2,1,3.281553030014038,6702,Fairy Tail,"Fairy Tail | Shinsekai yori | Kuroshitsuji: Sono Shitsuji, Kougyou | 07-Ghost | 5-toubun no Hanayome ∬ | Tsuma, Shougakusei ni Naru. | Muv-Luv Alternative | New Game! | Code Geass: Boukoku no Akito 2 - Hikisakareshi Yokuryuu | Mashiro no Oto | Ao Ashi | Ijiranaide, Nagatoro-san 2nd Attack",101
strong_top3_recovery,The held-out liked title was recovered almost immediately.,2141018090,Casual,73,9756,Mahou Shoujo Madoka★Magica,8.39,1,1,3.1477112770080566,9756,Mahou Shoujo Madoka★Magica,Mahou Shoujo Madoka★Magica | Jigoku Shoujo | Hakushaku to Yousei | Higurashi no Naku Koro ni Kai | Devil May Cry | Hal | Ao no Exorcist: Kyoto Fujouou-hen | Sakurako-san no Ashimoto ni wa Shitai ga Umatteiru | Free! Take Your Marks | Dragon Ball Super | Date A Live II: Kurumi Star Festival | Youkoso Jitsuryoku Shijou Shugi no Kyoushitsu e 3rd Season,101
strong_top3_recovery,The held-out liked title was recovered almost immediately.,2141700460,Beginner,48,431,Howl no Ugoku Shiro,8.67,1,1,3.2802300453186035,431,Howl no Ugoku Shiro,Howl no Ugoku Shiro | Barakamon | Deca-Dence | Fate/stay night Movie: Heaven's Feel - II. Lost Butterfly | Gokukoku no Brynhildr | Jigoku Shoujo Futakomori | Shinigami Bocchan to Kuro Maid | Black Lagoon: Roberta's Blood Trail | Enen no Shouboutai: San no Shou | Date A Live: Date to Date | Rurouni Kenshin: Meiji Kenkaku Romantan - Tsuioku-hen | Magi: Sinbad no Bouken,101
strong_top3_recovery,The held-out liked title was recovered almost immediately.,2141736062,Beginner,43,32995,Yuri!!! on Ice,7.9,3,1,3.5182697772979736,32995,Yuri!!! on Ice,"Yuri!!! on Ice | Elfen Lied: Tooriame nite Arui wa, Shoujo wa Ikani Shite Sono Shinjou ni Itatta ka? - Regenschauer | Kamisama no Memochou | Mousou Dairinin | Katekyou Hitman Reborn! | Tanaka-kun wa Itsumo Kedaruge | Yahari Ore no Seishun Love Comedy wa Machigatteiru. Zoku | Kusuriya no Hitorigoto | Akaneiro ni Somaru Saka | Wonder Egg Priority: Watashi no Priority | Saint Seiya | Yuusha, Yamemasu",101
strong_top3_recovery,The held-out liked title was recovered almost immediately.,2142000846,Casual,52,28755,Boruto: Naruto the Movie,7.37,5,1,3.3754754066467285,28755,Boruto: Naruto the Movie,"Boruto: Naruto the Movie | Sword Art Online II | Vinland Saga Season 2 | Nurarihyon no Mago: Sennen Makyou | Rurouni Kenshin: Meiji Kenkaku Romantan (2023) | Shingeki no Kyotou | Gate: Jieitai Kanochi nite, Kaku Tatakaeri Part 2 | Fullmetal Alchemist: Reflections | Pokemon XY | Kimi wa Kanata | X | Psycho-Pass: Sinners of the System Case.3 - Onshuu no Kanata ni＿＿",101
strong_top3_recovery,The held-out liked title was recovered almost immediately.,711142173,Casual,60,38329,Seishun Buta Yarou wa Yumemiru Shoujo no Yume wo Minai,8.59,3,1,3.1375839710235596,38329,Seishun Buta Yarou wa Yumemiru Shoujo no Yume wo Minai,Seishun Buta Yarou wa Yumemiru Shoujo no Yume wo Minai | Tokyo Ravens | Kotonoha no Niwa | Code Geass: Hangyaku no Lelouch | Class de 2-banme ni Kawaii Onnanoko to Tomodachi ni Natta | Yubisaki to Renren | Noragami Aragoto | Pandora Hearts | Kidou Senshi Gundam: Tekketsu no Orphans | Ueki no Housoku | Vampire Hunter D (2000) | Un-Go,101
strong_top3_recovery,The held-out liked title was recovered almost immediately.,711247248,Casual,81,50346,Yofukashi no Uta,7.94,2,1,3.732863664627075,50346,Yofukashi no Uta,Yofukashi no Uta | Ore wo Suki nano wa Omae dake ka yo | Ore dake Level Up na Ken Season 2: Arise from the Shadow | Kakegurui×× | Liar Liar | Shuumatsu Nani Shitemasu ka? Isogashii desu ka? Sukutte Moratte Ii desu ka? | Aku no Hana | Salaryman ga Isekai ni Ittara Shitennou ni Natta Hanashi | Fermat no Ryouri | Ichigo 100% Special 2 | Junjou Romantica 2 | InuYasha Movie 4: Guren no Houraijima,101
strong_top3_recovery,The held-out liked title was recovered almost immediately.,722637991,Casual,90,11061,Hunter x Hunter (2011),9.03,1,1,3.6296885013580322,11061,Hunter x Hunter (2011),Hunter x Hunter (2011) | Boku no Hero Academia 7th Season | Jigokuraku 2nd Season | Tu Bian Yingxiong X | Psycho-Pass | Promare | Wu Liuqi: Anying Suming | Wu Liuqi: Zui Qiang Fa Xing Shi | Ore dake Level Up na Ken: How to Get Stronger | Ranma ½ | Mitsudomoe | Kara no Kyoukai Movie 7: Satsujin Kousatsu (Go),101
strong_top3_recovery,The held-out liked title was recovered almost immediately.,722735485,Fan,182,38474,Yuru Camp△ Season 2,8.5,6,1,3.3588006496429443,38474,Yuru Camp△ Season 2,Yuru Camp△ Season 2 | Nichijou | Isekai Quartet 2 | Usagi Drop | Hanazakari no Kimitachi e | Kao ni Denai Kashiwada-san to Kao ni Deru Oota-kun | My Home Hero | Aiura | Pokemon Movie 01: Mewtwo no Gyakushuu | Jaku-Chara Tomozaki-kun Specials | Persona 5 the Animation | Ryuu to Sobakasu no Hime,101
strong_top3_recovery,The held-out liked title was recovered almost immediately.,722846869,Casual,57,38000,Kimetsu no Yaiba,8.4,1,1,3.999753952026367,38000,Kimetsu no Yaiba,Kimetsu no Yaiba | JoJo no Kimyou na Bouken Part 5: Ougon no Kaze | ReLIFE | Another | Tengen Toppa Gurren Lagann | Kaguya-sama wa Kokurasetai: Ultra Romantic | Gangsta. | Bakemonogatari | Stranger: Mukou Hadan | Kizumonogatari III: Reiketsu-hen | Majo no Takkyuubin | Tsurune: Tsunagari no Issha,101
strong_top3_recovery,The held-out liked title was recovered almost immediately.,723295562,Casual,83,18897,Nisekoi,7.55,3,1,3.7591817378997803,18897,Nisekoi,Nisekoi | Hotarubi no Mori e | Kaze no Stigma | Blood-C | Skip Beat! | Shingeki no Kyojin Season 3 Part 2 | Kimi no Suizou wo Tabetai | Black Lagoon | Princess Tutu | Gachiakuta | Kowarekake no Orgel | Kakegurui Twin,101
strong_top3_recovery,The held-out liked title was recovered almost immediately.,2140851209,Fan,159,54112,Zom 100: Zombie ni Naru made ni Shitai 100 no Koto,7.7,4,1,3.1716866493225098,54112,Zom 100: Zombie ni Naru made ni Shitai 100 no Koto,"Zom 100: Zombie ni Naru made ni Shitai 100 no Koto | No Game No Life | Mamahaha no Tsurego ga Motokano datta | Yano-kun no Futsuu no Hibi | Kiseijuu: Sei no Kakuritsu | Dungeon ni Deai wo Motomeru no wa Machigatteiru Darou ka | Kakushigoto | Kobayashi-san Chi no Maid Dragon: Valentine, Soshite Onsen! - Amari Kitai Shinaide Kudasai | Berserk: Ougon Jidai-hen I - Haou no Tamago | Sayonara Zetsubou Sensei | One Piece: Heart of Gold | Hibike! Euphonium 2",101
strong_top3_recovery,The held-out liked title was recovered almost immediately.,2139290139,Fan,168,13601,Psycho-Pass,8.32,1,1,2.9950056076049805,13601,Psycho-Pass,"Psycho-Pass | Macross | Kami nomi zo Shiru Sekai | Kobayashi-san Chi no Maid Dragon S | Nekomonogatari: Kuro | Watashi ga Motenai no wa Dou Kangaetemo Omaera ga Warui!: Motenaishi, Nazomeite Miru | Gosick | Hinata no Aoshigure | Dorohedoro Season 2 | Zan Sayonara Zetsubou Sensei Bangaichi | Durarara!!x2 Ketsu | Blood+",101
strong_top3_recovery,The held-out liked title was recovered almost immediately.,712455913,Fan,287,35788,Shokugeki no Souma: San no Sara,7.97,1,1,3.4037694931030273,35788,Shokugeki no Souma: San no Sara,"Shokugeki no Souma: San no Sara | Danjo no Yuujou wa Seiritsu suru? (Iya, Shinai!!) | Ookami Shoujo to Kuro Ouji | Boku ga Aishita Subete no Kimi e | Gokushufudou Season 2 | Urusei Yatsura (2022) 2nd Season | Arifureta Shokugyou de Sekai Saikyou: Maboroshi no Bouken to Kiseki no Kaigou | Aishiteru Game wo Owarasetai | Bishoujo Senshi Sailor Moon | Hanbun no Tsuki ga Noboru Sora | Sennen Joyuu | Kami nomi zo Shiru Sekai: 4-nin to Idol",101
strong_top3_recovery,The held-out liked title was recovered almost immediately.,712787504,Casual,110,16870,The Last: Naruto the Movie,7.8,5,1,2.547739028930664,16870,The Last: Naruto the Movie,The Last: Naruto the Movie | Owari no Seraph: Nagoya Kessen-hen | Yofukashi no Uta | SK∞ OVA: Extra Part | Gokushufudou | Enen no Shouboutai: Ni no Shou | Angel Beats! | Kekkai Sensen | Masamune-kun no Revenge R | Seirei Gensouki | IDOLiSH7 Third Beat! Part 2 | Code:Breaker,101
strong_top3_recovery,The held-out liked title was recovered almost immediately.,712883769,Casual,126,1535,Death Note,8.62,1,1,3.415184497833252,1535,Death Note,"Death Note | Samurai Champloo | Great Teacher Onizuka | Clannad: After Story - Mou Hitotsu no Sekai, Kyou-hen | Initial D First Stage | No Game No Life | Ore no Imouto ga Konnani Kawaii Wake ga Nai Specials | Vandread | School Days: Magical Heart Kokoro-chan | Batman: Gotham Knight | One Piece: Taose! Kaizoku Ganzack | Mardock Scramble: The Second Combustion",101
strong_top3_recovery,The held-out liked title was recovered almost immediately.,2146605848,Beginner,10,37347,Dungeon ni Deai wo Motomeru no wa Machigatteiru Darou ka II,7.24,3,1,2.9401164054870605,37347,Dungeon ni Deai wo Motomeru no wa Machigatteiru Darou ka II,Dungeon ni Deai wo Motomeru no wa Machigatteiru Darou ka II | Gamers! | Mondaiji-tachi ga Isekai kara Kuru Sou desu yo? | Koutetsujou no Kabaneri | Dragon Ball Super: Broly | Nisemonogatari | Boku no Hero Academia 6th Season | Kami nomi zo Shiru Sekai II | Wu Shan Wu Xing (2020) | Ansatsu Kyoushitsu: Kagaijugyou-hen | Grenadier: Hohoemi no Senshi | Saint Seiya: The Lost Canvas - Meiou Shinwa,101
strong_top3_recovery,The held-out liked title was recovered almost immediately.,710679821,Beginner,45,1535,Death Note,8.62,1,1,3.0554184913635254,1535,Death Note,"Death Note | Gekkan Shoujo Nozaki-kun | Ima, Soko ni Iru Boku | Slime Taoshite 300-nen, Shiranai Uchi ni Level Max ni Nattemashita | Shingeki no Kyojin Movie: Kanketsu-hen - The Last Attack | Nazo no Kanojo X | Aggressive Retsuko (ONA) 5th Season | Monogatari Series: Off & Monster Season - Zankoku Douwa: Utsukushi-hime | xxxHOLiC | Kimi ga Nozomu Eien | Edens Zero | Oniichan dakedo Ai sae Areba Kankeinai yo ne!",101
strong_top3_recovery,The held-out liked title was recovered almost immediately.,710984251,Beginner,12,48736,Sono Bisque Doll wa Koi wo Suru,8.13,1,1,1.7019835710525513,48736,Sono Bisque Doll wa Koi wo Suru,Sono Bisque Doll wa Koi wo Suru | One Piece Fan Letter | One Piece Movie 01 | One Piece 3D: Mugiwara Chase | NHK ni Youkoso! | One Piece: Taose! Kaizoku Ganzack | One Piece Movie 08: Episode of Alabasta - Sabaku no Oujo to Kaizoku-tachi | Spy x Family Movie: Code: White | One Piece: Episode of Sorajima | Honzuki no Gekokujou: Shisho ni Naru Tame ni wa Shudan wo Erandeiraremasen 2nd Season | Yamada-kun to Lv999 no Koi wo Suru | Gakusen Toshi Asterisk,101
strong_top3_recovery,The held-out liked title was recovered almost immediately.,711113335,Fan,245,53126,Yamada-kun to Lv999 no Koi wo Suru,7.74,3,1,3.2906017303466797,53126,Yamada-kun to Lv999 no Koi wo Suru,Yamada-kun to Lv999 no Koi wo Suru | Code Geass: Hangyaku no Lelouch R2 | Tamayura: More Aggressive | Tensei shitara Slime Datta Ken OVA | Maou no Musume wa Yasashisugiru!! | Death March kara Hajimaru Isekai Kyousoukyoku | Gaikotsu Shotenin Honda-san | Sasameki Koto | K-On!!: Ura-On!! | Shimoneta to Iu Gainen ga Sonzai Shinai Taikutsu na Sekai | No Game No Life Specials | Hoshi no Koe,101
strong_top3_recovery,The held-out liked title was recovered almost immediately.,711125374,Casual,75,22297,Fate/stay night: Unlimited Blade Works,8.18,1,1,3.8313653469085693,22297,Fate/stay night: Unlimited Blade Works,Fate/stay night: Unlimited Blade Works | Hotaru no Haka | Sakamoto desu ga? | 5-toubun no Hanayome Movie | Saiki Kusuo no Ψ-nan: Ψ-shidou-hen | One Piece Movie 01 | Fantasy Bishoujo Juniku Ojisan to | Otaku ni Yasashii Gal wa Inai!? | Uma Musume: Cinderella Gray | Ruri no Houseki | Code Geass: Boukoku no Akito 3 - Kagayaku Mono Ten yori Otsu | Kidou Senshi Gundam I,101
strong_top3_recovery,The held-out liked title was recovered almost immediately.,713250666,Casual,101,50416,Skip to Loafer,8.1,7,1,3.707726001739502,50416,Skip to Loafer,Skip to Loafer | Kakushigoto | One Punch Man | Kimetsu no Yaiba: Mugen Ressha-hen | Samurai Champloo | Kage no Jitsuryokusha ni Naritakute! | Seiyuu Radio no Uraomote | Natsume Yuujinchou Shichi: Nobashita Te wa | Lupin III: Kutabare! Nostradamus | Raise wa Tanin ga Ii | No Game No Life: Zero | Udon no Kuni no Kiniro Kemari,101
strong_top3_recovery,The held-out liked title was recovered almost immediately.,713574560,Casual,145,22535,Kiseijuu: Sei no Kakuritsu,8.32,1,1,3.180584192276001,22535,Kiseijuu: Sei no Kakuritsu,Kiseijuu: Sei no Kakuritsu | Meitantei Conan OVA 02: 16-nin no Yougisha!? | Hataraku Maou-sama! | Dorohedoro | Tongari Boushi no Atelier | Mahouka Koukou no Rettousei | Kuragehime | Sonny Boy | Hananoi-kun to Koi no Yamai | Shakunetsu Kabaddi | Date A Live II | Sword Art Online: Alicization - War of Underworld 2nd Season,101
strong_top3_recovery,The held-out liked title was recovered almost immediately.,713595136,Fan,269,51367,JoJo no Kimyou na Bouken Part 6: Stone Ocean Part 2,8.03,9,1,3.2308428287506104,51367,JoJo no Kimyou na Bouken Part 6: Stone Ocean Part 2,JoJo no Kimyou na Bouken Part 6: Stone Ocean Part 2 | Kimi wa Houkago Insomnia | Fate/stay night Movie: Heaven's Feel - III. Spring Song | Hajime no Ippo | Isekai Quartet Movie: Another World | Osomatsu-san Special | Working!! | Rokka no Yuusha | Kore wa Zombie desu ka? | Kuzu no Honkai | Ishura | Nanatsu no Taizai: Imashime no Fukkatsu,101
strong_top3_recovery,The held-out liked title was recovered almost immediately.,713778566,Fan,191,50932,Saikyou Onmyouji no Isekai Tenseiki,7.09,12,1,3.7416977882385254,50932,Saikyou Onmyouji no Isekai Tenseiki,Saikyou Onmyouji no Isekai Tenseiki | Tensei shitara Dragon no Tamago datta | Kiznaiver | Dorohedoro | Barakamon | Shingeki no Kyojin: The Final Season Part 2 | Yamada-kun to Lv999 no Koi wo Suru | Kobayashi-san Chi no Maid Dragon S | Akuma no Riddle | JoJo no Kimyou na Bouken Part 6: Stone Ocean | Karigurashi no Arrietty | Majutsushi Orphen Hagure Tabi: Tennin no Isan,101
strong_top3_recovery,The held-out liked title was recovered almost immediately.,713907211,Fan,170,38101,5-toubun no Hanayome,7.62,2,1,3.7816972732543945,38101,5-toubun no Hanayome,"5-toubun no Hanayome | Kage no Jitsuryokusha ni Naritakute! | Devilman: Crybaby | Fumetsu no Anata e | Kanojo to Kanojo no Neko | Haikyuu!! Karasuno Koukou vs. Shiratorizawa Gakuen Koukou | Grisaia no Meikyuu: Caprice no Mayu 0 | Tensei shitara Slime Datta Ken 2nd Season: Kanwa - Veldora Nikki 2 | Paprika | Zombie-Loan | Mahou Shoujo Madoka★Magica Movie 3: Hangyaku no Monogatari | Kore wa Zombie desu ka? of the Dead: Hai, Minotake ni Attemasu",101
strong_top3_recovery,The held-out liked title was recovered almost immediately.,713973720,Beginner,30,37999,Kaguya-sama wa Kokurasetai: Tensai-tachi no Renai Zunousen,8.4,1,1,2.647260904312134,37999,Kaguya-sama wa Kokurasetai: Tensai-tachi no Renai Zunousen,Kaguya-sama wa Kokurasetai: Tensai-tachi no Renai Zunousen | Danganronpa 3: The End of Kibougamine Gakuen - Zetsubou-hen | Yakitate!! Japan | Tiger & Bunny | Da Yu Hai Tang (Movie) | Monster Musume no Iru Nichijou | Sakurada Reset | Kidou Senshi Gundam 00 Second Season | Uma Musume: Cinderella Gray | Fruits Basket: The Final | Wangan Midnight | High School DxD BorN: Yomigaeranai Fushichou,101
strong_top3_recovery,The held-out liked title was recovered almost immediately.,711317310,Casual,52,225,Dragon Ball GT,6.53,5,1,3.5640475749969482,225,Dragon Ball GT,Dragon Ball GT | Blade & Soul | Ore dake Haireru Kakushi Dungeon | Nanatsu no Taizai: Seisen no Shirushi | Shakugan no Shana III (Final) | Gakusen Toshi Asterisk 2nd Season | Chi. Chikyuu no Undou ni Tsuite | Psycho-Pass 3 | Kusuriya no Hitorigoto 2nd Season | Dogs: Bullets & Carnage | Leadale no Daichi nite | Kimi ni Todoke,101
strong_top3_recovery,The held-out liked title was recovered almost immediately.,711404768,Fan,260,431,Howl no Ugoku Shiro,8.67,1,1,1.9128048419952393,431,Howl no Ugoku Shiro,"Howl no Ugoku Shiro | D.Gray-man | Demi-chan wa Kataritai | Vinland Saga Season 2 | Meitantei Conan OVA 03: Conan to Heiji to Kieta Shounen | B: The Beginning | Shinseiki Evangelion Movie: Air/Magokoro wo, Kimi ni | Kuroshitsuji | Jaku-Chara Tomozaki-kun 2nd Stage | Kakumeiki Valvrave 2nd Season | [Oshi no Ko] 3rd Season | Shaman King (2021)",101
strong_top3_recovery,The held-out liked title was recovered almost immediately.,715834375,Beginner,21,20767,Noragami OVA,7.7,8,1,2.393050193786621,20767,Noragami OVA,Noragami OVA | Gintama Movie 2: Kanketsu-hen - Yorozuya yo Eien Nare | Yakusoku no Neverland 2nd Season | Nanatsu no Taizai | Hige wo Soru. Soshite Joshikousei wo Hirou. | Gachiakuta | Koi to Yobu ni wa Kimochi Warui | Koukyoushihen Eureka Seven | Tensei shitara Slime Datta Ken | Vampire Dormitory | Psycho-Pass 3: First Inspector | Bokura wa Minna Kawai-sou,101
strong_top3_recovery,The held-out liked title was recovered almost immediately.,2145423632,Casual,111,14813,Yahari Ore no Seishun Love Comedy wa Machigatteiru.,8.0,1,1,3.8778905868530273,14813,Yahari Ore no Seishun Love Comedy wa Machigatteiru.,"Yahari Ore no Seishun Love Comedy wa Machigatteiru. | Golden Kamuy 2nd Season | Shoujo Kakumei Utena | Giniro no Kami no Agito | Blood+ | Tokyo Ravens | One Piece Movie 07: Karakuri-jou no Mecha Kyohei | Kanojo, Okarishimasu 2nd Season | Promare: Galo-hen | Hataraku Maou-sama!! 2nd Season | Monster Musume no Iru Nichijou | Kenka Dokugaku",101
strong_top3_recovery,The held-out liked title was recovered almost immediately.,2145928900,Casual,125,52198,Kaguya-sama wa Kokurasetai: First Kiss wa Owaranai,8.71,1,1,3.6183435916900635,52198,Kaguya-sama wa Kokurasetai: First Kiss wa Owaranai,"Kaguya-sama wa Kokurasetai: First Kiss wa Owaranai | Kyuukyoku Shinka shita Full Dive RPG ga Genjitsu yori mo Kusoge Dattara | Ore ga Ojousama Gakkou ni ""Shomin Sample"" Toshite Gets♥Sareta Ken | Kuma Kuma Kuma Bear | Azur Lane | Re:Zero kara Hajimeru Isekai Seikatsu - Hyouketsu no Kizuna | Mirai no Mirai | Trigun Stampede | Persona 4 the Animation | Blood+ | Strike Witches | Mirai Nikki",101
strong_top3_recovery,The held-out liked title was recovered almost immediately.,2145982893,Casual,79,38000,Kimetsu no Yaiba,8.4,1,1,3.997253656387329,38000,Kimetsu no Yaiba,Kimetsu no Yaiba | Youjo Senki | Steins;Gate: Oukoubakko no Poriomania | Made in Abyss: Retsujitsu no Ougonkyou | Suzumiya Haruhi no Yuuutsu | Ergo Proxy | Initial D First Stage | One Piece 3D2Y: Ace no Shi wo Koete! Luffy Nakama to no Chikai | Concrete Revolutio: Choujin Gensou | Boku no Hero Academia: More | Senryuu Shoujo | Love Live! Sunshine!!,101
