mal_id,title_xml,score_xml,status_xml,title_api,score_api,status_api,_merge
412,Kore ga Watashi no Goshujinsama,0,plan_to_watch,,,,left_only
441,Shoujo Kakumei Utena: Adolescence Mokushiroku,8,completed,,,,left_only
1546,Negima!?,0,plan_to_watch,,,,left_only
2341,Choujin Densetsu Urotsukidouji,0,plan_to_watch,,,,left_only
2359,Choujin Densetsu Urotsukidouji Movie,0,plan_to_watch,,,,left_only
2403,Kodomo no Jikan (TV),0,plan_to_watch,,,,left_only
3220,Kanashimi no Belladonna,0,plan_to_watch,,,,left_only
3342,Mnemosyne: Mnemosyne no Musume-tachi,8,completed,,,,left_only
4063,Sekirei,0,plan_to_watch,,,,left_only
5042,Kiss x Sis,8,completed,,,,left_only
5163,Code Geass: Hangyaku no Lelouch R2 Picture Drama,5,completed,,,,left_only
5958,Sora no Otoshimono,0,plan_to_watch,,,,left_only
6500,Seikon no Qwaser,0,plan_to_watch,,,,left_only
7593,Kiss x Sis (TV),7,completed,,,,left_only
8407,Sora no Otoshimono Forte,0,plan_to_watch,,,,left_only
8861,Yosuga no Sora,8,completed,,,,left_only
8876,Koe de Oshigoto! The Animation,0,plan_to_watch,,,,left_only
9367,Freezing,0,plan_to_watch,,,,left_only
9515,Highschool of the Dead: Drifters of the Dead,5,completed,,,,left_only
10110,Mayo Chiki!,0,plan_to_watch,,,,left_only
10209,Kore wa Zombie desu ka? OVA,7,completed,,,,left_only
11499,Sankarea,7,completed,,,,left_only
13367,"Kono Naka ni Hitori, Imouto ga Iru!",6,completed,,,,left_only
13851,To LOVE-Ru Darkness OVA,9,completed,,,,left_only
15881,Oniichan dakedo Ai sae Areba Kankeinai yo ne! Specials,5,completed,,,,left_only
23619,Haiyore! Nyaruko-san W: W ni Sayonara/Kono Onsen ni Koi no Konton wo,7,completed,,,,left_only
28285,Trinity Seven: Nanatsu no Taizai to Nana Madoushi,5,completed,,,,left_only
28617,Punch Line,0,plan_to_watch,,,,left_only
30240,Prison School,8,completed,,,,left_only
30300,"High School DxD New: Oppai, Tsutsumimasu!",6,completed,,,,left_only
30365,Shinmai Maou no Testament Burst: Toujou Basara no Shigoku Heiwa na Nichijou,7,completed,,,,left_only
31056,Fate/kaleid liner Prisma☆Illya 2wei Herz! Specials,6,completed,,,,left_only
31442,Musaigen no Phantom World,6,completed,,,,left_only
31845,Masou Gakuen HxH,7,completed,,,,left_only
32409,Shinmai Maou no Testament Burst Specials,5,completed,,,,left_only
32698,Monster Musume no Iru Nichijou OVA,7,completed,,,,left_only
33456,Fate/kaleid liner Prisma☆Illya 3rei!! Specials,6,completed,,,,left_only
33581,Trinity Seven Movie 1: Eternity Library to Alchemic Girl,5,completed,,,,left_only
34281,High School DxD Hero,6,completed,,,,left_only
34447,Masou Gakuen HxH Specials,7,completed,,,,left_only
37719,High School DxD Hero: Taiikukan-ura no Holy,6,completed,,,,left_only
37722,Uchi no Maid ga Uzasugiru!,0,plan_to_watch,,,,left_only
37773,"Yuru Yuri,",8,completed,,,,left_only
37986,Trinity Seven Movie 2: Heavens Library to Crimson Lord,5,completed,,,,left_only
37993,Watashi ni Tenshi ga Maiorita!,0,plan_to_watch,,,,left_only
40010,Ishuzoku Reviewers,0,plan_to_watch,,,,left_only
40453,Dungeon ni Deai wo Motomeru no wa Machigatteiru Darou ka II OVA,6,completed,,,,left_only
40486,Strike the Blood: Kieta Seisou-hen,6,completed,,,,left_only
40708,Monster Musume no Oishasan,8,completed,,,,left_only
44524,Isekai Meikyuu de Harem wo,8,completed,,,,left_only
44983,Dungeon ni Deai wo Motomeru no wa Machigatteiru Darou ka III OVA,7,completed,,,,left_only
47162,Shokei Shoujo no Virgin Road,6,completed,,,,left_only
49316,Strike the Blood Final,5,completed,,,,left_only
50360,Mushoku Tensei: Isekai Ittara Honki Dasu - Eris no Goblin Toubatsu,9,completed,,,,left_only
50606,Ayakashi Triangle,6,completed,,,,left_only
50709,Lycoris Recoil,5,completed,,,,left_only
51179,Mushoku Tensei II: Isekai Ittara Honki Dasu,8,completed,,,,left_only
51693,Kaminaki Sekai no Kamisama Katsudou,9,completed,,,,left_only
51706,Yuusha ga Shinda!,7,completed,,,,left_only
51817,Watashi no Yuri wa Oshigoto desu!,5,completed,,,,left_only
52736,Tensei Oujo to Tensai Reijou no Mahou Kakumei,7,completed,,,,left_only
53833,Watashi no Oshi wa Akuyaku Reijou.,8,completed,,,,left_only
53887,Spy x Family Season 2,8,completed,,,,left_only
54265,Kekkon Yubiwa Monogatari,6,completed,,,,left_only
54722,Mahou Shoujo ni Akogarete,9,completed,,,,left_only
55818,Mushoku Tensei II: Isekai Ittara Honki Dasu - Shugo Jutsushi Fitz,8,completed,,,,left_only
55888,Mushoku Tensei II: Isekai Ittara Honki Dasu Part 2,9,completed,,,,left_only
60046,Mahou Shoujo ni Akogarete 2nd Season,0,plan_to_watch,,,,left_only
60326,"Watashi ga Koibito ni Nareru Wake Nai jan, Muri Muri! (※Muri ja Nakatta!?)",9,completed,,,,left_only
62543,"Watashi ga Koibito ni Nareru Wake Nai jan, Muri Muri! (※Muri ja Nakatta!?) (TV Special)",9,completed,,,,left_only
1,Cowboy Bebop,10,completed,Cowboy Bebop,10.0,completed,both
5,Cowboy Bebop: Tengoku no Tobira,8,completed,Cowboy Bebop: Tengoku no Tobira,8.0,completed,both
6,Trigun,7,completed,Trigun,7.0,completed,both
16,Hachimitsu to Clover,0,plan_to_watch,Hachimitsu to Clover,0.0,plan_to_watch,both
19,Monster,10,completed,Monster,10.0,completed,both
21,One Piece,8,on-hold,One Piece,8.0,on_hold,both
26,Texhnolyze,9,completed,Texhnolyze,9.0,completed,both
30,Shinseiki Evangelion,10,completed,Shinseiki Evangelion,10.0,completed,both
31,Shinseiki Evangelion Movie: Shi to Shinsei,7,completed,Shinseiki Evangelion Movie: Shi to Shinsei,7.0,completed,both
32,"Shinseiki Evangelion Movie: Air/Magokoro wo, Kimi ni",10,completed,"Shinseiki Evangelion Movie: Air/Magokoro wo, Kimi ni",10.0,completed,both
33,Kenpuu Denki Berserk,9,completed,Kenpuu Denki Berserk,9.0,completed,both
43,Koukaku Kidoutai,9,completed,Koukaku Kidoutai,9.0,completed,both
44,Rurouni Kenshin: Meiji Kenkaku Romantan - Tsuioku-hen,9,completed,Rurouni Kenshin: Meiji Kenkaku Romantan - Tsuioku-hen,9.0,completed,both
45,Rurouni Kenshin: Meiji Kenkaku Romantan,8,completed,Rurouni Kenshin: Meiji Kenkaku Romantan,8.0,completed,both
47,Akira,8,completed,Akira,8.0,completed,both
57,Beck,0,plan_to_watch,Beck,0.0,plan_to_watch,both
59,Chobits,0,plan_to_watch,Chobits,0.0,plan_to_watch,both
60,Chrno Crusade,0,plan_to_watch,Chrno Crusade,0.0,plan_to_watch,both
64,Rozen Maiden,0,plan_to_watch,Rozen Maiden,0.0,plan_to_watch,both
66,Azumanga Daiou The Animation,7,completed,Azumanga Daiou The Animation,7.0,completed,both
67,Basilisk: Kouga Ninpou Chou,0,plan_to_watch,Basilisk: Kouga Ninpou Chou,0.0,plan_to_watch,both
71,Full Metal Panic!,0,plan_to_watch,Full Metal Panic!,0.0,plan_to_watch,both
76,Mahou Shoujo Lyrical Nanoha,8,completed,Mahou Shoujo Lyrical Nanoha,8.0,completed,both
77,Mahou Shoujo Lyrical Nanoha A's,8,completed,Mahou Shoujo Lyrical Nanoha A's,8.0,completed,both
80,Kidou Senshi Gundam,0,on-hold,Kidou Senshi Gundam,0.0,on_hold,both
100,Shin Shirayuki-hime Densetsu Prétear,0,plan_to_watch,Shin Shirayuki-hime Densetsu Prétear,0.0,plan_to_watch,both
101,Air,0,plan_to_watch,Air,0.0,plan_to_watch,both
109,Bakuretsu Tenshi,0,plan_to_watch,Bakuretsu Tenshi,0.0,plan_to_watch,both
114,Sakigake!! Cromartie Koukou,0,plan_to_watch,Sakigake!! Cromartie Koukou,0.0,plan_to_watch,both
120,Fruits Basket,0,plan_to_watch,Fruits Basket,0.0,plan_to_watch,both
121,Fullmetal Alchemist,8,completed,Fullmetal Alchemist,8.0,completed,both
122,Full Moon wo Sagashite,0,plan_to_watch,Full Moon wo Sagashite,0.0,plan_to_watch,both
134,Gunslinger Girl,0,plan_to_watch,Gunslinger Girl,0.0,plan_to_watch,both
136,Hunter x Hunter,9,completed,Hunter x Hunter,9.0,completed,both
137,Hunter x Hunter: Original Video Animation,9,completed,Hunter x Hunter: Original Video Animation,9.0,completed,both
138,Hunter x Hunter: Greed Island,8,completed,Hunter x Hunter: Greed Island,8.0,completed,both
139,Hunter x Hunter: Greed Island Final,8,completed,Hunter x Hunter: Greed Island Final,8.0,completed,both
145,Kareshi Kanojo no Jijou,0,plan_to_watch,Kareshi Kanojo no Jijou,0.0,plan_to_watch,both
147,Kimi ga Nozomu Eien,0,plan_to_watch,Kimi ga Nozomu Eien,0.0,plan_to_watch,both
150,Blood+,7,completed,Blood+,7.0,completed,both
153,Juuni Kokuki,0,plan_to_watch,Juuni Kokuki,0.0,plan_to_watch,both
154,Shaman King,0,plan_to_watch,Shaman King,0.0,plan_to_watch,both
158,Maria-sama ga Miteru,0,plan_to_watch,Maria-sama ga Miteru,0.0,plan_to_watch,both
160,"Ima, Soko ni Iru Boku",6,completed,"Ima, Soko ni Iru Boku",6.0,completed,both
164,Mononoke Hime,10,completed,Mononoke Hime,10.0,completed,both
168,s.CRY.ed,0,plan_to_watch,s.CRY.ed,0.0,plan_to_watch,both
177,Tsubasa Chronicle,7,completed,Tsubasa Chronicle,7.0,completed,both
182,Tenkuu no Escaflowne,7,completed,Tenkuu no Escaflowne,7.0,completed,both
189,Love Hina,0,plan_to_watch,Love Hina,0.0,plan_to_watch,both
199,Sen to Chihiro no Kamikakushi,9,completed,Sen to Chihiro no Kamikakushi,9.0,completed,both
202,Wolf's Rain,8,completed,Wolf's Rain,8.0,completed,both
205,Samurai Champloo,8,completed,Samurai Champloo,8.0,completed,both
223,Dragon Ball,7,completed,Dragon Ball,7.0,completed,both
225,Dragon Ball GT,5,completed,Dragon Ball GT,5.0,completed,both
226,Elfen Lied,0,plan_to_watch,Elfen Lied,0.0,plan_to_watch,both
227,FLCL,8,completed,FLCL,8.0,completed,both
228,Jigoku Shoujo,7,completed,Jigoku Shoujo,7.0,completed,both
232,Cardcaptor Sakura,9,completed,Cardcaptor Sakura,9.0,completed,both
237,Koukyoushihen Eureka Seven,9,completed,Koukyoushihen Eureka Seven,9.0,completed,both
239,Gankutsuou,8,completed,Gankutsuou,8.0,completed,both
245,Great Teacher Onizuka,0,plan_to_watch,Great Teacher Onizuka,0.0,plan_to_watch,both
248,Ichigo 100%,0,plan_to_watch,Ichigo 100%,0.0,plan_to_watch,both
249,InuYasha,0,plan_to_watch,InuYasha,0.0,plan_to_watch,both
256,Hoshi no Koe,0,plan_to_watch,Hoshi no Koe,0.0,plan_to_watch,both
268,Golden Boy,0,plan_to_watch,Golden Boy,0.0,plan_to_watch,both
269,Bleach,7,completed,Bleach,7.0,completed,both
288,Bakuten Shoot Beyblade,6,completed,Bakuten Shoot Beyblade,6.0,completed,both
323,Mousou Dairinin,8,completed,Mousou Dairinin,8.0,completed,both
324,Kidou Keisatsu Patlabor: On Television,0,on-hold,Kidou Keisatsu Patlabor: On Television,0.0,on_hold,both
329,Planetes,9,completed,Planetes,9.0,completed,both
338,Versailles no Bara,0,plan_to_watch,Versailles no Bara,0.0,plan_to_watch,both
339,Serial Experiments Lain,10,completed,Serial Experiments Lain,10.0,completed,both
343,Tsukuyomi: Moon Phase,0,plan_to_watch,Tsukuyomi: Moon Phase,0.0,plan_to_watch,both
350,Ojamajo Doremi,0,plan_to_watch,Ojamajo Doremi,0.0,plan_to_watch,both
355,Shakugan no Shana,0,plan_to_watch,Shakugan no Shana,0.0,plan_to_watch,both
356,Fate/stay night,7,completed,Fate/stay night,7.0,completed,both
369,Boogiepop wa Warawanai,8,completed,Boogiepop wa Warawanai,8.0,completed,both
371,Cardcaptor Sakura Movie 1,6,completed,Cardcaptor Sakura Movie 1,6.0,completed,both
372,Cardcaptor Sakura Movie 2: Fuuin Sareta Card,8,completed,Cardcaptor Sakura Movie 2: Fuuin Sareta Card,8.0,completed,both
379,Heppoko Jikken Animation Excel♥Saga,6,completed,Heppoko Jikken Animation Excel♥Saga,6.0,completed,both
387,Haibane Renmei,9,completed,Haibane Renmei,9.0,completed,both
392,Yuu☆Yuu☆Hakusho,9,completed,Yuu☆Yuu☆Hakusho,9.0,completed,both
393,Escaflowne,6,completed,Escaflowne,6.0,completed,both
405,Blood: The Last Vampire,8,completed,Blood: The Last Vampire,8.0,completed,both
430,Fullmetal Alchemist: The Conqueror of Shamballa,7,completed,Fullmetal Alchemist: The Conqueror of Shamballa,7.0,completed,both
431,Howl no Ugoku Shiro,6,completed,Howl no Ugoku Shiro,6.0,completed,both
437,Perfect Blue,9,completed,Perfect Blue,9.0,completed,both
440,Shoujo Kakumei Utena,10,completed,Shoujo Kakumei Utena,10.0,completed,both
457,Mushishi,9,completed,Mushishi,9.0,completed,both
467,Koukaku Kidoutai: Stand Alone Complex,10,completed,Koukaku Kidoutai: Stand Alone Complex,10.0,completed,both
468,Innocence,8,completed,Innocence,8.0,completed,both
471,To Heart 2,0,plan_to_watch,To Heart 2,0.0,plan_to_watch,both
477,Aria the Animation,0,plan_to_watch,Aria the Animation,0.0,plan_to_watch,both
481,Yu☆Gi☆Oh! Duel Monsters,7,completed,Yu☆Gi☆Oh! Duel Monsters,7.0,completed,both
486,Kino no Tabi: The Beautiful World,0,plan_to_watch,Kino no Tabi: The Beautiful World,0.0,plan_to_watch,both
499,Makai Toshi Shinjuku,5,completed,Makai Toshi Shinjuku,5.0,completed,both
512,Majo no Takkyuubin,7,completed,Majo no Takkyuubin,7.0,completed,both
513,Tenkuu no Shiro Laputa,8,completed,Tenkuu no Shiro Laputa,8.0,completed,both
514,Cossette no Shouzou,9,completed,Cossette no Shouzou,9.0,completed,both
518,Mahou no Princess Minky Momo,0,plan_to_watch,Mahou no Princess Minky Momo,0.0,plan_to_watch,both
523,Tonari no Totoro,7,completed,Tonari no Totoro,7.0,completed,both
527,Pokemon,6,completed,Pokemon,6.0,completed,both
530,Bishoujo Senshi Sailor Moon,7,completed,Bishoujo Senshi Sailor Moon,7.0,completed,both
532,Bishoujo Senshi Sailor Moon S,7,completed,Bishoujo Senshi Sailor Moon S,7.0,completed,both
543,Vampire Hunter D (2000),8,completed,Vampire Hunter D (2000),8.0,completed,both
552,Digimon Adventure,8,completed,Digimon Adventure,8.0,completed,both
570,Jin-Rou,8,completed,Jin-Rou,8.0,completed,both
572,Kaze no Tani no Nausicaä,8,completed,Kaze no Tani no Nausicaä,8.0,completed,both
578,Hotaru no Haka,6,completed,Hotaru no Haka,6.0,completed,both
584,Noein: Mou Hitori no Kimi e,0,plan_to_watch,Noein: Mou Hitori no Kimi e,0.0,plan_to_watch,both
586,Ayakashi: Japanese Classic Horror,8,completed,Ayakashi: Japanese Classic Horror,8.0,completed,both
593,Mugen no Ryvius,0,plan_to_watch,Mugen no Ryvius,0.0,plan_to_watch,both
601,Nekojiru-sou,0,plan_to_watch,Nekojiru-sou,0.0,plan_to_watch,both
603,Futari wa Precure,0,plan_to_watch,Futari wa Precure,0.0,plan_to_watch,both
617,Juubee Ninpuuchou,7,completed,Juubee Ninpuuchou,7.0,completed,both
665,JoJo no Kimyou na Bouken: Adventure,6,completed,JoJo no Kimyou na Bouken: Adventure,6.0,completed,both
666,JoJo no Kimyou na Bouken,7,completed,JoJo no Kimyou na Bouken,7.0,completed,both
687,Tokyo Mew Mew,0,plan_to_watch,Tokyo Mew Mew,0.0,plan_to_watch,both
709,Mujin Wakusei Survive,8,completed,Mujin Wakusei Survive,8.0,completed,both
710,Rec,0,plan_to_watch,Rec,0.0,plan_to_watch,both
721,Princess Tutu,0,plan_to_watch,Princess Tutu,0.0,plan_to_watch,both
740,Bishoujo Senshi Sailor Moon R,6,completed,Bishoujo Senshi Sailor Moon R,6.0,completed,both
759,Tokyo Godfathers,7,completed,Tokyo Godfathers,7.0,completed,both
777,Hellsing Ultimate,8,completed,Hellsing Ultimate,8.0,completed,both
790,Ergo Proxy,7,completed,Ergo Proxy,7.0,completed,both
801,Koukaku Kidoutai: Stand Alone Complex 2nd GIG,10,completed,Koukaku Kidoutai: Stand Alone Complex 2nd GIG,10.0,completed,both
807,Tsubasa Chronicle: Torikago no Kuni no Himegimi,5,completed,Tsubasa Chronicle: Torikago no Kuni no Himegimi,5.0,completed,both
813,Dragon Ball Z,8,completed,Dragon Ball Z,8.0,completed,both
819,Boku wa Imouto ni Koi wo Suru,6,completed,Boku wa Imouto ni Koi wo Suru,6.0,completed,both
820,Ginga Eiyuu Densetsu,10,on-hold,Ginga Eiyuu Densetsu,10.0,on_hold,both
849,Suzumiya Haruhi no Yuuutsu,8,completed,Suzumiya Haruhi no Yuuutsu,8.0,completed,both
853,Ouran Koukou Host Club,8,completed,Ouran Koukou Host Club,8.0,completed,both
855,Strawberry Panic,0,plan_to_watch,Strawberry Panic,0.0,plan_to_watch,both
856,Utawarerumono,7,completed,Utawarerumono,7.0,completed,both
861,xxxHOLiC,7,completed,xxxHOLiC,7.0,completed,both
874,Digimon Tamers,9,completed,Digimon Tamers,9.0,completed,both
875,Mind Game,0,plan_to_watch,Mind Game,0.0,plan_to_watch,both
877,Nana,0,plan_to_watch,Nana,0.0,plan_to_watch,both
879,Simoun,0,plan_to_watch,Simoun,0.0,plan_to_watch,both
885,Tenshi no Tamago,8,completed,Tenshi no Tamago,8.0,completed,both
889,Black Lagoon,8,completed,Black Lagoon,8.0,completed,both
894,Dragon Ball Z Movie 01: Ora no Gohan wo Kaese!!,6,completed,Dragon Ball Z Movie 01: Ora no Gohan wo Kaese!!,6.0,completed,both
895,Dragon Ball Z Movie 02: Kono Yo de Ichiban Tsuyoi Yatsu,6,completed,Dragon Ball Z Movie 02: Kono Yo de Ichiban Tsuyoi Yatsu,6.0,completed,both
896,Dragon Ball Z Movie 03: Chikyuu Marugoto Choukessen,6,completed,Dragon Ball Z Movie 03: Chikyuu Marugoto Choukessen,6.0,completed,both
897,Dragon Ball Z Movie 04: Super Saiyajin da Son Gokuu,5,completed,Dragon Ball Z Movie 04: Super Saiyajin da Son Gokuu,5.0,completed,both
898,Dragon Ball Z Movie 05: Tobikkiri no Saikyou tai Saikyou,6,completed,Dragon Ball Z Movie 05: Tobikkiri no Saikyou tai Saikyou,6.0,completed,both
899,Dragon Ball Z Movie 06: Gekitotsu!! 100-oku Power no Senshi-tachi,4,completed,Dragon Ball Z Movie 06: Gekitotsu!! 100-oku Power no Senshi-tachi,4.0,completed,both
900,Dragon Ball Z Movie 07: Kyokugen Battle!! Sandai Super Saiyajin,5,completed,Dragon Ball Z Movie 07: Kyokugen Battle!! Sandai Super Saiyajin,5.0,completed,both
901,"Dragon Ball Z Movie 08: Moetsukiro!! Nessen, Ressen, Chougekisen",6,completed,"Dragon Ball Z Movie 08: Moetsukiro!! Nessen, Ressen, Chougekisen",6.0,completed,both
902,Dragon Ball Z Movie 09: Ginga Girigiri!! Bucchigiri no Sugoi Yatsu,6,completed,Dragon Ball Z Movie 09: Ginga Girigiri!! Bucchigiri no Sugoi Yatsu,6.0,completed,both
903,Dragon Ball Z Movie 10: Kiken na Futari! Super Senshi wa Nemurenai,3,completed,Dragon Ball Z Movie 10: Kiken na Futari! Super Senshi wa Nemurenai,3.0,completed,both
904,Dragon Ball Z Movie 11: Super Senshi Gekiha!! Katsu no wa Ore da,2,completed,Dragon Ball Z Movie 11: Super Senshi Gekiha!! Katsu no wa Ore da,2.0,completed,both
905,Dragon Ball Z Movie 12: Fukkatsu no Fusion!! Gokuu to Vegeta,6,completed,Dragon Ball Z Movie 12: Fukkatsu no Fusion!! Gokuu to Vegeta,6.0,completed,both
906,Dragon Ball Z Movie 13: Ryuuken Bakuhatsu!! Gokuu ga Yaraneba Dare ga Yaru,7,completed,Dragon Ball Z Movie 13: Ryuuken Bakuhatsu!! Gokuu ga Yaraneba Dare ga Yaru,7.0,completed,both
918,Gintama,9,completed,Gintama,9.0,completed,both
934,Higurashi no Naku Koro ni,9,completed,Higurashi no Naku Koro ni,9.0,completed,both
949,Top wo Nerae! Gunbuster,9,completed,Top wo Nerae! Gunbuster,9.0,completed,both
969,Tsubasa Chronicle 2nd Season,6,completed,Tsubasa Chronicle 2nd Season,6.0,completed,both
974,Dead Leaves,0,plan_to_watch,Dead Leaves,0.0,plan_to_watch,both
985,Dragon Ball Z Special 2: Zetsubou e no Hankou!! Nokosareta Chousenshi - Gohan to Trunks,7,completed,Dragon Ball Z Special 2: Zetsubou e no Hankou!! Nokosareta Chousenshi - Gohan to Trunks,7.0,completed,both
986,Dragon Ball Z Special 1: Tatta Hitori no Saishuu Kessen,7,completed,Dragon Ball Z Special 1: Tatta Hitori no Saishuu Kessen,7.0,completed,both
1002,Top wo Nerae 2! Diebuster,9,completed,Top wo Nerae 2! Diebuster,9.0,completed,both
1013,Le Chevalier D'Eon,0,plan_to_watch,Le Chevalier D'Eon,0.0,plan_to_watch,both
1023,Wolf's Rain OVA,8,completed,Wolf's Rain OVA,8.0,completed,both
1025,Kachou Ouji,0,plan_to_watch,Kachou Ouji,0.0,plan_to_watch,both
1029,Omoide Poroporo,7,completed,Omoide Poroporo,7.0,completed,both
1033,Sennen Joyuu,9,completed,Sennen Joyuu,9.0,completed,both
1034,Ouritsu Uchuugun: Honneamise no Tsubasa,0,plan_to_watch,Ouritsu Uchuugun: Honneamise no Tsubasa,0.0,plan_to_watch,both
1078,Cardcaptor Sakura: Kero-chan ni Omakase!,6,completed,Cardcaptor Sakura: Kero-chan ni Omakase!,6.0,completed,both
1089,Macross: Do You Remember Love?,0,plan_to_watch,Macross: Do You Remember Love?,0.0,plan_to_watch,both
1095,Kidou Keisatsu Patlabor the Movie,9,completed,Kidou Keisatsu Patlabor the Movie,9.0,completed,both
1096,Kidou Keisatsu Patlabor 2 the Movie,10,completed,Kidou Keisatsu Patlabor 2 the Movie,10.0,completed,both
1107,Youjuu Toshi,6,completed,Youjuu Toshi,6.0,completed,both
1126,Figure 17: Tsubasa & Hikaru,0,plan_to_watch,Figure 17: Tsubasa & Hikaru,0.0,plan_to_watch,both
1132,Digimon Frontier,7,completed,Digimon Frontier,7.0,completed,both
1138,Medarot,8,completed,Medarot,8.0,completed,both
1165,Sakura Taisen: Ouka Kenran,6,completed,Sakura Taisen: Ouka Kenran,6.0,completed,both
1195,Zero no Tsukaima,7,completed,Zero no Tsukaima,7.0,completed,both
1210,NHK ni Youkoso!,8,completed,NHK ni Youkoso!,8.0,completed,both
1281,Gakkou no Kaidan,0,plan_to_watch,Gakkou no Kaidan,0.0,plan_to_watch,both
1288,Kidou Keisatsu Patlabor,8,completed,Kidou Keisatsu Patlabor,8.0,completed,both
1290,WXIII Kidou Keisatsu Patlabor,8,completed,WXIII Kidou Keisatsu Patlabor,8.0,completed,both
1292,Afro Samurai,6,completed,Afro Samurai,6.0,completed,both
1303,The Animatrix,0,plan_to_watch,The Animatrix,0.0,plan_to_watch,both
1313,Digimon Adventure 02,6,completed,Digimon Adventure 02,6.0,completed,both
1347,Bubblegum Crisis,7,completed,Bubblegum Crisis,7.0,completed,both
1441,Ginga Tetsudou no Yoru,7,completed,Ginga Tetsudou no Yoru,7.0,completed,both
1454,Kemonozume,0,plan_to_watch,Kemonozume,0.0,plan_to_watch,both
1462,Memories,7,completed,Memories,7.0,completed,both
1519,Black Lagoon: The Second Barrage,8,completed,Black Lagoon: The Second Barrage,8.0,completed,both
1530,Kanon (2006),0,plan_to_watch,Kanon (2006),0.0,plan_to_watch,both
1535,Death Note,8,completed,Death Note,8.0,completed,both
1566,Koukaku Kidoutai: Stand Alone Complex - Solid State Society,9,completed,Koukaku Kidoutai: Stand Alone Complex - Solid State Society,9.0,completed,both
1571,Ghost Hunt,0,plan_to_watch,Ghost Hunt,0.0,plan_to_watch,both
1575,Code Geass: Hangyaku no Lelouch,9,completed,Code Geass: Hangyaku no Lelouch,9.0,completed,both
1594,Jigoku Shoujo Futakomori,8,completed,Jigoku Shoujo Futakomori,8.0,completed,both
1601,Red Garden,0,plan_to_watch,Red Garden,0.0,plan_to_watch,both
1686,Bleach Movie 1: Memories of Nobody,6,completed,Bleach Movie 1: Memories of Nobody,6.0,completed,both
1689,Byousoku 5 Centimeter,7,completed,Byousoku 5 Centimeter,7.0,completed,both
1690,Bokura no,0,plan_to_watch,Bokura no,0.0,plan_to_watch,both
1699,Romeo x Juliet,0,plan_to_watch,Romeo x Juliet,0.0,plan_to_watch,both
1818,Claymore,7,completed,Claymore,7.0,completed,both
1824,Hadashi no Gen,7,completed,Hadashi no Gen,7.0,completed,both
1830,Utawarerumono Specials,7,completed,Utawarerumono Specials,7.0,completed,both
1840,Zero no Tsukaima: Futatsuki no Kishi,0,plan_to_watch,Zero no Tsukaima: Futatsuki no Kishi,0.0,plan_to_watch,both
1852,Hidamari Sketch,9,completed,Hidamari Sketch,9.0,completed,both
1858,Gakuen Utopia Manabi Straight!,0,plan_to_watch,Gakuen Utopia Manabi Straight!,0.0,plan_to_watch,both
1887,Lucky☆Star,8,completed,Lucky☆Star,8.0,completed,both
1889,Higurashi no Naku Koro ni Kai,9,completed,Higurashi no Naku Koro ni Kai,9.0,completed,both
1935,Megazone 23,0,plan_to_watch,Megazone 23,0.0,plan_to_watch,both
1943,Paprika,8,completed,Paprika,8.0,completed,both
1951,Manie-Manie: Meikyuu Monogatari,0,plan_to_watch,Manie-Manie: Meikyuu Monogatari,0.0,plan_to_watch,both
1953,Code Geass: Hangyaku no Lelouch Picture Drama,5,completed,Code Geass: Hangyaku no Lelouch Picture Drama,5.0,completed,both
2001,Tengen Toppa Gurren Lagann,9,completed,Tengen Toppa Gurren Lagann,9.0,completed,both
2025,Darker than Black: Kuro no Keiyakusha,8,completed,Darker than Black: Kuro no Keiyakusha,8.0,completed,both
2026,Hayate no Gotoku!,0,plan_to_watch,Hayate no Gotoku!,0.0,plan_to_watch,both
2104,Seto no Hanayome,0,plan_to_watch,Seto no Hanayome,0.0,plan_to_watch,both
2167,Clannad,7,completed,Clannad,7.0,completed,both
2216,Shigurui,8,completed,Shigurui,8.0,completed,both
2236,Toki wo Kakeru Shoujo,7,completed,Toki wo Kakeru Shoujo,7.0,completed,both
2246,Mononoke,9,completed,Mononoke,9.0,completed,both
2251,Baccano!,8,completed,Baccano!,8.0,completed,both
2418,Stranger: Mukou Hadan,7,completed,Stranger: Mukou Hadan,7.0,completed,both
2424,"Suteki desu wa, Sakura-chan! Tomoyo no Cardcaptor Sakura Katsuyaku Video Nikki!",7,completed,"Suteki desu wa, Sakura-chan! Tomoyo no Cardcaptor Sakura Katsuyaku Video Nikki!",7.0,completed,both
2476,School Days,0,plan_to_watch,School Days,0.0,plan_to_watch,both
2593,Kara no Kyoukai Movie 1: Fukan Fuukei,9,completed,Kara no Kyoukai Movie 1: Fukan Fuukei,9.0,completed,both
2596,Shinreigari,8,completed,Shinreigari,8.0,completed,both
2605,Sayonara Zetsubou Sensei,8,completed,Sayonara Zetsubou Sensei,8.0,completed,both
2685,Tsubasa: Tokyo Revelations,8,completed,Tsubasa: Tokyo Revelations,8.0,completed,both
2759,Evangelion Movie 1: Jo,0,plan_to_watch,Evangelion Movie 1: Jo,0.0,plan_to_watch,both
2775,Genocyber,0,plan_to_watch,Genocyber,0.0,plan_to_watch,both
2889,Bleach Movie 2: The DiamondDust Rebellion - Mou Hitotsu no Hyourinmaru,6,completed,Bleach Movie 2: The DiamondDust Rebellion - Mou Hitotsu no Hyourinmaru,6.0,completed,both
2890,Gake no Ue no Ponyo,7,completed,Gake no Ue no Ponyo,7.0,completed,both
2899,Higurashi no Naku Koro ni Special: Nekogoroshi-hen,6,completed,Higurashi no Naku Koro ni Special: Nekogoroshi-hen,6.0,completed,both
2904,Code Geass: Hangyaku no Lelouch R2,9,completed,Code Geass: Hangyaku no Lelouch R2,9.0,completed,both
2923,Shugo Chara!,0,plan_to_watch,Shugo Chara!,0.0,plan_to_watch,both
2924,ef: A Tale of Memories.,9,completed,ef: A Tale of Memories.,9.0,completed,both
2931,Mokke,0,plan_to_watch,Mokke,0.0,plan_to_watch,both
2966,Ookami to Koushinryou,8,completed,Ookami to Koushinryou,8.0,completed,both
2993,Rosario to Vampire,5,completed,Rosario to Vampire,5.0,completed,both
3002,Gyakkyou Burai Kaiji: Ultimate Survivor,9,completed,Gyakkyou Burai Kaiji: Ultimate Survivor,9.0,completed,both
3014,Ginga Eiyuu Densetsu: Waga Yuku wa Hoshi no Taikai,8,completed,Ginga Eiyuu Densetsu: Waga Yuku wa Hoshi no Taikai,8.0,completed,both
3016,Ginga Eiyuu Densetsu: Arata naru Tatakai no Overture,9,completed,Ginga Eiyuu Densetsu: Arata naru Tatakai no Overture,9.0,completed,both
3089,The Sky Crawlers,8,completed,The Sky Crawlers,8.0,completed,both
3091,xxxHOLiC◆Kei,7,completed,xxxHOLiC◆Kei,7.0,completed,both
3165,Hidamari Sketch Specials,9,completed,Hidamari Sketch Specials,9.0,completed,both
3228,Zoku Sayonara Zetsubou Sensei,9,completed,Zoku Sayonara Zetsubou Sensei,9.0,completed,both
3455,To LOVE-Ru,5,completed,To LOVE-Ru,5.0,completed,both
3467,Nogizaka Haruka no Himitsu,0,plan_to_watch,Nogizaka Haruka no Himitsu,0.0,plan_to_watch,both
3508,Genius Party,0,plan_to_watch,Genius Party,0.0,plan_to_watch,both
3588,Soul Eater,0,plan_to_watch,Soul Eater,0.0,plan_to_watch,both
3593,Utawarerumono OVA,7,completed,Utawarerumono OVA,7.0,completed,both
3604,Hidamari Sketch x 365,0,plan_to_watch,Hidamari Sketch x 365,0.0,plan_to_watch,both
3652,Higurashi no Naku Koro ni Rei,9,completed,Higurashi no Naku Koro ni Rei,9.0,completed,both
3673,Nijuu Mensou no Musume,0,plan_to_watch,Nijuu Mensou no Musume,0.0,plan_to_watch,both
3701,Kaiba,0,plan_to_watch,Kaiba,0.0,plan_to_watch,both
3702,Detroit Metal City,9,completed,Detroit Metal City,9.0,completed,both
3713,Jigoku Shoujo Mitsuganae,7,completed,Jigoku Shoujo Mitsuganae,7.0,completed,both
3782,Kara no Kyoukai Movie 2: Satsujin Kousatsu (Zen),8,completed,Kara no Kyoukai Movie 2: Satsujin Kousatsu (Zen),8.0,completed,both
3783,Kara no Kyoukai Movie 3: Tsuukaku Zanryuu,8,completed,Kara no Kyoukai Movie 3: Tsuukaku Zanryuu,8.0,completed,both
3784,Evangelion Movie 2: Ha,0,plan_to_watch,Evangelion Movie 2: Ha,0.0,plan_to_watch,both
3785,Evangelion Movie 3: Q,0,plan_to_watch,Evangelion Movie 3: Q,0.0,plan_to_watch,both
3786,Shin Evangelion Movie:||,0,plan_to_watch,Shin Evangelion Movie:||,0.0,plan_to_watch,both
3901,Baccano! Specials,8,completed,Baccano! Specials,8.0,completed,both
4052,Medarot Damashii,6,completed,Medarot Damashii,6.0,completed,both
4059,"Clannad: Mou Hitotsu no Sekai, Tomoyo-hen",8,completed,"Clannad: Mou Hitotsu no Sekai, Tomoyo-hen",8.0,completed,both
4081,Natsume Yuujinchou,7,completed,Natsume Yuujinchou,7.0,completed,both
4181,Clannad: After Story,6,completed,Clannad: After Story,6.0,completed,both
4182,Darker than Black: Kuro no Keiyakusha - Sakura no Hana no Mankai no Shita,7,completed,Darker than Black: Kuro no Keiyakusha - Sakura no Hana no Mankai no Shita,7.0,completed,both
4224,Toradora!,8,completed,Toradora!,8.0,completed,both
4280,Kara no Kyoukai Movie 4: Garan no Dou,8,completed,Kara no Kyoukai Movie 4: Garan no Dou,8.0,completed,both
4282,Kara no Kyoukai Movie 5: Mujun Rasen,10,completed,Kara no Kyoukai Movie 5: Mujun Rasen,10.0,completed,both
4382,Suzumiya Haruhi no Yuuutsu (2009),8,completed,Suzumiya Haruhi no Yuuutsu (2009),8.0,completed,both
4654,Toaru Majutsu no Index,7,completed,Toaru Majutsu no Index,7.0,completed,both
4720,White Album,7,completed,White Album,7.0,completed,both
4722,Skip Beat!,0,plan_to_watch,Skip Beat!,0.0,plan_to_watch,both
4789,ef: A Tale of Melodies.,9,completed,ef: A Tale of Melodies.,9.0,completed,both
4835,Bleach Movie 3: Fade to Black - Kimi no Na wo Yobu,5,completed,Bleach Movie 3: Fade to Black - Kimi no Na wo Yobu,5.0,completed,both
4872,Goku Sayonara Zetsubou Sensei,8,completed,Goku Sayonara Zetsubou Sensei,8.0,completed,both
4896,Umineko no Naku Koro ni,0,plan_to_watch,Umineko no Naku Koro ni,0.0,plan_to_watch,both
4901,Black Lagoon: Roberta's Blood Trail,8,completed,Black Lagoon: Roberta's Blood Trail,8.0,completed,both
4918,xxxHOLiC Shunmuki,7,completed,xxxHOLiC Shunmuki,7.0,completed,both
4938,Tsubasa: Shunraiki,8,completed,Tsubasa: Shunraiki,8.0,completed,both
4975,ChäoS;HEAd,0,plan_to_watch,ChäoS;HEAd,0.0,plan_to_watch,both
4981,Casshern Sins,0,plan_to_watch,Casshern Sins,0.0,plan_to_watch,both
5030,Maria†Holic,0,plan_to_watch,Maria†Holic,0.0,plan_to_watch,both
5053,Ai City,0,plan_to_watch,Ai City,0.0,plan_to_watch,both
5081,Bakemonogatari,9,completed,Bakemonogatari,9.0,completed,both
5114,Fullmetal Alchemist: Brotherhood,9,completed,Fullmetal Alchemist: Brotherhood,9.0,completed,both
5152,Dragon Ball: Ossu! Kaettekita Son Gokuu to Nakama-tachi!!,6,completed,Dragon Ball: Ossu! Kaettekita Son Gokuu to Nakama-tachi!!,6.0,completed,both
5204,Kara no Kyoukai Movie 6: Boukyaku Rokuon,7,completed,Kara no Kyoukai Movie 6: Boukyaku Rokuon,7.0,completed,both
5205,Kara no Kyoukai Movie 7: Satsujin Kousatsu (Go),9,completed,Kara no Kyoukai Movie 7: Satsujin Kousatsu (Go),9.0,completed,both
5300,Zoku Natsume Yuujinchou,8,completed,Zoku Natsume Yuujinchou,8.0,completed,both
5341,Ookami to Koushinryou II,8,completed,Ookami to Koushinryou II,8.0,completed,both
5356,Canaan,0,plan_to_watch,Canaan,0.0,plan_to_watch,both
5630,Higashi no Eden,0,plan_to_watch,Higashi no Eden,0.0,plan_to_watch,both
5667,To LOVE-Ru OVA,6,completed,To LOVE-Ru OVA,6.0,completed,both
5678,Kobato.,0,plan_to_watch,Kobato.,0.0,plan_to_watch,both
5680,K-On!,10,completed,K-On!,10.0,completed,both
5681,Summer Wars,6,completed,Summer Wars,6.0,completed,both
5682,Phantom: Requiem for the Phantom,0,plan_to_watch,Phantom: Requiem for the Phantom,0.0,plan_to_watch,both
5781,Isekai no Seikishi Monogatari,0,plan_to_watch,Isekai no Seikishi Monogatari,0.0,plan_to_watch,both
6007,Ookami to Koushinryou II: Ookami to Kohakuiro no Yuuutsu,7,completed,Ookami to Koushinryou II: Ookami to Kohakuiro no Yuuutsu,7.0,completed,both
6045,Kimi ni Todoke,0,plan_to_watch,Kimi ni Todoke,0.0,plan_to_watch,both
6165,White Album 2nd Season,7,completed,White Album 2nd Season,7.0,completed,both
6166,Asobi ni Iku yo!,0,plan_to_watch,Asobi ni Iku yo!,0.0,plan_to_watch,both
6211,Tokyo Magnitude 8.0,0,plan_to_watch,Tokyo Magnitude 8.0,0.0,plan_to_watch,both
6213,Toaru Kagaku no Railgun,7,completed,Toaru Kagaku no Railgun,7.0,completed,both
6351,"Clannad: After Story - Mou Hitotsu no Sekai, Kyou-hen",8,completed,"Clannad: After Story - Mou Hitotsu no Sekai, Kyou-hen",8.0,completed,both
6377,Zan Sayonara Zetsubou Sensei,9,completed,Zan Sayonara Zetsubou Sensei,9.0,completed,both
6421,Fullmetal Alchemist: Brotherhood Specials,7,completed,Fullmetal Alchemist: Brotherhood Specials,7.0,completed,both
6547,Angel Beats!,9,completed,Angel Beats!,9.0,completed,both
6573,Darker than Black: Ryuusei no Gemini,6,completed,Darker than Black: Ryuusei no Gemini,6.0,completed,both
6594,Katanagatari,8,completed,Katanagatari,8.0,completed,both
6624,Kara no Kyoukai Remix: Gate of Seventh Heaven,6,completed,Kara no Kyoukai Remix: Gate of Seventh Heaven,6.0,completed,both
6675,Redline,8,completed,Redline,8.0,completed,both
6682,11eyes,0,plan_to_watch,11eyes,0.0,plan_to_watch,both
6746,Durarara!!,8,completed,Durarara!!,8.0,completed,both
6747,Dance in the Vampire Bund,0,plan_to_watch,Dance in the Vampire Bund,0.0,plan_to_watch,both
6774,Kuuchuu Buranko,0,plan_to_watch,Kuuchuu Buranko,0.0,plan_to_watch,both
6795,Genius Party Beyond,0,plan_to_watch,Genius Party Beyond,0.0,plan_to_watch,both
6862,K-On!: Live House!,9,completed,K-On!: Live House!,9.0,completed,both
6880,Deadman Wonderland,0,plan_to_watch,Deadman Wonderland,0.0,plan_to_watch,both
6922,Fate/stay night Movie: Unlimited Blade Works,5,completed,Fate/stay night Movie: Unlimited Blade Works,5.0,completed,both
6954,Kara no Kyoukai Movie 8: Shuushou,7,completed,Kara no Kyoukai Movie 8: Shuushou,7.0,completed,both
7017,K-On!: Ura-On!,5,completed,K-On!: Ura-On!,5.0,completed,both
7044,Zan Sayonara Zetsubou Sensei Bangaichi,9,completed,Zan Sayonara Zetsubou Sensei Bangaichi,9.0,completed,both
7059,Black★Rock Shooter (OVA),6,completed,Black★Rock Shooter (OVA),6.0,completed,both
7088,Ichiban Ushiro no Daimaou,6,completed,Ichiban Ushiro no Daimaou,6.0,completed,both
7193,Aoi Bungaku Series,8,completed,Aoi Bungaku Series,8.0,completed,both
7311,Suzumiya Haruhi no Shoushitsu,9,completed,Suzumiya Haruhi no Shoushitsu,9.0,completed,both
7338,Darker than Black: Kuro no Keiyakusha Gaiden,8,completed,Darker than Black: Kuro no Keiyakusha Gaiden,8.0,completed,both
7465,Eve no Jikan (Movie),8,completed,Eve no Jikan (Movie),8.0,completed,both
7472,Gintama Movie 1: Shinyaku Benizakura-hen,9,completed,Gintama Movie 1: Shinyaku Benizakura-hen,9.0,completed,both
7588,Saraiya Goyou,0,plan_to_watch,Saraiya Goyou,0.0,plan_to_watch,both
7647,Arakawa Under the Bridge,0,plan_to_watch,Arakawa Under the Bridge,0.0,plan_to_watch,both
7711,Karigurashi no Arrietty,8,completed,Karigurashi no Arrietty,8.0,completed,both
7724,Shiki,8,completed,Shiki,8.0,completed,both
7785,Yojouhan Shinwa Taikei,8,completed,Yojouhan Shinwa Taikei,8.0,completed,both
7791,K-On!!,10,completed,K-On!!,10.0,completed,both
8074,Highschool of the Dead,8,completed,Highschool of the Dead,8.0,completed,both
8100,Mardock Scramble: The First Compression,0,plan_to_watch,Mardock Scramble: The First Compression,0.0,plan_to_watch,both
8115,Uchuu Show e Youkoso,0,plan_to_watch,Uchuu Show e Youkoso,0.0,plan_to_watch,both
8129,Kuragehime,7,completed,Kuragehime,7.0,completed,both
8247,Bleach Movie 4: Jigoku-hen,6,completed,Bleach Movie 4: Jigoku-hen,6.0,completed,both
8408,Durarara!! Specials,8,completed,Durarara!! Specials,8.0,completed,both
8425,Gosick,0,plan_to_watch,Gosick,0.0,plan_to_watch,both
8465,Ichiban Ushiro no Daimaou Specials,6,completed,Ichiban Ushiro no Daimaou Specials,6.0,completed,both
8525,Kami nomi zo Shiru Sekai,8,completed,Kami nomi zo Shiru Sekai,8.0,completed,both
8675,Seitokai Yakuindomo,7,completed,Seitokai Yakuindomo,7.0,completed,both
8676,Amagami SS,7,completed,Amagami SS,7.0,completed,both
8769,Ore no Imouto ga Konnani Kawaii Wake ga Nai,7,completed,Ore no Imouto ga Konnani Kawaii Wake ga Nai,7.0,completed,both
8795,Panty & Stocking with Garterbelt,8,completed,Panty & Stocking with Garterbelt,8.0,completed,both
8841,Kore wa Zombie desu ka?,7,completed,Kore wa Zombie desu ka?,7.0,completed,both
8934,Star Driver: Kagayaki no Takuto,0,plan_to_watch,Star Driver: Kagayaki no Takuto,0.0,plan_to_watch,both
8985,Yojouhan Shinwa Taikei Specials,4,completed,Yojouhan Shinwa Taikei Specials,4.0,completed,both
8986,Supernatural The Animation,6,completed,Supernatural The Animation,6.0,completed,both
9041,IS: Infinite Stratos,5,completed,IS: Infinite Stratos,5.0,completed,both
9062,Angel Beats! Specials,8,completed,Angel Beats! Specials,8.0,completed,both
9117,Amagami SS OVA,7,completed,Amagami SS OVA,7.0,completed,both
9181,Motto To LOVE-Ru,8,completed,Motto To LOVE-Ru,8.0,completed,both
9203,K-On!!: Ura-On!!,5,completed,K-On!!: Ura-On!!,5.0,completed,both
9253,Steins;Gate,10,completed,Steins;Gate,10.0,completed,both
9260,Kizumonogatari I: Tekketsu-hen,9,completed,Kizumonogatari I: Tekketsu-hen,9.0,completed,both
9379,Denpa Onna to Seishun Otoko,9,completed,Denpa Onna to Seishun Otoko,9.0,completed,both
9617,K-On! Movie,10,completed,K-On! Movie,10.0,completed,both
9675,Kami nomi zo Shiru Sekai: Flag 0,7,completed,Kami nomi zo Shiru Sekai: Flag 0,7.0,completed,both
9734,K-On!!: Keikaku!,9,completed,K-On!!: Keikaku!,9.0,completed,both
9756,Mahou Shoujo Madoka★Magica,9,completed,Mahou Shoujo Madoka★Magica,9.0,completed,both
9776,A-Channel,0,plan_to_watch,A-Channel,0.0,plan_to_watch,both
9874,Touhou Niji Sousaku Doujin Anime: Musou Kakyou,8,watching,Touhou Niji Sousaku Doujin Anime: Musou Kakyou,8.0,watching,both
9919,Ao no Exorcist,7,completed,Ao no Exorcist,7.0,completed,both
9925,Amagami SS: Tachibana Miya-hen - Imouto,7,completed,Amagami SS: Tachibana Miya-hen - Imouto,7.0,completed,both
9969,Gintama',9,completed,Gintama',9.0,completed,both
9989,Ano Hi Mita Hana no Namae wo Bokutachi wa Mada Shiranai.,7,completed,Ano Hi Mita Hana no Namae wo Bokutachi wa Mada Shiranai.,7.0,completed,both
10012,Carnival Phantasm,8,completed,Carnival Phantasm,8.0,completed,both
10020,Ore no Imouto ga Konnani Kawaii Wake ga Nai Specials,7,completed,Ore no Imouto ga Konnani Kawaii Wake ga Nai Specials,7.0,completed,both
10029,Coquelicot-zaka kara,0,plan_to_watch,Coquelicot-zaka kara,0.0,plan_to_watch,both
10067,Angel Beats! Another Epilogue,7,completed,Angel Beats! Another Epilogue,7.0,completed,both
10080,Kami nomi zo Shiru Sekai II,8,completed,Kami nomi zo Shiru Sekai II,8.0,completed,both
10083,Shiki Specials,8,completed,Shiki Specials,8.0,completed,both
10087,Fate/Zero,9,completed,Fate/Zero,9.0,completed,both
10119,Seitokai Yakuindomo OVA,7,completed,Seitokai Yakuindomo OVA,7.0,completed,both
10162,Usagi Drop,0,plan_to_watch,Usagi Drop,0.0,plan_to_watch,both
10165,Nichijou,8,completed,Nichijou,8.0,completed,both
10257,Pretty Rhythm: Aurora Dream,0,plan_to_watch,Pretty Rhythm: Aurora Dream,0.0,plan_to_watch,both
10271,Gyakkyou Burai Kaiji: Hakairoku-hen,8,completed,Gyakkyou Burai Kaiji: Hakairoku-hen,8.0,completed,both
10278,The iDOLM@STER,9,completed,The iDOLM@STER,9.0,completed,both
10357,Jinrui wa Suitai Shimashita,0,plan_to_watch,Jinrui wa Suitai Shimashita,0.0,plan_to_watch,both
10408,Hotarubi no Mori e,7,completed,Hotarubi no Mori e,7.0,completed,both
10469,Sayonara Zetsubou Sensei Special,8,completed,Sayonara Zetsubou Sensei Special,8.0,completed,both
10491,Higurashi no Naku Koro ni Kira,8,completed,Higurashi no Naku Koro ni Kira,8.0,completed,both
10495,Yuru Yuri,8,completed,Yuru Yuri,8.0,completed,both
10588,Persona 4 the Animation,8,completed,Persona 4 the Animation,8.0,completed,both
10620,Mirai Nikki (TV),0,plan_to_watch,Mirai Nikki (TV),0.0,plan_to_watch,both
10638,Denpa Onna to Seishun Otoko: Mayonaka no Taiyou,8,completed,Denpa Onna to Seishun Otoko: Mayonaka no Taiyou,8.0,completed,both
10647,Ao no Exorcist: Ura Ex,6,completed,Ao no Exorcist: Ura Ex,6.0,completed,both
10719,Boku wa Tomodachi ga Sukunai,8,completed,Boku wa Tomodachi ga Sukunai,8.0,completed,both
10721,Mawaru Penguindrum,0,plan_to_watch,Mawaru Penguindrum,0.0,plan_to_watch,both
10739,Panty & Stocking in Sanitarybox,2,completed,Panty & Stocking in Sanitarybox,2.0,completed,both
10790,Kore wa Zombie desu ka? of the Dead,7,completed,Kore wa Zombie desu ka? of the Dead,7.0,completed,both
10793,Guilty Crown,6,completed,Guilty Crown,6.0,completed,both
10794,IS: Infinite Stratos Encore - Koi ni Kogareru Rokujuusou,5,completed,IS: Infinite Stratos Encore - Koi ni Kogareru Rokujuusou,5.0,completed,both
10805,Kami nomi zo Shiru Sekai: 4-nin to Idol,8,completed,Kami nomi zo Shiru Sekai: 4-nin to Idol,8.0,completed,both
10863,Steins;Gate: Oukoubakko no Poriomania,8,completed,Steins;Gate: Oukoubakko no Poriomania,8.0,completed,both
11061,Hunter x Hunter (2011),10,completed,Hunter x Hunter (2011),10.0,completed,both
11077,Hellsing: The Dawn,7,completed,Hellsing: The Dawn,7.0,completed,both
11111,Another,6,completed,Another,6.0,completed,both
11235,Amagami SS+ Plus,7,completed,Amagami SS+ Plus,7.0,completed,both
11266,Ao no Exorcist: Kuro no Iede,6,completed,Ao no Exorcist: Kuro no Iede,6.0,completed,both
11553,Toradora!: Bentou no Gokui,7,completed,Toradora!: Bentou no Gokui,7.0,completed,both
11577,Steins;Gate Movie: Fuka Ryouiki no Déjà vu,8,completed,Steins;Gate Movie: Fuka Ryouiki no Déjà vu,8.0,completed,both
11597,Nisemonogatari,9,completed,Nisemonogatari,9.0,completed,both
11617,High School DxD,7,completed,High School DxD,7.0,completed,both
11741,Fate/Zero 2nd Season,9,completed,Fate/Zero 2nd Season,9.0,completed,both
11751,Senki Zesshou Symphogear,0,plan_to_watch,Senki Zesshou Symphogear,0.0,plan_to_watch,both
11757,Sword Art Online,5,completed,Sword Art Online,5.0,completed,both
11761,Medaka Box,0,plan_to_watch,Medaka Box,0.0,plan_to_watch,both
11771,Kuroko no Basket,8,completed,Kuroko no Basket,8.0,completed,both
11785,Haiyore! Nyaruko-san,7,completed,Haiyore! Nyaruko-san,7.0,completed,both
11843,Danshi Koukousei no Nichijou,0,plan_to_watch,Danshi Koukousei no Nichijou,0.0,plan_to_watch,both
11887,Kokoro Connect,8,completed,Kokoro Connect,8.0,completed,both
11889,The iDOLM@STER: 765 Pro to Iu Monogatari,8,completed,The iDOLM@STER: 765 Pro to Iu Monogatari,8.0,completed,both
11981,Mahou Shoujo Madoka★Magica Movie 3: Hangyaku no Monogatari,8,completed,Mahou Shoujo Madoka★Magica Movie 3: Hangyaku no Monogatari,8.0,completed,both
12029,Uchuu Senkan Yamato 2199,0,plan_to_watch,Uchuu Senkan Yamato 2199,0.0,plan_to_watch,both
12187,Carnival Phantasm EX Season,8,completed,Carnival Phantasm EX Season,8.0,completed,both
12189,Hyouka,9,completed,Hyouka,9.0,completed,both
12231,Dragon Ball: Episode of Bardock,3,completed,Dragon Ball: Episode of Bardock,3.0,completed,both
12293,Campione! Matsurowanu Kamigami to Kamigoroshi no Maou,0,plan_to_watch,Campione! Matsurowanu Kamigami to Kamigoroshi no Maou,0.0,plan_to_watch,both
12355,Ookami Kodomo no Ame to Yuki,0,plan_to_watch,Ookami Kodomo no Ame to Yuki,0.0,plan_to_watch,both
12403,Yuru Yuri♪♪,9,completed,Yuru Yuri♪♪,9.0,completed,both
12431,Uchuu Kyoudai,0,plan_to_watch,Uchuu Kyoudai,0.0,plan_to_watch,both
12445,Tasogare Otome x Amnesia,0,plan_to_watch,Tasogare Otome x Amnesia,0.0,plan_to_watch,both
12531,Sakamichi no Apollon,0,plan_to_watch,Sakamichi no Apollon,0.0,plan_to_watch,both
12665,"Yuru Yuri: Doushite, Tomaranai, Tokimeki, Dokidoki, Paradox, Eternal",6,completed,"Yuru Yuri: Doushite, Tomaranai, Tokimeki, Dokidoki, Paradox, Eternal",6.0,completed,both
12669,Amagami SS+ Plus: Extra Episode+ Plus,7,completed,Amagami SS+ Plus: Extra Episode+ Plus,7.0,completed,both
12729,High School DxD OVA,6,completed,High School DxD OVA,6.0,completed,both
12883,Tsuritama,0,plan_to_watch,Tsuritama,0.0,plan_to_watch,both
13055,Sankarea OVA,6,completed,Sankarea OVA,6.0,completed,both
13125,Shinsekai yori,8,completed,Shinsekai yori,8.0,completed,both
13161,Hagure Yuusha no Aesthetica,6,completed,Hagure Yuusha no Aesthetica,6.0,completed,both
13263,Fate/Zero: Onegai! Einzbern Soudanshitsu,8,completed,Fate/Zero: Onegai! Einzbern Soudanshitsu,8.0,completed,both
13271,Hunter x Hunter Movie 1: Phantom Rouge,4,completed,Hunter x Hunter Movie 1: Phantom Rouge,4.0,completed,both
13357,High School DxD Specials,6,completed,High School DxD Specials,6.0,completed,both
13411,Guilty Crown: Lost Christmas - An Episode of Port Town,6,completed,Guilty Crown: Lost Christmas - An Episode of Port Town,6.0,completed,both
13469,Hyouka: Motsubeki Mono wa,7,completed,Hyouka: Motsubeki Mono wa,7.0,completed,both
13587,Persona 4 the Animation: No One is Alone,8,completed,Persona 4 the Animation: No One is Alone,8.0,completed,both
13599,Robotics;Notes,0,plan_to_watch,Robotics;Notes,0.0,plan_to_watch,both
13601,Psycho-Pass,9,completed,Psycho-Pass,9.0,completed,both
13655,Little Busters!,7,completed,Little Busters!,7.0,completed,both
13659,Ore no Imouto ga Konnani Kawaii Wake ga Nai.,6,completed,Ore no Imouto ga Konnani Kawaii Wake ga Nai.,6.0,completed,both
13663,To LOVE-Ru Darkness,9,completed,To LOVE-Ru Darkness,9.0,completed,both
13759,Sakura-sou no Pet na Kanojo,8,completed,Sakura-sou no Pet na Kanojo,8.0,completed,both
14027,Boku wa Tomodachi ga Sukunai: Relay Shousetsu wa Ketsumatsu ga Hanpanai,6,completed,Boku wa Tomodachi ga Sukunai: Relay Shousetsu wa Ketsumatsu ga Hanpanai,6.0,completed,both
14075,Zetsuen no Tempest,0,plan_to_watch,Zetsuen no Tempest,0.0,plan_to_watch,both
14131,Girls & Panzer,8,completed,Girls & Panzer,8.0,completed,both
14199,Oniichan dakedo Ai sae Areba Kankeinai yo ne!,6,completed,Oniichan dakedo Ai sae Areba Kankeinai yo ne!,6.0,completed,both
14345,Btooom!,0,plan_to_watch,Btooom!,0.0,plan_to_watch,both
14349,Little Witch Academia,8,completed,Little Witch Academia,8.0,completed,both
14353,Death Billiards,7,completed,Death Billiards,7.0,completed,both
14407,Persona 3 the Movie 1: Spring of Birth,8,completed,Persona 3 the Movie 1: Spring of Birth,8.0,completed,both
14513,Magi: The Labyrinth of Magic,7,completed,Magi: The Labyrinth of Magic,7.0,completed,both
14515,Sasami-san@Ganbaranai,0,plan_to_watch,Sasami-san@Ganbaranai,0.0,plan_to_watch,both
14719,JoJo no Kimyou na Bouken (TV),8,completed,JoJo no Kimyou na Bouken (TV),8.0,completed,both
14741,Chuunibyou demo Koi ga Shitai!,7,completed,Chuunibyou demo Koi ga Shitai!,7.0,completed,both
14807,Kara no Kyoukai Movie: Mirai Fukuin,7,completed,Kara no Kyoukai Movie: Mirai Fukuin,7.0,completed,both
14813,Yahari Ore no Seishun Love Comedy wa Machigatteiru.,8,completed,Yahari Ore no Seishun Love Comedy wa Machigatteiru.,8.0,completed,both
14829,Fate/kaleid liner Prisma☆Illya,8,completed,Fate/kaleid liner Prisma☆Illya,8.0,completed,both
14835,The iDOLM@STER Shiny Festa,8,completed,The iDOLM@STER Shiny Festa,8.0,completed,both
14837,Dragon Ball Z Movie 14: Kami to Kami,7,completed,Dragon Ball Z Movie 14: Kami to Kami,7.0,completed,both
14967,Boku wa Tomodachi ga Sukunai Next,7,completed,Boku wa Tomodachi ga Sukunai Next,7.0,completed,both
15051,Love Live! School Idol Project,8,completed,Love Live! School Idol Project,8.0,completed,both
15061,Aikatsu!,8,on-hold,Aikatsu!,8.0,on_hold,both
15117,Kami nomi zo Shiru Sekai: Tenri-hen,8,completed,Kami nomi zo Shiru Sekai: Tenri-hen,8.0,completed,both
15125,Teekyuu,0,plan_to_watch,Teekyuu,0.0,plan_to_watch,both
15225,Hentai Ouji to Warawanai Neko.,7,completed,Hentai Ouji to Warawanai Neko.,7.0,completed,both
15335,Gintama Movie 2: Kanketsu-hen - Yorozuya yo Eien Nare,8,completed,Gintama Movie 2: Kanketsu-hen - Yorozuya yo Eien Nare,8.0,completed,both
15407,Magical Suite Prism Nana,0,plan_to_watch,Magical Suite Prism Nana,0.0,plan_to_watch,both
15417,Gintama': Enchousen,9,completed,Gintama': Enchousen,9.0,completed,both
15437,"Kore wa Zombie desu ka? of the Dead: Hai, Minotake ni Attemasu",7,completed,"Kore wa Zombie desu ka? of the Dead: Hai, Minotake ni Attemasu",7.0,completed,both
15451,High School DxD New,7,completed,High School DxD New,7.0,completed,both
15487,Kuroko no Basket NG-shuu,7,completed,Kuroko no Basket NG-shuu,7.0,completed,both
15583,Date A Live,7,completed,Date A Live,7.0,completed,both
15609,"Kono Naka ni Hitori, Imouto ga Iru!: Ani, Imouto, Koibito",6,completed,"Kono Naka ni Hitori, Imouto ga Iru!: Ani, Imouto, Koibito",6.0,completed,both
15687,Chuunibyou demo Koi ga Shitai! Lite,7,completed,Chuunibyou demo Koi ga Shitai! Lite,7.0,completed,both
15689,Nekomonogatari: Kuro,8,completed,Nekomonogatari: Kuro,8.0,completed,both
15699,Haiyore! Nyaruko-san W,8,completed,Haiyore! Nyaruko-san W,8.0,completed,both
15771,Saint☆Oniisan (Movie),8,completed,Saint☆Oniisan (Movie),8.0,completed,both
15809,Hataraku Maou-sama!,8,completed,Hataraku Maou-sama!,8.0,completed,both
15811,Girls & Panzer Specials,8,completed,Girls & Panzer Specials,8.0,completed,both
15879,Chuunibyou demo Koi ga Shitai! Depth of Field: Ai to Nikushimi Gekijou,7,completed,Chuunibyou demo Koi ga Shitai! Depth of Field: Ai to Nikushimi Gekijou,7.0,completed,both
15911,Yuyushiki,0,plan_to_watch,Yuyushiki,0.0,plan_to_watch,both
15927,Carnival Phantasm: HibiChika Special,8,completed,Carnival Phantasm: HibiChika Special,8.0,completed,both
16001,Kokoro Connect: Michi Random,8,completed,Kokoro Connect: Michi Random,8.0,completed,both
16009,Kamisama no Inai Nichiyoubi,0,plan_to_watch,Kamisama no Inai Nichiyoubi,0.0,plan_to_watch,both
16049,Toaru Kagaku no Railgun S,8,completed,Toaru Kagaku no Railgun S,8.0,completed,both
16067,Nagi no Asu kara,0,plan_to_watch,Nagi no Asu kara,0.0,plan_to_watch,both
16199,Girls & Panzer: Shoukai Shimasu!,7,completed,Girls & Panzer: Shoukai Shimasu!,7.0,completed,both
16201,Aku no Hana,0,plan_to_watch,Aku no Hana,0.0,plan_to_watch,both
16417,Tamako Market,7,completed,Tamako Market,7.0,completed,both
16498,Shingeki no Kyojin,8,completed,Shingeki no Kyojin,8.0,completed,both
16592,Danganronpa: Kibou no Gakuen to Zetsubou no Koukousei The Animation,6,completed,Danganronpa: Kibou no Gakuen to Zetsubou no Koukousei The Animation,6.0,completed,both
16662,Kaze Tachinu,9,completed,Kaze Tachinu,9.0,completed,both
16694,Sankarea: Wagahai mo... Zombie de Aru...,6,completed,Sankarea: Wagahai mo... Zombie de Aru...,6.0,completed,both
16700,Higurashi no Naku Koro ni Kaku: Outbreak,7,completed,Higurashi no Naku Koro ni Kaku: Outbreak,7.0,completed,both
16706,Kami nomi zo Shiru Sekai: Megami-hen,8,completed,Kami nomi zo Shiru Sekai: Megami-hen,8.0,completed,both
16732,Kiniro Mosaic,7,completed,Kiniro Mosaic,7.0,completed,both
16742,Watashi ga Motenai no wa Dou Kangaetemo Omaera ga Warui!,8,completed,Watashi ga Motenai no wa Dou Kangaetemo Omaera ga Warui!,8.0,completed,both
16782,Kotonoha no Niwa,7,completed,Kotonoha no Niwa,7.0,completed,both
16894,Kuroko no Basket 2nd Season,8,completed,Kuroko no Basket 2nd Season,8.0,completed,both
16916,Kuroko no Basket: Tip Off,8,completed,Kuroko no Basket: Tip Off,8.0,completed,both
16934,Chuunibyou demo Koi ga Shitai! Kirameki no... Slapstick Noel,7,completed,Chuunibyou demo Koi ga Shitai! Kirameki no... Slapstick Noel,7.0,completed,both
17074,Monogatari Series: Second Season,10,completed,Monogatari Series: Second Season,10.0,completed,both
17121,Dareka no Manazashi,6,completed,Dareka no Manazashi,6.0,completed,both
17187,Koukaku Kidoutai Arise: Ghost in the Shell - Border:1 Ghost Pain,6,completed,Koukaku Kidoutai Arise: Ghost in the Shell - Border:1 Ghost Pain,6.0,completed,both
17247,Machine-Doll wa Kizutsukanai,6,completed,Machine-Doll wa Kizutsukanai,6.0,completed,both
17259,Kuroko no Basket: Oshaberi Shiyokka,7,completed,Kuroko no Basket: Oshaberi Shiyokka,7.0,completed,both
17265,Log Horizon,9,completed,Log Horizon,9.0,completed,both
17437,The iDOLM@STER Movie: Kagayaki no Mukougawa e!,8,completed,The iDOLM@STER Movie: Kagayaki no Mukougawa e!,8.0,completed,both
17549,Non Non Biyori,7,completed,Non Non Biyori,7.0,completed,both
17641,Date A Live: Date to Date,6,completed,Date A Live: Date to Date,6.0,completed,both
17643,Little Busters! Sekai no Saitou wa Ore ga Mamoru!,8,completed,Little Busters! Sekai no Saitou wa Ore ga Mamoru!,8.0,completed,both
17651,Genei wo Kakeru Taiyou,0,plan_to_watch,Genei wo Kakeru Taiyou,0.0,plan_to_watch,both
17725,Magical☆Star Kanon 100%,8,completed,Magical☆Star Kanon 100%,8.0,completed,both
17729,Grisaia no Kajitsu,7,completed,Grisaia no Kajitsu,7.0,completed,both
18115,Magi: The Kingdom of Magic,8,completed,Magi: The Kingdom of Magic,8.0,completed,both
18153,Kyoukai no Kanata,6,completed,Kyoukai no Kanata,6.0,completed,both
18195,Little Busters! Refrain,8,completed,Little Busters! Refrain,8.0,completed,both
18245,White Album 2,0,plan_to_watch,White Album 2,0.0,plan_to_watch,both
18247,IS: Infinite Stratos 2,5,completed,IS: Infinite Stratos 2,5.0,completed,both
18277,Strike the Blood,6,completed,Strike the Blood,6.0,completed,both
18343,Girls & Panzer: Fushou Akiyama Yukari no Sensha Kouza,7,completed,Girls & Panzer: Fushou Akiyama Yukari no Sensha Kouza,7.0,completed,both
18397,Shingeki no Kyojin OVA,7,completed,Shingeki no Kyojin OVA,7.0,completed,both
18507,Free!,7,completed,Free!,7.0,completed,both
18617,Girls & Panzer Movie,8,completed,Girls & Panzer Movie,8.0,completed,both
18619,Girls & Panzer: Kore ga Hontou no Anzio-sen desu!,8,completed,Girls & Panzer: Kore ga Hontou no Anzio-sen desu!,8.0,completed,both
18671,Chuunibyou demo Koi ga Shitai! Ren,7,completed,Chuunibyou demo Koi ga Shitai! Ren,7.0,completed,both
18679,Kill la Kill,9,completed,Kill la Kill,9.0,completed,both
18713,Haiyore! Nyaruko-san: Yasashii Teki no Shitome-kata,7,completed,Haiyore! Nyaruko-san: Yasashii Teki no Shitome-kata,7.0,completed,both
18753,Yahari Ore no Seishun Love Comedy wa Machigatteiru. OVA,8,completed,Yahari Ore no Seishun Love Comedy wa Machigatteiru. OVA,8.0,completed,both
18851,Fate/kaleid liner Prisma☆Illya: Undoukai de Dance!,8,completed,Fate/kaleid liner Prisma☆Illya: Undoukai de Dance!,8.0,completed,both
18857,Ore no Imouto ga Konnani Kawaii Wake ga Nai. Specials,5,completed,Ore no Imouto ga Konnani Kawaii Wake ga Nai. Specials,5.0,completed,both
18897,Nisekoi,0,plan_to_watch,Nisekoi,0.0,plan_to_watch,both
19023,"Wake Up, Girls!",0,plan_to_watch,"Wake Up, Girls!",0.0,plan_to_watch,both
19109,Fate/kaleid liner Prisma☆Illya Specials,7,completed,Fate/kaleid liner Prisma☆Illya Specials,7.0,completed,both
19111,Love Live! School Idol Project 2nd Season,8,completed,Love Live! School Idol Project 2nd Season,8.0,completed,both
19163,Date A Live II,6,completed,Date A Live II,6.0,completed,both
19191,Koukaku Kidoutai Arise: Ghost in the Shell - Border:2 Ghost Whispers,6,completed,Koukaku Kidoutai Arise: Ghost in the Shell - Border:2 Ghost Whispers,6.0,completed,both
19193,Koukaku Kidoutai Arise: Ghost in the Shell - Border:3 Ghost Tears,5,completed,Koukaku Kidoutai Arise: Ghost in the Shell - Border:3 Ghost Tears,5.0,completed,both
19195,Koukaku Kidoutai Arise: Ghost in the Shell - Border:4 Ghost Stands Alone,6,completed,Koukaku Kidoutai Arise: Ghost in the Shell - Border:4 Ghost Stands Alone,6.0,completed,both
19221,"Ore no Nounai Sentakushi ga, Gakuen Love Comedy wo Zenryoku de Jama Shiteiru",0,plan_to_watch,"Ore no Nounai Sentakushi ga, Gakuen Love Comedy wo Zenryoku de Jama Shiteiru",0.0,plan_to_watch,both
19365,Samurai Flamenco,0,plan_to_watch,Samurai Flamenco,0.0,plan_to_watch,both
19383,Yami Shibai,0,plan_to_watch,Yami Shibai,0.0,plan_to_watch,both
19489,Little Witch Academia: Mahoujikake no Parade,7,completed,Little Witch Academia: Mahoujikake no Parade,7.0,completed,both
19669,Kuroko no Basket: Baka ja Katenai no yo!,7,completed,Kuroko no Basket: Baka ja Katenai no yo!,7.0,completed,both
19671,Free!: FrFr - Short Movie,6,completed,Free!: FrFr - Short Movie,6.0,completed,both
19815,No Game No Life,8,completed,No Game No Life,8.0,completed,both
20047,Sakura Trick,7,completed,Sakura Trick,7.0,completed,both
20057,Space☆Dandy,8,completed,Space☆Dandy,8.0,completed,both
20391,Hidamari Sketch: Chou Hidamatsuri Special,8,completed,Hidamari Sketch: Chou Hidamatsuri Special,8.0,completed,both
20507,Noragami,6,completed,Noragami,6.0,completed,both
20509,Fate/kaleid liner Prisma☆Illya 2wei!,8,completed,Fate/kaleid liner Prisma☆Illya 2wei!,8.0,completed,both
20517,Little Busters! EX,8,completed,Little Busters! EX,8.0,completed,both
20541,Mikakunin de Shinkoukei,0,plan_to_watch,Mikakunin de Shinkoukei,0.0,plan_to_watch,both
20583,Haikyuu!!,8,completed,Haikyuu!!,8.0,completed,both
20745,Love Live! School Idol Project OVA,6,completed,Love Live! School Idol Project OVA,6.0,completed,both
20767,Noragami OVA,6,completed,Noragami OVA,6.0,completed,both
20785,Mahouka Koukou no Rettousei,8,completed,Mahouka Koukou no Rettousei,8.0,completed,both
20847,Seitokai Yakuindomo*,8,completed,Seitokai Yakuindomo*,8.0,completed,both
20853,Hitsugi no Chaika,0,plan_to_watch,Hitsugi no Chaika,0.0,plan_to_watch,both
20899,JoJo no Kimyou na Bouken Part 3: Stardust Crusaders,8,completed,JoJo no Kimyou na Bouken Part 3: Stardust Crusaders,8.0,completed,both
21185,Baby Steps,0,plan_to_watch,Baby Steps,0.0,plan_to_watch,both
21189,"Wake Up, Girls! Shichinin no Idol",0,plan_to_watch,"Wake Up, Girls! Shichinin no Idol",0.0,plan_to_watch,both
21273,Gochuumon wa Usagi desu ka?,9,completed,Gochuumon wa Usagi desu ka?,9.0,completed,both
21327,Isshuukan Friends.,0,plan_to_watch,Isshuukan Friends.,0.0,plan_to_watch,both
21329,Mushishi: Hihamukage,9,completed,Mushishi: Hihamukage,9.0,completed,both
21339,Psycho-Pass Movie 1,7,completed,Psycho-Pass Movie 1,7.0,completed,both
21473,Persona 3 the Movie 2: Midsummer Knight's Dream,8,completed,Persona 3 the Movie 2: Midsummer Knight's Dream,8.0,completed,both
21557,Omoide no Marnie,9,completed,Omoide no Marnie,9.0,completed,both
21603,Mekakucity Actors,0,plan_to_watch,Mekakucity Actors,0.0,plan_to_watch,both
21647,Tamako Love Story,8,completed,Tamako Love Story,8.0,completed,both
21653,IS: Infinite Stratos 2 - World Purge-hen,7,completed,IS: Infinite Stratos 2 - World Purge-hen,7.0,completed,both
21659,Kill la Kill Specials,8,completed,Kill la Kill Specials,8.0,completed,both
21667,Non Non Biyori: Okinawa e Ikukoto ni Natta,7,completed,Non Non Biyori: Okinawa e Ikukoto ni Natta,7.0,completed,both
21797,Chuunibyou demo Koi ga Shitai! Ren Lite,7,completed,Chuunibyou demo Koi ga Shitai! Ren Lite,7.0,completed,both
21855,Hanamonogatari,9,completed,Hanamonogatari,9.0,completed,both
21881,Sword Art Online II,4,completed,Sword Art Online II,4.0,completed,both
21939,Mushishi Zoku Shou,9,completed,Mushishi Zoku Shou,9.0,completed,both
21995,Ao Haru Ride,0,plan_to_watch,Ao Haru Ride,0.0,plan_to_watch,both
22125,Kuroko no Basket: Mou Ikkai Yarimasen ka,7,completed,Kuroko no Basket: Mou Ikkai Yarimasen ka,7.0,completed,both
22135,Ping Pong the Animation,9,completed,Ping Pong the Animation,9.0,completed,both
22147,Amagi Brilliant Park,8,completed,Amagi Brilliant Park,8.0,completed,both
22199,Akame ga Kill!,3,completed,Akame ga Kill!,3.0,completed,both
22265,Free! Eternal Summer,7,completed,Free! Eternal Summer,7.0,completed,both
22273,Selector Infected WIXOSS,0,plan_to_watch,Selector Infected WIXOSS,0.0,plan_to_watch,both
22297,Fate/stay night: Unlimited Blade Works,8,completed,Fate/stay night: Unlimited Blade Works,8.0,completed,both
22319,Tokyo Ghoul,5,completed,Tokyo Ghoul,5.0,completed,both
22535,Kiseijuu: Sei no Kakuritsu,6,completed,Kiseijuu: Sei no Kakuritsu,6.0,completed,both
22663,Seiken Tsukai no World Break,6,completed,Seiken Tsukai no World Break,6.0,completed,both
22673,Kuroko no Basket 2nd Season NG-shuu,7,completed,Kuroko no Basket 2nd Season NG-shuu,7.0,completed,both
22729,Aldnoah.Zero,0,plan_to_watch,Aldnoah.Zero,0.0,plan_to_watch,both
22763,Kara no Kyoukai Movie: Mirai Fukuin - Extra Chorus,7,completed,Kara no Kyoukai Movie: Mirai Fukuin - Extra Chorus,7.0,completed,both
22789,Barakamon,8,completed,Barakamon,8.0,completed,both
22819,Aikatsu! Movie,0,plan_to_watch,Aikatsu! Movie,0.0,plan_to_watch,both
22877,Seireitsukai no Blade Dance,6,completed,Seireitsukai no Blade Dance,6.0,completed,both
22961,Date A Live II: Kurumi Star Festival,8,completed,Date A Live II: Kurumi Star Festival,8.0,completed,both
23135,PriPara,0,plan_to_watch,PriPara,0.0,plan_to_watch,both
23199,Durarara!!x2 Shou,8,completed,Durarara!!x2 Shou,8.0,completed,both
23225,Yuru Yuri Nachuyachumi!,9,completed,Yuru Yuri Nachuyachumi!,9.0,completed,both
23233,Shinmai Maou no Testament,8,completed,Shinmai Maou no Testament,8.0,completed,both
23237,Chuunibyou demo Koi ga Shitai! Ren Specials,7,completed,Chuunibyou demo Koi ga Shitai! Ren Specials,7.0,completed,both
23269,Hello!! Kiniro Mosaic,7,completed,Hello!! Kiniro Mosaic,7.0,completed,both
23273,Shigatsu wa Kimi no Uso,8,completed,Shigatsu wa Kimi no Uso,8.0,completed,both
23277,Saenai Heroine no Sodatekata,7,completed,Saenai Heroine no Sodatekata,7.0,completed,both
23281,Psycho-Pass 2,4,completed,Psycho-Pass 2,4.0,completed,both
23283,Zankyou no Terror,5,completed,Zankyou no Terror,5.0,completed,both
23289,Gekkan Shoujo Nozaki-kun,8,completed,Gekkan Shoujo Nozaki-kun,8.0,completed,both
23321,Log Horizon 2nd Season,9,completed,Log Horizon 2nd Season,9.0,completed,both
23327,Space☆Dandy 2nd Season,8,completed,Space☆Dandy 2nd Season,8.0,completed,both
23341,Yoku Wakaru Mahouka!,6,completed,Yoku Wakaru Mahouka!,6.0,completed,both
23385,Kyoukai no Kanata: Shinonome,7,completed,Kyoukai no Kanata: Shinonome,7.0,completed,both
23587,The iDOLM@STER Cinderella Girls,8,completed,The iDOLM@STER Cinderella Girls,8.0,completed,both
23623,Non Non Biyori Repeat,7,completed,Non Non Biyori Repeat,7.0,completed,both
23847,Yahari Ore no Seishun Love Comedy wa Machigatteiru. Zoku,9,completed,Yahari Ore no Seishun Love Comedy wa Machigatteiru. Zoku,9.0,completed,both
24075,Persona 4 the Golden Animation,7,completed,Persona 4 the Golden Animation,7.0,completed,both
24415,Kuroko no Basket 3rd Season,8,completed,Kuroko no Basket 3rd Season,8.0,completed,both
24439,Kekkai Sensen,7,completed,Kekkai Sensen,7.0,completed,both
24543,Persona 3 the Movie 3: Falling Down,8,completed,Persona 3 the Movie 3: Falling Down,8.0,completed,both
24627,Yamada-kun to 7-nin no Majo: Mou Hitotsu no Suzaku-sai,7,completed,Yamada-kun to 7-nin no Majo: Mou Hitotsu no Suzaku-sai,7.0,completed,both
24655,Date A Live Movie: Mayuri Judgment,5,completed,Date A Live Movie: Mayuri Judgment,5.0,completed,both
24687,Mushishi Zoku Shou: Odoro no Michi,9,completed,Mushishi Zoku Shou: Odoro no Michi,9.0,completed,both
24701,Mushishi Zoku Shou 2nd Season,9,completed,Mushishi Zoku Shou 2nd Season,9.0,completed,both
24703,High School DxD BorN,7,completed,High School DxD BorN,7.0,completed,both
24765,Gakkougurashi!,0,plan_to_watch,Gakkougurashi!,0.0,plan_to_watch,both
24833,Ansatsu Kyoushitsu,7,completed,Ansatsu Kyoushitsu,7.0,completed,both
24991,No Game No Life Specials,5,completed,No Game No Life Specials,5.0,completed,both
24997,Love Live! The School Idol Movie,7,completed,Love Live! The School Idol Movie,7.0,completed,both
25011,Fate/kaleid liner Prisma☆Illya 2wei! Specials,6,completed,Fate/kaleid liner Prisma☆Illya 2wei! Specials,6.0,completed,both
25013,Akatsuki no Yona,7,completed,Akatsuki no Yona,7.0,completed,both
25157,Trinity Seven,5,completed,Trinity Seven,5.0,completed,both
25159,Inou-Battle wa Nichijou-kei no Naka de,7,completed,Inou-Battle wa Nichijou-kei no Naka de,7.0,completed,both
25285,Seireitsukai no Blade Dance Specials,6,completed,Seireitsukai no Blade Dance Specials,6.0,completed,both
25303,Haikyuu!! Lev Genzan!,7,completed,Haikyuu!! Lev Genzan!,7.0,completed,both
25389,"Dragon Ball Z Movie 15: Fukkatsu no ""F""",7,completed,"Dragon Ball Z Movie 15: Fukkatsu no ""F""",7.0,completed,both
25397,Absolute Duo,7,completed,Absolute Duo,7.0,completed,both
25537,Fate/stay night Movie: Heaven's Feel - I. Presage Flower,8,completed,Fate/stay night Movie: Heaven's Feel - I. Presage Flower,8.0,completed,both
25777,Shingeki no Kyojin Season 2,9,completed,Shingeki no Kyojin Season 2,9.0,completed,both
25781,Shingeki no Kyojin: Kuinaki Sentaku,8,completed,Shingeki no Kyojin: Kuinaki Sentaku,8.0,completed,both
25835,Shirobako,9,completed,Shirobako,9.0,completed,both
25867,Rolling☆Girls,0,plan_to_watch,Rolling☆Girls,0.0,plan_to_watch,both
26023,Haiyore! Nyaruko-san F,8,completed,Haiyore! Nyaruko-san F,8.0,completed,both
26055,JoJo no Kimyou na Bouken Part 3: Stardust Crusaders - Egypt-hen,8,completed,JoJo no Kimyou na Bouken Part 3: Stardust Crusaders - Egypt-hen,8.0,completed,both
26057,Fate/kaleid liner Prisma☆Illya 2wei!: Mahou Shoujo in Onsen Ryokou,8,completed,Fate/kaleid liner Prisma☆Illya 2wei!: Mahou Shoujo in Onsen Ryokou,8.0,completed,both
26123,Seitokai Yakuindomo* OVA,7,completed,Seitokai Yakuindomo* OVA,7.0,completed,both
26213,Free! Eternal Summer: Kindan no All Hard!,7,completed,Free! Eternal Summer: Kindan no All Hard!,7.0,completed,both
26243,Owari no Seraph,7,completed,Owari no Seraph,7.0,completed,both
26359,Persona 4 the Golden Animation: Thank you Mr. Accomplice,6,completed,Persona 4 the Golden Animation: Thank you Mr. Accomplice,6.0,completed,both
26441,Junketsu no Maria,0,plan_to_watch,Junketsu no Maria,0.0,plan_to_watch,both
27411,Koukaku Kidoutai: Shin Movie,7,completed,Koukaku Kidoutai: Shin Movie,7.0,completed,both
27441,Show By Rock!!,0,plan_to_watch,Show By Rock!!,0.0,plan_to_watch,both
27525,Fate/kaleid liner Prisma☆Illya 2wei Herz!,8,completed,Fate/kaleid liner Prisma☆Illya 2wei Herz!,8.0,completed,both
27601,Chuunibyou demo Koi ga Shitai! Ren: The Rikka Wars,7,completed,Chuunibyou demo Koi ga Shitai! Ren: The Rikka Wars,7.0,completed,both
27633,Gekkan Shoujo Nozaki-kun Specials,8,completed,Gekkan Shoujo Nozaki-kun Specials,8.0,completed,both
27727,Binan Koukou Chikyuu Bouei-bu Love!,0,plan_to_watch,Binan Koukou Chikyuu Bouei-bu Love!,0.0,plan_to_watch,both
27775,Plastic Memories,0,plan_to_watch,Plastic Memories,0.0,plan_to_watch,both
27821,Fate/stay night: Unlimited Blade Works Prologue,8,completed,Fate/stay night: Unlimited Blade Works Prologue,8.0,completed,both
27831,Durarara!!x2 Ten,8,completed,Durarara!!x2 Ten,8.0,completed,both
27833,Durarara!!x2 Ketsu,8,completed,Durarara!!x2 Ketsu,8.0,completed,both
27957,Steins;Gate: Soumei Eichi no Cognitive Computing,8,completed,Steins;Gate: Soumei Eichi no Cognitive Computing,8.0,completed,both
27989,Hibike! Euphonium,9,completed,Hibike! Euphonium,9.0,completed,both
28025,Tsukimonogatari,8,completed,Tsukimonogatari,8.0,completed,both
28105,Shirobako Specials,8,completed,Shirobako Specials,8.0,completed,both
28121,Dungeon ni Deai wo Motomeru no wa Machigatteiru Darou ka,7,completed,Dungeon ni Deai wo Motomeru no wa Machigatteiru Darou ka,7.0,completed,both
28171,Shokugeki no Souma,8,completed,Shokugeki no Souma,8.0,completed,both
28223,Death Parade,8,completed,Death Parade,8.0,completed,both
28405,Ansatsu Kyoushitsu: Deai no Jikan,6,completed,Ansatsu Kyoushitsu: Deai no Jikan,6.0,completed,both
28623,Koutetsujou no Kabaneri,6,completed,Koutetsujou no Kabaneri,6.0,completed,both
28675,Kyoukai no Kanata Movie 2: I'll Be Here - Mirai-hen,6,completed,Kyoukai no Kanata Movie 2: I'll Be Here - Mirai-hen,6.0,completed,both
28677,Yamada-kun to 7-nin no Majo,7,completed,Yamada-kun to 7-nin no Majo,7.0,completed,both
28701,Fate/stay night: Unlimited Blade Works 2nd Season,8,completed,Fate/stay night: Unlimited Blade Works 2nd Season,8.0,completed,both
28725,Kokoro ga Sakebitagatterunda.,8,completed,Kokoro ga Sakebitagatterunda.,8.0,completed,both
28735,Shouwa Genroku Rakugo Shinjuu,9,completed,Shouwa Genroku Rakugo Shinjuu,9.0,completed,both
28805,Bakemono no Ko,7,completed,Bakemono no Ko,7.0,completed,both
28825,Himouto! Umaru-chan,5,completed,Himouto! Umaru-chan,5.0,completed,both
28841,"Wake Up, Girls! Seishun no Kage",0,plan_to_watch,"Wake Up, Girls! Seishun no Kage",0.0,plan_to_watch,both
28851,Koe no Katachi,9,completed,Koe no Katachi,9.0,completed,both
28891,Haikyuu!! Second Season,8,completed,Haikyuu!! Second Season,8.0,completed,both
28907,"Gate: Jieitai Kanochi nite, Kaku Tatakaeri",5,completed,"Gate: Jieitai Kanochi nite, Kaku Tatakaeri",5.0,completed,both
28927,Owari no Seraph: Nagoya Kessen-hen,7,completed,Owari no Seraph: Nagoya Kessen-hen,7.0,completed,both
28957,Mushishi Zoku Shou: Suzu no Shizuku,9,completed,Mushishi Zoku Shou: Suzu no Shizuku,9.0,completed,both
28977,Gintama°,9,completed,Gintama°,9.0,completed,both
28979,To LOVE-Ru Darkness 2nd,9,completed,To LOVE-Ru Darkness 2nd,9.0,completed,both
28999,Charlotte,0,plan_to_watch,Charlotte,0.0,plan_to_watch,both
29027,Shinmai Maou no Testament: Toujou Basara no Hard Sweet na Nichijou,8,completed,Shinmai Maou no Testament: Toujou Basara no Hard Sweet na Nichijou,8.0,completed,both
29093,Grisaia no Meikyuu: Caprice no Mayu 0,8,completed,Grisaia no Meikyuu: Caprice no Mayu 0,8.0,completed,both
29095,Grisaia no Rakuen,7,completed,Grisaia no Rakuen,7.0,completed,both
29101,Grisaia no Kajitsu Specials,6,completed,Grisaia no Kajitsu Specials,6.0,completed,both
29317,Saenai Heroine no Sodatekata: Ai to Seishun no Service-kai,6,completed,Saenai Heroine no Sodatekata: Ai to Seishun no Service-kai,6.0,completed,both
29325,Koukaku Kidoutai Arise: Alternative Architecture,6,completed,Koukaku Kidoutai Arise: Alternative Architecture,6.0,completed,both
29583,Kuroko no Basket: Oshaberi Demo Shimasen ka,7,completed,Kuroko no Basket: Oshaberi Demo Shimasen ka,7.0,completed,both
29786,Shimoneta to Iu Gainen ga Sonzai Shinai Taikutsu na Sekai,7,completed,Shimoneta to Iu Gainen ga Sonzai Shinai Taikutsu na Sekai,7.0,completed,both
29787,Gochuumon wa Usagi desu ka??,9,completed,Gochuumon wa Usagi desu ka??,9.0,completed,both
29803,Overlord,8,completed,Overlord,8.0,completed,both
30014,Momokuri,0,plan_to_watch,Momokuri,0.0,plan_to_watch,both
30015,ReLIFE,9,completed,ReLIFE,9.0,completed,both
30056,Amagi Brilliant Park: Wakuwaku Mini Theater - Rakugaki Backstage,6,completed,Amagi Brilliant Park: Wakuwaku Mini Theater - Rakugaki Backstage,6.0,completed,both
30123,Akagami no Shirayuki-hime,0,plan_to_watch,Akagami no Shirayuki-hime,0.0,plan_to_watch,both
30191,Durarara!!x2 Shou: Watashi no Kokoro wa Nabe Moyou,8,completed,Durarara!!x2 Shou: Watashi no Kokoro wa Nabe Moyou,8.0,completed,both
30206,Amagi Brilliant Park: Nonbirishiteiru Hima ga Nai!,7,completed,Amagi Brilliant Park: Nonbirishiteiru Hima ga Nai!,7.0,completed,both
30276,One Punch Man,8,completed,One Punch Man,8.0,completed,both
30279,Yuru Yuri San☆Hai!,9,completed,Yuru Yuri San☆Hai!,9.0,completed,both
30296,Rakudai Kishi no Cavalry,8,completed,Rakudai Kishi no Cavalry,8.0,completed,both
30307,Monster Musume no Iru Nichijou,8,completed,Monster Musume no Iru Nichijou,8.0,completed,both
30311,Kuroko no Basket 3rd Season NG-shuu,7,completed,Kuroko no Basket 3rd Season NG-shuu,7.0,completed,both
30321,Strike the Blood: Valkyria no Oukoku-hen,6,completed,Strike the Blood: Valkyria no Oukoku-hen,6.0,completed,both
30346,Doukyuusei,0,plan_to_watch,Doukyuusei,0.0,plan_to_watch,both
30363,Shinmai Maou no Testament Burst,8,completed,Shinmai Maou no Testament Burst,8.0,completed,both
30370,Akatsuki no Yona OVA,6,completed,Akatsuki no Yona OVA,6.0,completed,both
30415,High☆Speed! Movie: Free! Starting Days,7,completed,High☆Speed! Movie: Free! Starting Days,7.0,completed,both
30464,Shinmai Maou no Testament Specials,5,completed,Shinmai Maou no Testament Specials,5.0,completed,both
30484,Steins;Gate 0,7,completed,Steins;Gate 0,7.0,completed,both
30503,Noragami Aragoto,7,completed,Noragami Aragoto,7.0,completed,both
30547,Touhou Niji Sousaku Doujin Anime: Musou Kakyou Special,8,completed,Touhou Niji Sousaku Doujin Anime: Musou Kakyou Special,8.0,completed,both
30654,Ansatsu Kyoushitsu 2nd Season,7,completed,Ansatsu Kyoushitsu 2nd Season,7.0,completed,both
30694,Dragon Ball Super,7,completed,Dragon Ball Super,7.0,completed,both
30727,Saenai Heroine no Sodatekata ♭,7,completed,Saenai Heroine no Sodatekata ♭,7.0,completed,both
30749,Saijaku Muhai no Bahamut,7,completed,Saijaku Muhai no Bahamut,7.0,completed,both
30831,Kono Subarashii Sekai ni Shukufuku wo!,8,completed,Kono Subarashii Sekai ni Shukufuku wo!,8.0,completed,both
30845,Aikatsu! Music Award: Minna de Shou wo MoracchaimaShow!,0,plan_to_watch,Aikatsu! Music Award: Minna de Shou wo MoracchaimaShow!,0.0,plan_to_watch,both
30885,Noragami Aragoto OVA,6,completed,Noragami Aragoto OVA,6.0,completed,both
30902,Yuru Yuri Nachuyachumi!+,9,completed,Yuru Yuri Nachuyachumi!+,9.0,completed,both
31043,Boku dake ga Inai Machi,6,completed,Boku dake ga Inai Machi,6.0,completed,both
31051,Kuroko no Basket: Saikou no Present desu,8,completed,Kuroko no Basket: Saikou no Present desu,8.0,completed,both
31096,Hibike! Euphonium: Suisougaku-bu no Nichijou,7,completed,Hibike! Euphonium: Suisougaku-bu no Nichijou,7.0,completed,both
31121,Monster Musume no Iru Nichijou: Hobo Mainichi ◯◯! Namappoi Douga,7,completed,Monster Musume no Iru Nichijou: Hobo Mainichi ◯◯! Namappoi Douga,7.0,completed,both
31138,Overlord: Ple Ple Pleiades,7,completed,Overlord: Ple Ple Pleiades,7.0,completed,both
31149,Persona 3 the Movie 4: Winter of Rebirth,9,completed,Persona 3 the Movie 4: Winter of Rebirth,9.0,completed,both
31174,Osomatsu-san,0,plan_to_watch,Osomatsu-san,0.0,plan_to_watch,both
31181,Owarimonogatari,10,completed,Owarimonogatari,10.0,completed,both
31240,Re:Zero kara Hajimeru Isekai Seikatsu,9,completed,Re:Zero kara Hajimeru Isekai Seikatsu,9.0,completed,both
31324,Grisaia no Meikyuu: Caprice no Mayu 0 - Takizono Basketball Club no Nama Cream Party!,8,completed,Grisaia no Meikyuu: Caprice no Mayu 0 - Takizono Basketball Club no Nama Cream Party!,8.0,completed,both
31326,High School DxD BorN: Ishibumi Ichiei Kanzen Kanshuu! Mousou Bakuyou Kaijo Original Video,7,completed,High School DxD BorN: Ishibumi Ichiei Kanzen Kanshuu! Mousou Bakuyou Kaijo Original Video,7.0,completed,both
31327,Shokugeki no Souma OVA,7,completed,Shokugeki no Souma OVA,7.0,completed,both
31338,Hundred,6,completed,Hundred,6.0,completed,both
31339,Drifters,8,completed,Drifters,8.0,completed,both
31368,Grisaia no Rakuen Specials,6,completed,Grisaia no Rakuen Specials,6.0,completed,both
31376,Flying Witch,0,plan_to_watch,Flying Witch,0.0,plan_to_watch,both
31378,Owari no Seraph: Kyuuketsuki Shahar,7,completed,Owari no Seraph: Kyuuketsuki Shahar,7.0,completed,both
31380,To LOVE-Ru Darkness 2nd OVA,9,completed,To LOVE-Ru Darkness 2nd OVA,9.0,completed,both
31389,Fate/stay night: Unlimited Blade Works 2nd Season - Sunny Day,7,completed,Fate/stay night: Unlimited Blade Works 2nd Season - Sunny Day,7.0,completed,both
31414,Nijiiro Days,0,plan_to_watch,Nijiiro Days,0.0,plan_to_watch,both
31485,Aikatsu Stars! Movie,0,plan_to_watch,Aikatsu Stars! Movie,0.0,plan_to_watch,both
31537,Manaria Friends,7,completed,Manaria Friends,7.0,completed,both
31552,Durarara!!x2 Ten: Onoroke Chakapoko,7,completed,Durarara!!x2 Ten: Onoroke Chakapoko,7.0,completed,both
31629,Granblue Fantasy The Animation,8,completed,Granblue Fantasy The Animation,8.0,completed,both
31636,Dagashi Kashi,0,plan_to_watch,Dagashi Kashi,0.0,plan_to_watch,both
31637,"Gate: Jieitai Kanochi nite, Kaku Tatakaeri Part 2",5,completed,"Gate: Jieitai Kanochi nite, Kaku Tatakaeri Part 2",5.0,completed,both
31645,Persona 5 the Animation: The Day Breakers,7,completed,Persona 5 the Animation: The Day Breakers,7.0,completed,both
31646,3-gatsu no Lion,10,completed,3-gatsu no Lion,10.0,completed,both
31658,Kuroko no Basket Movie 4: Last Game,9,completed,Kuroko no Basket Movie 4: Last Game,9.0,completed,both
31665,Hibike! Euphonium: Kakedasu Monaka,7,completed,Hibike! Euphonium: Kakedasu Monaka,7.0,completed,both
31704,One Punch Man: Road to Hero,7,completed,One Punch Man: Road to Hero,7.0,completed,both
31706,Fate/kaleid liner Prisma☆Illya 3rei!!,8,completed,Fate/kaleid liner Prisma☆Illya 3rei!!,8.0,completed,both
31711,To LOVE-Ru Darkness 2nd Specials,9,completed,To LOVE-Ru Darkness 2nd Specials,9.0,completed,both
31741,Magi: Sinbad no Bouken (TV),7,completed,Magi: Sinbad no Bouken (TV),7.0,completed,both
31757,Kizumonogatari II: Nekketsu-hen,9,completed,Kizumonogatari II: Nekketsu-hen,9.0,completed,both
31758,Kizumonogatari III: Reiketsu-hen,9,completed,Kizumonogatari III: Reiketsu-hen,9.0,completed,both
31772,One Punch Man Specials,8,completed,One Punch Man Specials,8.0,completed,both
31798,Kiznaiver,0,plan_to_watch,Kiznaiver,0.0,plan_to_watch,both
31933,JoJo no Kimyou na Bouken Part 4: Diamond wa Kudakenai,8,completed,JoJo no Kimyou na Bouken Part 4: Diamond wa Kudakenai,8.0,completed,both
31953,New Game!,8,completed,New Game!,8.0,completed,both
31964,Boku no Hero Academia,7,completed,Boku no Hero Academia,7.0,completed,both
31988,Hibike! Euphonium 2,9,completed,Hibike! Euphonium 2,9.0,completed,both
32013,Oshiete! Galko-chan,8,completed,Oshiete! Galko-chan,8.0,completed,both
32182,Mob Psycho 100,8,completed,Mob Psycho 100,8.0,completed,both
32188,Steins;Gate: Kyoukaimenjou no Missing Link - Divide By Zero,8,completed,Steins;Gate: Kyoukaimenjou no Missing Link - Divide By Zero,8.0,completed,both
32215,High School DxD BorN: Yomigaeranai Fushichou,7,completed,High School DxD BorN: Yomigaeranai Fushichou,7.0,completed,both
32268,Koyomimonogatari,7,completed,Koyomimonogatari,7.0,completed,both
32281,Kimi no Na wa.,9,completed,Kimi no Na wa.,9.0,completed,both
32282,Shokugeki no Souma: Ni no Sara,8,completed,Shokugeki no Souma: Ni no Sara,8.0,completed,both
32360,Qualidea Code,6,completed,Qualidea Code,6.0,completed,both
32366,Gintama°: Aizome Kaori-hen,8,completed,Gintama°: Aizome Kaori-hen,8.0,completed,both
32380,Kono Subarashii Sekai ni Shukufuku wo!: Kono Subarashii Choker ni Shukufuku wo!,8,completed,Kono Subarashii Sekai ni Shukufuku wo!: Kono Subarashii Choker ni Shukufuku wo!,8.0,completed,both
32485,Prison School: Mad Wax,6,completed,Prison School: Mad Wax,6.0,completed,both
32526,Love Live! Sunshine!!,7,completed,Love Live! Sunshine!!,7.0,completed,both
32542,Sakamoto desu ga?,8,completed,Sakamoto desu ga?,8.0,completed,both
32607,Gi(a)rlish Number,0,plan_to_watch,Gi(a)rlish Number,0.0,plan_to_watch,both
32615,Youjo Senki,9,completed,Youjo Senki,9.0,completed,both
32681,Uchuu Patrol Luluco,0,plan_to_watch,Uchuu Patrol Luluco,0.0,plan_to_watch,both
32717,Aikatsu Stars!,0,plan_to_watch,Aikatsu Stars!,0.0,plan_to_watch,both
32735,"Persona 3 the Movie Meets ""Walkman""",10,completed,"Persona 3 the Movie Meets ""Walkman""",10.0,completed,both
32801,Dungeon ni Deai wo Motomeru no wa Machigatteiru Darou ka OVA,7,completed,Dungeon ni Deai wo Motomeru no wa Machigatteiru Darou ka OVA,7.0,completed,both
32806,Aikatsu!: Nerawareta Mahou no Aikatsu! Card,0,plan_to_watch,Aikatsu!: Nerawareta Mahou no Aikatsu! Card,0.0,plan_to_watch,both
32827,B: The Beginning,5,completed,B: The Beginning,5.0,completed,both
32900,Mahouka Koukou no Rettousei Movie: Hoshi wo Yobu Shoujo,7,completed,Mahouka Koukou no Rettousei Movie: Hoshi wo Yobu Shoujo,7.0,completed,both
32901,Eromanga-sensei,6,completed,Eromanga-sensei,6.0,completed,both
32915,Durarara!!x2 Ketsu: Dufufufu!!,7,completed,Durarara!!x2 Ketsu: Dufufufu!!,7.0,completed,both
32935,Haikyuu!! Karasuno Koukou vs. Shiratorizawa Gakuen Koukou,8,completed,Haikyuu!! Karasuno Koukou vs. Shiratorizawa Gakuen Koukou,8.0,completed,both
32937,Kono Subarashii Sekai ni Shukufuku wo! 2,8,completed,Kono Subarashii Sekai ni Shukufuku wo! 2,8.0,completed,both
32948,Fune wo Amu,0,plan_to_watch,Fune wo Amu,0.0,plan_to_watch,both
32949,Kuzu no Honkai,0,plan_to_watch,Kuzu no Honkai,0.0,plan_to_watch,both
32951,Rokudenashi Majutsu Koushi to Akashic Records,7,completed,Rokudenashi Majutsu Koushi to Akashic Records,7.0,completed,both
32962,Occultic;Nine,0,plan_to_watch,Occultic;Nine,0.0,plan_to_watch,both
32979,Flip Flappers,8,completed,Flip Flappers,8.0,completed,both
32995,Yuri!!! on Ice,7,completed,Yuri!!! on Ice,7.0,completed,both
33034,Kiniro Mosaic: Pretty Days,7,completed,Kiniro Mosaic: Pretty Days,7.0,completed,both
33047,Fate/Extra: Last Encore,5,completed,Fate/Extra: Last Encore,5.0,completed,both
33049,Fate/stay night Movie: Heaven's Feel - II. Lost Butterfly,9,completed,Fate/stay night Movie: Heaven's Feel - II. Lost Butterfly,9.0,completed,both
33050,Fate/stay night Movie: Heaven's Feel - III. Spring Song,9,completed,Fate/stay night Movie: Heaven's Feel - III. Spring Song,9.0,completed,both
33091,Planetarian: Chiisana Hoshi no Yume,8,completed,Planetarian: Chiisana Hoshi no Yume,8.0,completed,both
33095,Shouwa Genroku Rakugo Shinjuu: Sukeroku Futatabi-hen,9,completed,Shouwa Genroku Rakugo Shinjuu: Sukeroku Futatabi-hen,9.0,completed,both
33161,Yahari Ore no Seishun Love Comedy wa Machigatteiru. Zoku OVA,9,completed,Yahari Ore no Seishun Love Comedy wa Machigatteiru. Zoku OVA,9.0,completed,both
33190,Planetarian: Hoshi no Hito,6,completed,Planetarian: Hoshi no Hito,6.0,completed,both
33191,Kishibe Rohan wa Ugokanai,8,completed,Kishibe Rohan wa Ugokanai,8.0,completed,both
33206,Kobayashi-san Chi no Maid Dragon,8,completed,Kobayashi-san Chi no Maid Dragon,8.0,completed,both
33242,IS: Infinite Stratos 2 - Infinite Wedding,6,completed,IS: Infinite Stratos 2 - Infinite Wedding,6.0,completed,both
33255,Saiki Kusuo no Ψ-nan,8,completed,Saiki Kusuo no Ψ-nan,8.0,completed,both
33263,Kubikiri Cycle: Aoiro Savant to Zaregotozukai,0,plan_to_watch,Kubikiri Cycle: Aoiro Savant to Zaregotozukai,0.0,plan_to_watch,both
33280,Gochuumon wa Usagi desu ka?? Dear My Sister,9,completed,Gochuumon wa Usagi desu ka?? Dear My Sister,9.0,completed,both
33286,Strike the Blood II,6,completed,Strike the Blood II,6.0,completed,both
33352,Violet Evergarden,8,completed,Violet Evergarden,8.0,completed,both
33354,Cardcaptor Sakura: Clear Card-hen,7,completed,Cardcaptor Sakura: Clear Card-hen,7.0,completed,both
33372,Overlord: Ple Ple Pleiades - Nazarick Saidai no Kiki,7,completed,Overlord: Ple Ple Pleiades - Nazarick Saidai no Kiki,7.0,completed,both
33486,Boku no Hero Academia 2nd Season,8,completed,Boku no Hero Academia 2nd Season,8.0,completed,both
33487,Masamune-kun no Revenge,0,plan_to_watch,Masamune-kun no Revenge,0.0,plan_to_watch,both
33489,Little Witch Academia (TV),8,completed,Little Witch Academia (TV),8.0,completed,both
33502,Shuumatsu Nani Shitemasu ka? Isogashii desu ka? Sukutte Moratte Ii desu ka?,0,plan_to_watch,Shuumatsu Nani Shitemasu ka? Isogashii desu ka? Sukutte Moratte Ii desu ka?,0.0,plan_to_watch,both
33506,Ao no Exorcist: Kyoto Fujouou-hen,7,completed,Ao no Exorcist: Kyoto Fujouou-hen,7.0,completed,both
33524,Sakamoto desu ga? Sakamoto deshita?,6,completed,Sakamoto desu ga? Sakamoto deshita?,6.0,completed,both
33674,No Game No Life: Zero,7,completed,No Game No Life: Zero,7.0,completed,both
33720,Girls & Panzer Movie: 3-pun Chotto de Wakaru!! Girls & Panzer,7,completed,Girls & Panzer Movie: 3-pun Chotto de Wakaru!! Girls & Panzer,7.0,completed,both
33731,Gabriel DropOut,6,completed,Gabriel DropOut,6.0,completed,both
33845,Free! Movie 1: Timeless Medley - Kizuna,6,completed,Free! Movie 1: Timeless Medley - Kizuna,6.0,completed,both
33929,Boku no Hero Academia: Sukue! Kyuujo Kunren!,6,completed,Boku no Hero Academia: Sukue! Kyuujo Kunren!,6.0,completed,both
33949,Oshiete! Galko-chan: Natsuyasumi tte Hontou desu ka?,8,completed,Oshiete! Galko-chan: Natsuyasumi tte Hontou desu ka?,8.0,completed,both
33988,Demi-chan wa Kataritai,8,completed,Demi-chan wa Kataritai,8.0,completed,both
34096,Gintama.,8,completed,Gintama.,8.0,completed,both
34100,Fate/kaleid liner Prisma☆Illya Movie: Sekka no Chikai,8,completed,Fate/kaleid liner Prisma☆Illya Movie: Sekka no Chikai,8.0,completed,both
34104,Knight's & Magic,7,completed,Knight's & Magic,7.0,completed,both
34134,One Punch Man 2nd Season,0,plan_to_watch,One Punch Man 2nd Season,0.0,plan_to_watch,both
34204,Hibike! Euphonium 2 Specials,6,completed,Hibike! Euphonium 2 Specials,6.0,completed,both
34240,Shelter (Music),6,completed,Shelter (Music),6.0,completed,both
34321,Fate/Grand Order: First Order,5,completed,Fate/Grand Order: First Order,5.0,completed,both
34332,Hulaing Babies,0,plan_to_watch,Hulaing Babies,0.0,plan_to_watch,both
34382,Citrus,6,completed,Citrus,6.0,completed,both
34392,One Room,0,plan_to_watch,One Room,0.0,plan_to_watch,both
34437,Code Geass: Fukkatsu no Lelouch,8,completed,Code Geass: Fukkatsu no Lelouch,8.0,completed,both
34438,Code Geass: Hangyaku no Lelouch I - Koudou,7,completed,Code Geass: Hangyaku no Lelouch I - Koudou,7.0,completed,both
34439,Code Geass: Hangyaku no Lelouch II - Handou,7,completed,Code Geass: Hangyaku no Lelouch II - Handou,7.0,completed,both
34440,Code Geass: Hangyaku no Lelouch III - Oudou,7,completed,Code Geass: Hangyaku no Lelouch III - Oudou,7.0,completed,both
34497,Death March kara Hajimaru Isekai Kyousoukyoku,3,completed,Death March kara Hajimaru Isekai Kyousoukyoku,3.0,completed,both
34498,"Uchiage Hanabi, Shita kara Miru ka? Yoko kara Miru ka?",0,plan_to_watch,"Uchiage Hanabi, Shita kara Miru ka? Yoko kara Miru ka?",0.0,plan_to_watch,both
34504,Seitokai Yakuindomo Movie,8,completed,Seitokai Yakuindomo Movie,8.0,completed,both
34537,Yoru wa Mijikashi Arukeyo Otome,8,completed,Yoru wa Mijikashi Arukeyo Otome,8.0,completed,both
34561,Re:Creators,8,completed,Re:Creators,8.0,completed,both
34572,Black Clover,8,completed,Black Clover,8.0,completed,both
34599,Made in Abyss,9,completed,Made in Abyss,9.0,completed,both
34612,Saiki Kusuo no Ψ-nan 2,8,completed,Saiki Kusuo no Ψ-nan 2,8.0,completed,both
34618,Blend S,5,completed,Blend S,5.0,completed,both
34626,Kono Subarashii Sekai ni Shukufuku wo! 2: Kono Subarashii Geijutsu ni Shukufuku wo!,8,completed,Kono Subarashii Sekai ni Shukufuku wo! 2: Kono Subarashii Geijutsu ni Shukufuku wo!,8.0,completed,both
34662,Fate/Apocrypha,4,completed,Fate/Apocrypha,4.0,completed,both
34784,Kuroko no Basket: Oshaberi Shiyou ka,6,completed,Kuroko no Basket: Oshaberi Shiyou ka,6.0,completed,both
34798,Yuru Camp△,8,completed,Yuru Camp△,8.0,completed,both
34822,Tsuki ga Kirei,0,plan_to_watch,Tsuki ga Kirei,0.0,plan_to_watch,both
34855,Gabriel DropOut Specials,6,completed,Gabriel DropOut Specials,6.0,completed,both
34902,Tsurezure Children,8,completed,Tsurezure Children,8.0,completed,both
34914,New Game!!,8,completed,New Game!!,8.0,completed,both
34915,The iDOLM@STER SideM,0,plan_to_watch,The iDOLM@STER SideM,0.0,plan_to_watch,both
34966,Jigoku Shoujo: Yoi no Togi,0,plan_to_watch,Jigoku Shoujo: Yoi no Togi,0.0,plan_to_watch,both
34973,Love Live! Sunshine!! 2nd Season,6,completed,Love Live! Sunshine!! 2nd Season,6.0,completed,both
34984,Koi wa Ameagari no You ni,0,plan_to_watch,Koi wa Ameagari no You ni,0.0,plan_to_watch,both
35000,To LOVE-Ru: Multiplication - Mae kara Ushiro kara,7,completed,To LOVE-Ru: Multiplication - Mae kara Ushiro kara,7.0,completed,both
35044,Tu Bian Yingxiong Leaf,0,plan_to_watch,Tu Bian Yingxiong Leaf,0.0,plan_to_watch,both
35062,Mahoutsukai no Yome,0,plan_to_watch,Mahoutsukai no Yome,0.0,plan_to_watch,both
35073,Overlord II,8,completed,Overlord II,8.0,completed,both
35120,Devilman: Crybaby,0,plan_to_watch,Devilman: Crybaby,0.0,plan_to_watch,both
35145,Kobayashi-san Chi no OO Dragon,7,completed,Kobayashi-san Chi no OO Dragon,7.0,completed,both
35180,3-gatsu no Lion 2nd Season,10,completed,3-gatsu no Lion 2nd Season,10.0,completed,both
35191,Free! Movie 2: Timeless Medley - Yakusoku,6,completed,Free! Movie 2: Timeless Medley - Yakusoku,6.0,completed,both
35198,Free! Take Your Marks,7,completed,Free! Take Your Marks,7.0,completed,both
35203,Isekai wa Smartphone to Tomo ni.,7,completed,Isekai wa Smartphone to Tomo ni.,7.0,completed,both
35247,Owarimonogatari 2nd Season,10,completed,Owarimonogatari 2nd Season,10.0,completed,both
35252,Hatena☆Illusion,0,plan_to_watch,Hatena☆Illusion,0.0,plan_to_watch,both
35320,Cardcaptor Sakura: Clear Card-hen Prologue - Sakura to Futatsu no Kuma,7,completed,Cardcaptor Sakura: Clear Card-hen Prologue - Sakura to Futatsu no Kuma,7.0,completed,both
35330,Poputepipikku,7,completed,Poputepipikku,7.0,completed,both
35338,Saenai Heroine no Sodatekata ♭: Koi to Junjou no Service-kai,7,completed,Saenai Heroine no Sodatekata ♭: Koi to Junjou no Service-kai,7.0,completed,both
35363,"Kobayashi-san Chi no Maid Dragon: Valentine, Soshite Onsen! - Amari Kitai Shinaide Kudasai",8,completed,"Kobayashi-san Chi no Maid Dragon: Valentine, Soshite Onsen! - Amari Kitai Shinaide Kudasai",8.0,completed,both
35413,Imouto sae Ireba Ii.,7,completed,Imouto sae Ireba Ii.,7.0,completed,both
35459,Boku no Hero Academia: Training of the Dead,5,completed,Boku no Hero Academia: Training of the Dead,5.0,completed,both
35466,ReLIFE: Kanketsu-hen,8,completed,ReLIFE: Kanketsu-hen,8.0,completed,both
35503,Shoujo☆Kageki Revue Starlight,7,completed,Shoujo☆Kageki Revue Starlight,7.0,completed,both
35507,Youkoso Jitsuryoku Shijou Shugi no Kyoushitsu e,8,completed,Youkoso Jitsuryoku Shijou Shugi no Kyoushitsu e,8.0,completed,both
35540,Slow Start,8,completed,Slow Start,8.0,completed,both
35557,Houseki no Kuni,8,completed,Houseki no Kuni,8.0,completed,both
35608,Chuunibyou demo Koi ga Shitai! Movie: Take On Me,7,completed,Chuunibyou demo Koi ga Shitai! Movie: Take On Me,7.0,completed,both
35658,Kuroko no Basket: Last Game NG-shuu,8,completed,Kuroko no Basket: Last Game NG-shuu,8.0,completed,both
35677,Liz to Aoi Tori,8,completed,Liz to Aoi Tori,8.0,completed,both
35678,Hibike! Euphonium Movie 3: Chikai no Finale,8,completed,Hibike! Euphonium Movie 3: Chikai no Finale,8.0,completed,both
35737,Pluto,8,completed,Pluto,8.0,completed,both
35756,Comic Girls,8,completed,Comic Girls,8.0,completed,both
35760,Shingeki no Kyojin Season 3,8,completed,Shingeki no Kyojin Season 3,8.0,completed,both
35788,Shokugeki no Souma: San no Sara,0,plan_to_watch,Shokugeki no Souma: San no Sara,0.0,plan_to_watch,both
35790,Tate no Yuusha no Nariagari,8,completed,Tate no Yuusha no Nariagari,8.0,completed,both
35806,"Haikyuu!! vs. ""Akaten""",6,completed,"Haikyuu!! vs. ""Akaten""",6.0,completed,both
35814,Granblue Fantasy The Animation: Kabocha no Lantern,8,completed,Granblue Fantasy The Animation: Kabocha no Lantern,8.0,completed,both
35823,Demi-chan wa Kataritai: Demi-chan no Natsuyasumi,8,completed,Demi-chan wa Kataritai: Demi-chan no Natsuyasumi,8.0,completed,both
35839,Sora yori mo Tooi Basho,8,completed,Sora yori mo Tooi Basho,8.0,completed,both
35843,Gintama. Porori-hen,7,completed,Gintama. Porori-hen,7.0,completed,both
35847,SSSS.Gridman,0,plan_to_watch,SSSS.Gridman,0.0,plan_to_watch,both
35848,Promare,7,completed,Promare,7.0,completed,both
35849,Darling in the FranXX,6,completed,Darling in the FranXX,6.0,completed,both
35851,Sayonara no Asa ni Yakusoku no Hana wo Kazarou,0,plan_to_watch,Sayonara no Asa ni Yakusoku no Hana wo Kazarou,0.0,plan_to_watch,both
35905,Ryuuou no Oshigoto!,0,plan_to_watch,Ryuuou no Oshigoto!,0.0,plan_to_watch,both
35960,Kud Wafter,0,plan_to_watch,Kud Wafter,0.0,plan_to_watch,both
35983,Harukana Receive,0,plan_to_watch,Harukana Receive,0.0,plan_to_watch,both
35997,Märchen Mädchen,0,plan_to_watch,Märchen Mädchen,0.0,plan_to_watch,both
36023,Persona 5 the Animation,6,completed,Persona 5 the Animation,6.0,completed,both
36106,Shingeki no Kyojin: Lost Girls,7,completed,Shingeki no Kyojin: Lost Girls,7.0,completed,both
36266,Mahou Shoujo Site,0,plan_to_watch,Mahou Shoujo Site,0.0,plan_to_watch,both
36267,Uchuu Senkan Tiramisù,0,plan_to_watch,Uchuu Senkan Tiramisù,0.0,plan_to_watch,both
36286,Re:Zero kara Hajimeru Isekai Seikatsu - Memory Snow,8,completed,Re:Zero kara Hajimeru Isekai Seikatsu - Memory Snow,8.0,completed,both
36317,Gaikotsu Shotenin Honda-san,0,plan_to_watch,Gaikotsu Shotenin Honda-san,0.0,plan_to_watch,both
36407,Kenja no Mago,6,completed,Kenja no Mago,6.0,completed,both
36456,Boku no Hero Academia 3rd Season,8,completed,Boku no Hero Academia 3rd Season,8.0,completed,both
36474,Sword Art Online: Alicization,0,plan_to_watch,Sword Art Online: Alicization,0.0,plan_to_watch,both
36480,Drifters (OVA),7,completed,Drifters (OVA),7.0,completed,both
36497,Overlord Movie: Ple Ple Pleiades,7,completed,Overlord Movie: Ple Ple Pleiades,7.0,completed,both
36563,Megalo Box,0,plan_to_watch,Megalo Box,0.0,plan_to_watch,both
36587,Granblue Fantasy The Animation Season 2,0,plan_to_watch,Granblue Fantasy The Animation Season 2,0.0,plan_to_watch,both
36633,Date A Live III,7,completed,Date A Live III,7.0,completed,both
36686,Hifuu Katsudou Kiroku: The Sealed Esoteric History,0,plan_to_watch,Hifuu Katsudou Kiroku: The Sealed Esoteric History,0.0,plan_to_watch,both
36688,Shinmai Maou no Testament Departures,7,completed,Shinmai Maou no Testament Departures,7.0,completed,both
36699,Kimitachi wa Dou Ikiru ka,9,completed,Kimitachi wa Dou Ikiru ka,9.0,completed,both
36704,Free! Dive to the Future,7,completed,Free! Dive to the Future,7.0,completed,both
36726,Yuragi-sou no Yuuna-san,7,completed,Yuragi-sou no Yuuna-san,7.0,completed,both
36828,Caligula,0,plan_to_watch,Caligula,0.0,plan_to_watch,both
36833,Fate/kaleid liner Prisma☆Illya Movie: Sekka no Chikai - Kuro Sakura no Heya,7,completed,Fate/kaleid liner Prisma☆Illya Movie: Sekka no Chikai - Kuro Sakura no Heya,7.0,completed,both
36838,Gintama. Shirogane no Tamashii-hen,8,completed,Gintama. Shirogane no Tamashii-hen,8.0,completed,both
36862,Made in Abyss Movie 3: Fukaki Tamashii no Reimei,9,completed,Made in Abyss Movie 3: Fukaki Tamashii no Reimei,9.0,completed,both
36873,Back Street Girls: Gokudolls,0,plan_to_watch,Back Street Girls: Gokudolls,0.0,plan_to_watch,both
36882,Arifureta Shokugyou de Sekai Saikyou,6,completed,Arifureta Shokugyou de Sekai Saikyou,6.0,completed,both
36884,Hisone to Maso-tan,0,plan_to_watch,Hisone to Maso-tan,0.0,plan_to_watch,both
36885,Saenai Heroine no Sodatekata Fine,7,completed,Saenai Heroine no Sodatekata Fine,7.0,completed,both
36896,Boku no Hero Academia the Movie 1: Futari no Hero,0,plan_to_watch,Boku no Hero Academia the Movie 1: Futari no Hero,0.0,plan_to_watch,both
36950,Yuragi-sou no Yuuna-san OVA,7,completed,Yuragi-sou no Yuuna-san OVA,7.0,completed,both
36951,Yuu☆Yuu☆Hakusho: Two Shots/Noru ka Soru ka,7,completed,Yuu☆Yuu☆Hakusho: Two Shots/Noru ka Soru ka,7.0,completed,both
36990,Non Non Biyori Movie: Vacation,0,plan_to_watch,Non Non Biyori Movie: Vacation,0.0,plan_to_watch,both
36999,Zoku Owarimonogatari,9,completed,Zoku Owarimonogatari,9.0,completed,both
37027,Love Live! Sunshine!! The School Idol Movie: Over the Rainbow,0,plan_to_watch,Love Live! Sunshine!! The School Idol Movie: Over the Rainbow,0.0,plan_to_watch,both
37033,Emiya-san Chi no Kyou no Gohan,8,completed,Emiya-san Chi no Kyou no Gohan,8.0,completed,both
37045,Imouto sae Ireba Ii. (ONA),6,completed,Imouto sae Ireba Ii. (ONA),6.0,completed,both
37047,Imouto sae Ireba Ii. (ONA) Specials,6,completed,Imouto sae Ireba Ii. (ONA) Specials,6.0,completed,both
37055,Youjo Senki Movie,9,completed,Youjo Senki Movie,9.0,completed,both
37105,Grand Blue,8,completed,Grand Blue,8.0,completed,both
37188,Fumikiri Jikan,0,plan_to_watch,Fumikiri Jikan,0.0,plan_to_watch,both
37204,Aikatsu Friends!,0,plan_to_watch,Aikatsu Friends!,0.0,plan_to_watch,both
37208,Mo Dao Zu Shi,9,completed,Mo Dao Zu Shi,9.0,completed,both
37210,Isekai Maou to Shoukan Shoujo no Dorei Majutsu,7,completed,Isekai Maou to Shoukan Shoujo no Dorei Majutsu,7.0,completed,both
37254,Last Period: Owarinaki Rasen no Monogatari,0,plan_to_watch,Last Period: Owarinaki Rasen no Monogatari,0.0,plan_to_watch,both
37302,Kemurikusa (TV),0,plan_to_watch,Kemurikusa (TV),0.0,plan_to_watch,both
37311,Kemurikusa,0,plan_to_watch,Kemurikusa,0.0,plan_to_watch,both
37341,Yuru Camp△ Specials,8,completed,Yuru Camp△ Specials,8.0,completed,both
37347,Dungeon ni Deai wo Motomeru no wa Machigatteiru Darou ka II,7,completed,Dungeon ni Deai wo Motomeru no wa Machigatteiru Darou ka II,7.0,completed,both
37348,Dungeon ni Deai wo Motomeru no wa Machigatteiru Darou ka Movie: Orion no Ya,7,completed,Dungeon ni Deai wo Motomeru no wa Machigatteiru Darou ka Movie: Orion no Ya,7.0,completed,both
37349,Goblin Slayer,7,completed,Goblin Slayer,7.0,completed,both
37393,"Watashi, Nouryoku wa Heikinchi de tte Itta yo ne!",7,completed,"Watashi, Nouryoku wa Heikinchi de tte Itta yo ne!",7.0,completed,both
37407,Penguin Highway,0,plan_to_watch,Penguin Highway,0.0,plan_to_watch,both
37426,Sarazanmai,0,plan_to_watch,Sarazanmai,0.0,plan_to_watch,both
37430,Tensei shitara Slime Datta Ken,8,completed,Tensei shitara Slime Datta Ken,8.0,completed,both
37435,Carole & Tuesday,0,plan_to_watch,Carole & Tuesday,0.0,plan_to_watch,both
37440,Psycho-Pass: Sinners of the System Case.1 - Tsumi to Batsu,7,completed,Psycho-Pass: Sinners of the System Case.1 - Tsumi to Batsu,7.0,completed,both
37441,Psycho-Pass: Sinners of the System Case.2 - First Guardian,8,completed,Psycho-Pass: Sinners of the System Case.2 - First Guardian,8.0,completed,both
37442,Psycho-Pass: Sinners of the System Case.3 - Onshuu no Kanata ni＿＿,8,completed,Psycho-Pass: Sinners of the System Case.3 - Onshuu no Kanata ni＿＿,8.0,completed,both
37449,Strike the Blood III,6,completed,Strike the Blood III,6.0,completed,both
37450,Seishun Buta Yarou wa Bunny Girl Senpai no Yume wo Minai,8,completed,Seishun Buta Yarou wa Bunny Girl Senpai no Yume wo Minai,8.0,completed,both
37451,Boogiepop wa Warawanai (2019),0,plan_to_watch,Boogiepop wa Warawanai (2019),0.0,plan_to_watch,both
37491,Gintama. Shirogane no Tamashii-hen - Kouhan-sen,8,completed,Gintama. Shirogane no Tamashii-hen - Kouhan-sen,8.0,completed,both
37492,Steins;Gate 0: Kesshou Takei no Valentine - Bittersweet Intermedio,4,completed,Steins;Gate 0: Kesshou Takei no Valentine - Bittersweet Intermedio,4.0,completed,both
37510,Mob Psycho 100 II,9,completed,Mob Psycho 100 II,9.0,completed,both
37517,Happy Sugar Life,0,plan_to_watch,Happy Sugar Life,0.0,plan_to_watch,both
37520,Dororo,6,completed,Dororo,6.0,completed,both
37521,Vinland Saga,9,completed,Vinland Saga,9.0,completed,both
37525,Babylon,0,plan_to_watch,Babylon,0.0,plan_to_watch,both
37651,Fate/Extra: Last Encore - Illustrias Tendousetsu,6,completed,Fate/Extra: Last Encore - Illustrias Tendousetsu,6.0,completed,both
37675,Overlord III,8,completed,Overlord III,8.0,completed,both
37778,Pastel Life,6,completed,Pastel Life,6.0,completed,both
37779,Yakusoku no Neverland,8,completed,Yakusoku no Neverland,8.0,completed,both
37786,Yagate Kimi ni Naru,0,plan_to_watch,Yagate Kimi ni Naru,0.0,plan_to_watch,both
37804,Shirobako Movie,0,plan_to_watch,Shirobako Movie,0.0,plan_to_watch,both
37873,BanG Dream! Garupa☆Pico,8,completed,BanG Dream! Garupa☆Pico,8.0,completed,both
37920,Ueno-san wa Bukiyou,0,plan_to_watch,Ueno-san wa Bukiyou,0.0,plan_to_watch,both
37921,ReLIFE: Kanketsu-hen Specials,7,completed,ReLIFE: Kanketsu-hen Specials,7.0,completed,both
37965,Kaze ga Tsuyoku Fuiteiru,7,completed,Kaze ga Tsuyoku Fuiteiru,7.0,completed,both
37972,Hoshiai no Sora,0,plan_to_watch,Hoshiai no Sora,0.0,plan_to_watch,both
37976,Zombieland Saga,0,plan_to_watch,Zombieland Saga,0.0,plan_to_watch,both
37982,Domestic na Kanojo,0,plan_to_watch,Domestic na Kanojo,0.0,plan_to_watch,both
37984,"Kumo desu ga, Nani ka?",7,completed,"Kumo desu ga, Nani ka?",7.0,completed,both
37991,JoJo no Kimyou na Bouken Part 5: Ougon no Kaze,8,completed,JoJo no Kimyou na Bouken Part 5: Ougon no Kaze,8.0,completed,both
37999,Kaguya-sama wa Kokurasetai: Tensai-tachi no Renai Zunousen,8,completed,Kaguya-sama wa Kokurasetai: Tensai-tachi no Renai Zunousen,8.0,completed,both
38000,Kimetsu no Yaiba,7,completed,Kimetsu no Yaiba,7.0,completed,both
38027,Free! Dive to the Future: Soushun no Build-up!,7,completed,Free! Dive to the Future: Soushun no Build-up!,7.0,completed,both
38040,Kono Subarashii Sekai ni Shukufuku wo! Movie: Kurenai Densetsu,8,completed,Kono Subarashii Sekai ni Shukufuku wo! Movie: Kurenai Densetsu,8.0,completed,both
38050,Shoujo☆Kageki Revue Starlight Specials,7,completed,Shoujo☆Kageki Revue Starlight Specials,7.0,completed,both
38062,Endro~!,0,plan_to_watch,Endro~!,0.0,plan_to_watch,both
38080,Kono Oto Tomare!,0,plan_to_watch,Kono Oto Tomare!,0.0,plan_to_watch,both
38084,Fate/Grand Order: Zettai Majuu Sensen Babylonia,8,completed,Fate/Grand Order: Zettai Majuu Sensen Babylonia,8.0,completed,both
38085,Fate/Grand Order: Shinsei Entaku Ryouiki Camelot 1 - Wandering; Agateram,7,completed,Fate/Grand Order: Shinsei Entaku Ryouiki Camelot 1 - Wandering; Agateram,7.0,completed,both
38086,Fate/Grand Order: Shinsei Entaku Ryouiki Camelot 2 - Paladin; Agateram,8,completed,Fate/Grand Order: Shinsei Entaku Ryouiki Camelot 2 - Paladin; Agateram,8.0,completed,both
38101,5-toubun no Hanayome,7,completed,5-toubun no Hanayome,7.0,completed,both
38154,3-gatsu no Lion: Ugoku! Nya Shogi,8,completed,3-gatsu no Lion: Ugoku! Nya Shogi,8.0,completed,both
38186,Bokutachi wa Benkyou ga Dekinai,0,plan_to_watch,Bokutachi wa Benkyou ga Dekinai,0.0,plan_to_watch,both
38226,Choukadou Girl ⅙,0,plan_to_watch,Choukadou Girl ⅙,0.0,plan_to_watch,both
38249,Saiki Kusuo no Ψ-nan: Kanketsu-hen,8,completed,Saiki Kusuo no Ψ-nan: Kanketsu-hen,8.0,completed,both
38256,Magia Record: Mahou Shoujo Madoka☆Magica Gaiden,7,completed,Magia Record: Mahou Shoujo Madoka☆Magica Gaiden,7.0,completed,both
38328,Azur Lane,6,completed,Azur Lane,6.0,completed,both
38329,Seishun Buta Yarou wa Yumemiru Shoujo no Yume wo Minai,7,completed,Seishun Buta Yarou wa Yumemiru Shoujo no Yume wo Minai,7.0,completed,both
38333,Gochuumon wa Usagi desu ka?? Sing for You,8,completed,Gochuumon wa Usagi desu ka?? Sing for You,8.0,completed,both
38337,Gochuumon wa Usagi desu ka? Bloom,9,completed,Gochuumon wa Usagi desu ka? Bloom,9.0,completed,both
38400,Free! Movie 4: The Final Stroke - Zenpen,6,completed,Free! Movie 4: The Final Stroke - Zenpen,6.0,completed,both
38414,Re:Zero kara Hajimeru Isekai Seikatsu - Hyouketsu no Kizuna,8,completed,Re:Zero kara Hajimeru Isekai Seikatsu - Hyouketsu no Kizuna,8.0,completed,both
38431,Persona 5 the Animation TV Specials,7,completed,Persona 5 the Animation TV Specials,7.0,completed,both
38450,Mo Dao Zu Shi: Xian Yun Pian,0,plan_to_watch,Mo Dao Zu Shi: Xian Yun Pian,0.0,plan_to_watch,both
38472,Isekai Quartet,7,completed,Isekai Quartet,7.0,completed,both
38474,Yuru Camp△ Season 2,0,plan_to_watch,Yuru Camp△ Season 2,0.0,plan_to_watch,both
38481,Toaru Kagaku no Railgun T,0,plan_to_watch,Toaru Kagaku no Railgun T,0.0,plan_to_watch,both
38483,Ore wo Suki nano wa Omae dake ka yo,0,plan_to_watch,Ore wo Suki nano wa Omae dake ka yo,0.0,plan_to_watch,both
38524,Shingeki no Kyojin Season 3 Part 2,9,completed,Shingeki no Kyojin Season 3 Part 2,9.0,completed,both
38659,Shinchou Yuusha: Kono Yuusha ga Ore Tueee Kuse ni Shinchou Sugiru,8,completed,Shinchou Yuusha: Kono Yuusha ga Ore Tueee Kuse ni Shinchou Sugiru,8.0,completed,both
38671,Enen no Shouboutai,8,completed,Enen no Shouboutai,8.0,completed,both
38691,Dr. Stone,9,completed,Dr. Stone,9.0,completed,both
38790,Itai no wa Iya nanode Bougyoryoku ni Kyokufuri Shitai to Omoimasu.,8,completed,Itai no wa Iya nanode Bougyoryoku ni Kyokufuri Shitai to Omoimasu.,8.0,completed,both
38793,Tensei shitara Slime Datta Ken OVA,8,completed,Tensei shitara Slime Datta Ken OVA,8.0,completed,both
38799,Koukaku Kidoutai: SAC_2045,8,completed,Koukaku Kidoutai: SAC_2045,8.0,completed,both
38826,Tenki no Ko,8,completed,Tenki no Ko,8.0,completed,both
38830,"Hachi-nan tte, Sore wa Nai deshou!",6,completed,"Hachi-nan tte, Sore wa Nai deshou!",6.0,completed,both
38851,Virtual-san wa Miteiru,0,plan_to_watch,Virtual-san wa Miteiru,0.0,plan_to_watch,both
38883,Haikyuu!! To the Top,7,completed,Haikyuu!! To the Top,7.0,completed,both
38897,Fate/kaleid liner Prisma☆Illya: Prisma☆Phantasm,5,completed,Fate/kaleid liner Prisma☆Illya: Prisma☆Phantasm,5.0,completed,both
38936,Lord El-Melloi II-sei no Jikenbo: Rail Zeppelin Grace Note - Hakamori to Neko to Majutsushi,7,completed,Lord El-Melloi II-sei no Jikenbo: Rail Zeppelin Grace Note - Hakamori to Neko to Majutsushi,7.0,completed,both
38958,Manga de Wakaru! Fate/Grand Order,0,plan_to_watch,Manga de Wakaru! Fate/Grand Order,0.0,plan_to_watch,both
38959,Lord El-Melloi II-sei no Jikenbo: Rail Zeppelin Grace Note,7,completed,Lord El-Melloi II-sei no Jikenbo: Rail Zeppelin Grace Note,7.0,completed,both
39014,Free! Movie 3: Road to the World - Yume,7,completed,Free! Movie 3: Road to the World - Yume,7.0,completed,both
39026,Dumbbell Nan Kilo Moteru?,8,completed,Dumbbell Nan Kilo Moteru?,8.0,completed,both
39071,Machikado Mazoku,7,completed,Machikado Mazoku,7.0,completed,both
39078,Aikatsu Friends!: Kagayaki no Jewel,0,plan_to_watch,Aikatsu Friends!: Kagayaki no Jewel,0.0,plan_to_watch,both
39195,Beastars,0,plan_to_watch,Beastars,0.0,plan_to_watch,both
39247,Kobayashi-san Chi no Maid Dragon S,0,plan_to_watch,Kobayashi-san Chi no Maid Dragon S,0.0,plan_to_watch,both
39292,Princess Connect! Re:Dive,8,completed,Princess Connect! Re:Dive,8.0,completed,both
39388,Koisuru Asteroid,0,plan_to_watch,Koisuru Asteroid,0.0,plan_to_watch,both
39486,Gintama: The Final,9,completed,Gintama: The Final,9.0,completed,both
39491,Psycho-Pass 3,0,plan_to_watch,Psycho-Pass 3,0.0,plan_to_watch,both
39533,Given,8,completed,Given,8.0,completed,both
39535,Mushoku Tensei: Isekai Ittara Honki Dasu,10,completed,Mushoku Tensei: Isekai Ittara Honki Dasu,10.0,completed,both
39547,Yahari Ore no Seishun Love Comedy wa Machigatteiru. Kan,9,completed,Yahari Ore no Seishun Love Comedy wa Machigatteiru. Kan,9.0,completed,both
39551,Tensei shitara Slime Datta Ken 2nd Season,8,completed,Tensei shitara Slime Datta Ken 2nd Season,8.0,completed,both
39576,Goblin Slayer: Goblin's Crown,7,completed,Goblin Slayer: Goblin's Crown,7.0,completed,both
39587,Re:Zero kara Hajimeru Isekai Seikatsu 2nd Season,9,completed,Re:Zero kara Hajimeru Isekai Seikatsu 2nd Season,9.0,completed,both
39591,Persona 5 the Animation Specials,7,completed,Persona 5 the Animation Specials,7.0,completed,both
39783,5-toubun no Hanayome ∬,8,completed,5-toubun no Hanayome ∬,8.0,completed,both
39806,Mugen no Juunin: Immortal,0,plan_to_watch,Mugen no Juunin: Immortal,0.0,plan_to_watch,both
39894,Hibike! Euphonium 3,0,plan_to_watch,Hibike! Euphonium 3,0.0,plan_to_watch,both
39988,Isekai Quartet 2,7,completed,Isekai Quartet 2,7.0,completed,both
40028,Shingeki no Kyojin: The Final Season,8,plan_to_watch,Shingeki no Kyojin: The Final Season,8.0,plan_to_watch,both
40083,Arifureta Shokugyou de Sekai Saikyou Specials,5,completed,Arifureta Shokugyou de Sekai Saikyou Specials,5.0,completed,both
40148,22/7,0,plan_to_watch,22/7,0.0,plan_to_watch,both
40206,Fate/Grand Order: Zettai Majuu Sensen Babylonia - Initium Iter,8,completed,Fate/Grand Order: Zettai Majuu Sensen Babylonia - Initium Iter,8.0,completed,both
40262,Haikyuu!! Riku vs. Kuu,8,completed,Haikyuu!! Riku vs. Kuu,8.0,completed,both
40356,Tate no Yuusha no Nariagari Season 2,0,plan_to_watch,Tate no Yuusha no Nariagari Season 2,0.0,plan_to_watch,both
40357,Tate no Yuusha no Nariagari Season 3,0,plan_to_watch,Tate no Yuusha no Nariagari Season 3,0.0,plan_to_watch,both
40434,Mo Dao Zu Shi: Wanjie Pian,0,plan_to_watch,Mo Dao Zu Shi: Wanjie Pian,0.0,plan_to_watch,both
40435,Mo Dao Zu Shi Q,0,plan_to_watch,Mo Dao Zu Shi Q,0.0,plan_to_watch,both
40436,Peter Grill to Kenja no Jikan,6,completed,Peter Grill to Kenja no Jikan,6.0,completed,both
40454,Dungeon ni Deai wo Motomeru no wa Machigatteiru Darou ka III,7,completed,Dungeon ni Deai wo Motomeru no wa Machigatteiru Darou ka III,7.0,completed,both
40456,Kimetsu no Yaiba Movie: Mugen Ressha-hen,6,completed,Kimetsu no Yaiba Movie: Mugen Ressha-hen,6.0,completed,both
40485,Strike the Blood IV,6,completed,Strike the Blood IV,6.0,completed,both
40496,"Maou Gakuin no Futekigousha: Shijou Saikyou no Maou no Shiso, Tensei shite Shison-tachi no Gakkou e Kayou",8,completed,"Maou Gakuin no Futekigousha: Shijou Saikyou no Maou no Shiso, Tensei shite Shison-tachi no Gakkou e Kayou",8.0,completed,both
40497,Mahouka Koukou no Rettousei: Raihousha-hen,8,completed,Mahouka Koukou no Rettousei: Raihousha-hen,8.0,completed,both
40507,Arifureta Shokugyou de Sekai Saikyou 2nd Season,7,completed,Arifureta Shokugyou de Sekai Saikyou 2nd Season,7.0,completed,both
40542,Saiki Kusuo no Ψ-nan: Ψ-shidou-hen,8,completed,Saiki Kusuo no Ψ-nan: Ψ-shidou-hen,8.0,completed,both
40586,"Slime Taoshite 300-nen, Shiranai Uchi ni Level Max ni Nattemashita",7,completed,"Slime Taoshite 300-nen, Shiranai Uchi ni Level Max ni Nattemashita",7.0,completed,both
40591,Kaguya-sama wa Kokurasetai? Tensai-tachi no Renai Zunousen,9,completed,Kaguya-sama wa Kokurasetai? Tensai-tachi no Renai Zunousen,9.0,completed,both
40608,Muv-Luv Alternative,0,plan_to_watch,Muv-Luv Alternative,0.0,plan_to_watch,both
40748,Jujutsu Kaisen,8,completed,Jujutsu Kaisen,8.0,completed,both
40750,Kaifuku Jutsushi no Yarinaoshi,8,completed,Kaifuku Jutsushi no Yarinaoshi,8.0,completed,both
40776,Haikyuu!! To the Top Part 2,7,completed,Haikyuu!! To the Top Part 2,7.0,completed,both
40778,Planetarian: Snow Globe,0,plan_to_watch,Planetarian: Snow Globe,0.0,plan_to_watch,both
40814,Seitokai Yakuindomo Movie 2,0,plan_to_watch,Seitokai Yakuindomo Movie 2,0.0,plan_to_watch,both
40834,Ousama Ranking,8,completed,Ousama Ranking,8.0,completed,both
40852,Dr. Stone: Stone Wars,8,completed,Dr. Stone: Stone Wars,8.0,completed,both
40858,Psycho-Pass 3: First Inspector,0,plan_to_watch,Psycho-Pass 3: First Inspector,0.0,plan_to_watch,both
40879,Love Live! Nijigasaki Gakuen School Idol Doukoukai,0,plan_to_watch,Love Live! Nijigasaki Gakuen School Idol Doukoukai,0.0,plan_to_watch,both
40930,Azur Lane: Bisoku Zenshin!,7,completed,Azur Lane: Bisoku Zenshin!,7.0,completed,both
40956,Enen no Shouboutai: Ni no Shou,0,plan_to_watch,Enen no Shouboutai: Ni no Shou,0.0,plan_to_watch,both
40960,Cheat Kusushi no Slow Life: Isekai ni Tsukurou Drugstore,6,completed,Cheat Kusushi no Slow Life: Isekai ni Tsukurou Drugstore,6.0,completed,both
41006,Higurashi no Naku Koro ni Gou,0,plan_to_watch,Higurashi no Naku Koro ni Gou,0.0,plan_to_watch,both
41084,Made in Abyss: Retsujitsu no Ougonkyou,0,plan_to_watch,Made in Abyss: Retsujitsu no Ougonkyou,0.0,plan_to_watch,both
41109,Log Horizon: Entaku Houkai,8,completed,Log Horizon: Entaku Houkai,8.0,completed,both
41266,Bessatsu Olympia Kyklos,0,plan_to_watch,Bessatsu Olympia Kyklos,0.0,plan_to_watch,both
41380,100-man no Inochi no Ue ni Ore wa Tatteiru,6,completed,100-man no Inochi no Ue ni Ore wa Tatteiru,6.0,completed,both
41433,Akudama Drive,6,completed,Akudama Drive,6.0,completed,both
41456,"Sentouin, Haken shimasu!",6,completed,"Sentouin, Haken shimasu!",6.0,completed,both
41457,86,6,completed,86,6.0,completed,both
41461,Date A Live IV,0,plan_to_watch,Date A Live IV,0.0,plan_to_watch,both
41467,Bleach: Sennen Kessen-hen,9,completed,Bleach: Sennen Kessen-hen,9.0,completed,both
41471,Kiniro Mosaic: Thank You!!,0,plan_to_watch,Kiniro Mosaic: Thank You!!,0.0,plan_to_watch,both
41487,Tensei shitara Slime Datta Ken 2nd Season Part 2,8,completed,Tensei shitara Slime Datta Ken 2nd Season Part 2,8.0,completed,both
41488,Tensura Nikki: Tensei shitara Slime Datta Ken,8,completed,Tensura Nikki: Tensei shitara Slime Datta Ken,8.0,completed,both
41497,Fate/Grand Order: Shuukyoku Tokuiten - Kani Jikan Shinden Solomon,9,completed,Fate/Grand Order: Shuukyoku Tokuiten - Kani Jikan Shinden Solomon,9.0,completed,both
41514,Itai no wa Iya nanode Bougyoryoku ni Kyokufuri Shitai to Omoimasu. 2,8,completed,Itai no wa Iya nanode Bougyoryoku ni Kyokufuri Shitai to Omoimasu. 2,8.0,completed,both
41611,Wan Sheng Jie,7,completed,Wan Sheng Jie,7.0,completed,both
41619,Munou na Nana,0,plan_to_watch,Munou na Nana,0.0,plan_to_watch,both
41623,Isekai Maou to Shoukan Shoujo no Dorei Majutsu Ω,7,completed,Isekai Maou to Shoukan Shoujo no Dorei Majutsu Ω,7.0,completed,both
41710,Genjitsu Shugi Yuusha no Oukoku Saikenki,8,completed,Genjitsu Shugi Yuusha no Oukoku Saikenki,8.0,completed,both
41899,Ore dake Haireru Kakushi Dungeon,7,completed,Ore dake Haireru Kakushi Dungeon,7.0,completed,both
42030,Fate/kaleid liner Prisma☆Illya Movie: Licht - Namae no Nai Shoujo,7,completed,Fate/kaleid liner Prisma☆Illya Movie: Licht - Namae no Nai Shoujo,7.0,completed,both
42072,Kenja no Deshi wo Nanoru Kenja,6,completed,Kenja no Deshi wo Nanoru Kenja,6.0,completed,both
42203,Re:Zero kara Hajimeru Isekai Seikatsu 2nd Season Part 2,8,completed,Re:Zero kara Hajimeru Isekai Seikatsu 2nd Season Part 2,8.0,completed,both
42310,Cyberpunk: Edgerunners,9,completed,Cyberpunk: Edgerunners,9.0,completed,both
42340,Meikyuu Black Company,7,completed,Meikyuu Black Company,7.0,completed,both
42351,Senpai ga Uzai Kouhai no Hanashi,7,completed,Senpai ga Uzai Kouhai no Hanashi,7.0,completed,both
42385,The iDOLM@STER Million Live!,0,plan_to_watch,The iDOLM@STER Million Live!,0.0,plan_to_watch,both
42640,Wan Sheng Jie 2,8,completed,Wan Sheng Jie 2,8.0,completed,both
42670,Princess Connect! Re:Dive Season 2,8,completed,Princess Connect! Re:Dive Season 2,8.0,completed,both
42897,Horimiya,8,completed,Horimiya,8.0,completed,both
43523,Tsuki ga Michibiku Isekai Douchuu,8,completed,Tsuki ga Michibiku Isekai Douchuu,8.0,completed,both
43608,Kaguya-sama wa Kokurasetai: Ultra Romantic,9,completed,Kaguya-sama wa Kokurasetai: Ultra Romantic,9.0,completed,both
43609,Kaguya-sama wa Kokurasetai? Tensai-tachi no Renai Zunousen OVA,0,plan_to_watch,Kaguya-sama wa Kokurasetai? Tensai-tachi no Renai Zunousen OVA,0.0,plan_to_watch,both
43969,Kanojo mo Kanojo,7,completed,Kanojo mo Kanojo,7.0,completed,both
44037,"Shin no Nakama ja Nai to Yuusha no Party wo Oidasareta node, Henkyou de Slow Life suru Koto ni Shimashita",6,completed,"Shin no Nakama ja Nai to Yuusha no Party wo Oidasareta node, Henkyou de Slow Life suru Koto ni Shimashita",6.0,completed,both
44087,Gintama: The Semi-Final,8,completed,Gintama: The Semi-Final,8.0,completed,both
44203,Seirei Gensouki,7,completed,Seirei Gensouki,7.0,completed,both
44248,Fate/Grand Carnival,0,plan_to_watch,Fate/Grand Carnival,0.0,plan_to_watch,both
44511,Chainsaw Man,10,completed,Chainsaw Man,10.0,completed,both
45572,Mahouka Koukou no Yuutousei,6,completed,Mahouka Koukou no Yuutousei,6.0,completed,both
45576,Mushoku Tensei: Isekai Ittara Honki Dasu Part 2,10,completed,Mushoku Tensei: Isekai Ittara Honki Dasu Part 2,10.0,completed,both
45658,Dokidoki! Mini Mini! Kakushi Dungeon Gekijou,6,completed,Dokidoki! Mini Mini! Kakushi Dungeon Gekijou,6.0,completed,both
46431,"Yahari Ore no Seishun Love Comedy wa Machigatteiru. Kan: Dakara, Shishunki wa Owarazu ni, Seishun wa Tsuzuiteiku.",0,plan_to_watch,"Yahari Ore no Seishun Love Comedy wa Machigatteiru. Kan: Dakara, Shishunki wa Owarazu ni, Seishun wa Tsuzuiteiku.",0.0,plan_to_watch,both
46569,Jigokuraku,8,completed,Jigokuraku,8.0,completed,both
46604,Dolls' Frontline,0,plan_to_watch,Dolls' Frontline,0.0,plan_to_watch,both
47159,Tensai Ouji no Akaji Kokka Saisei Jutsu,8,completed,Tensai Ouji no Akaji Kokka Saisei Jutsu,8.0,completed,both
47161,Shikkakumon no Saikyou Kenja,6,completed,Shikkakumon no Saikyou Kenja,6.0,completed,both
47790,"Sekai Saikou no Ansatsusha, Isekai Kizoku ni Tensei suru",7,completed,"Sekai Saikou no Ansatsusha, Isekai Kizoku ni Tensei suru",7.0,completed,both
47917,Bocchi the Rock!,9,completed,Bocchi the Rock!,9.0,completed,both
48316,Kage no Jitsuryokusha ni Naritakute!,8,completed,Kage no Jitsuryokusha ni Naritakute!,8.0,completed,both
48375,Mahouka Koukou no Rettousei: Tsuioku-hen,7,completed,Mahouka Koukou no Rettousei: Tsuioku-hen,7.0,completed,both
48413,Hataraku Maou-sama!!,0,plan_to_watch,Hataraku Maou-sama!!,0.0,plan_to_watch,both
48415,"Shijou Saikyou no Daimaou, Murabito A ni Tensei suru",6,completed,"Shijou Saikyou no Daimaou, Murabito A ni Tensei suru",6.0,completed,both
48417,"Maou Gakuin no Futekigousha II: Shijou Saikyou no Maou no Shiso, Tensei shite Shison-tachi no Gakkou e Kayou",7,completed,"Maou Gakuin no Futekigousha II: Shijou Saikyou no Maou no Shiso, Tensei shite Shison-tachi no Gakkou e Kayou",7.0,completed,both
48548,5-toubun no Hanayome Movie,6,completed,5-toubun no Hanayome Movie,6.0,completed,both
48549,Dr. Stone: New World,8,completed,Dr. Stone: New World,8.0,completed,both
48556,Takt Op. Destiny,6,completed,Takt Op. Destiny,6.0,completed,both
48561,Jujutsu Kaisen 0 Movie,8,completed,Jujutsu Kaisen 0 Movie,8.0,completed,both
48583,Shingeki no Kyojin: The Final Season Part 2,8,completed,Shingeki no Kyojin: The Final Season Part 2,8.0,completed,both
48585,Black Clover: Mahou Tei no Ken,7,completed,Black Clover: Mahou Tei no Ken,7.0,completed,both
48661,JoJo no Kimyou na Bouken Part 6: Stone Ocean,8,completed,JoJo no Kimyou na Bouken Part 6: Stone Ocean,8.0,completed,both
48736,Sono Bisque Doll wa Koi wo Suru,8,completed,Sono Bisque Doll wa Koi wo Suru,8.0,completed,both
48760,"Gaikotsu Kishi-sama, Tadaima Isekai e Odekakechuu",7,completed,"Gaikotsu Kishi-sama, Tadaima Isekai e Odekakechuu",7.0,completed,both
48761,Saihate no Paladin,0,plan_to_watch,Saihate no Paladin,0.0,plan_to_watch,both
48820,Mahou Shoujo Madoka★Magica Movie 4: Walpurgis no Kaiten,0,plan_to_watch,Mahou Shoujo Madoka★Magica Movie 4: Walpurgis no Kaiten,0.0,plan_to_watch,both
48830,Free! Movie 5: The Final Stroke - Kouhen,7,completed,Free! Movie 5: The Final Stroke - Kouhen,7.0,completed,both
48895,Overlord IV,8,completed,Overlord IV,8.0,completed,both
48896,Overlord Movie 3: Sei Oukoku-hen,8,completed,Overlord Movie 3: Sei Oukoku-hen,8.0,completed,both
49236,Youjo Senki: Sabaku no Pasta Daisakusen,7,completed,Youjo Senki: Sabaku no Pasta Daisakusen,7.0,completed,both
49387,Vinland Saga Season 2,8,completed,Vinland Saga Season 2,8.0,completed,both
49458,Kono Subarashii Sekai ni Shukufuku wo! 3,0,plan_to_watch,Kono Subarashii Sekai ni Shukufuku wo! 3,0.0,plan_to_watch,both
49587,Wan Sheng Jie 3,8,completed,Wan Sheng Jie 3,8.0,completed,both
49930,Genjitsu Shugi Yuusha no Oukoku Saikenki Part 2,8,completed,Genjitsu Shugi Yuusha no Oukoku Saikenki Part 2,8.0,completed,both
50172,Mob Psycho 100 III,0,plan_to_watch,Mob Psycho 100 III,0.0,plan_to_watch,both
50175,"Yuusha, Yamemasu",7,completed,"Yuusha, Yamemasu",7.0,completed,both
50183,Blue Giant,9,completed,Blue Giant,9.0,completed,both
50205,Arknights: Prelude to Dawn,8,completed,Arknights: Prelude to Dawn,8.0,completed,both
50265,Spy x Family,9,completed,Spy x Family,9.0,completed,both
50325,Kaguya-sama wa Kokurasetai: Ultra Romantic Teaser PV - Ishigami Yuu wa Kataritai,9,completed,Kaguya-sama wa Kokurasetai: Ultra Romantic Teaser PV - Ishigami Yuu wa Kataritai,9.0,completed,both
50380,Paripi Koumei,8,completed,Paripi Koumei,8.0,completed,both
50410,One Piece Film: Red,8,completed,One Piece Film: Red,8.0,completed,both
50461,Otome Game Sekai wa Mob ni Kibishii Sekai desu,7,completed,Otome Game Sekai wa Mob ni Kibishii Sekai desu,7.0,completed,both
50602,Spy x Family Part 2,9,completed,Spy x Family Part 2,9.0,completed,both
50612,Dr. Stone: Ryuusui,8,completed,Dr. Stone: Ryuusui,8.0,completed,both
50668,Mahoutsukai no Yoru,0,plan_to_watch,Mahoutsukai no Yoru,0.0,plan_to_watch,both
50713,Mahouka Koukou no Rettousei 3rd Season,7,completed,Mahouka Koukou no Rettousei 3rd Season,7.0,completed,both
50932,Saikyou Onmyouji no Isekai Tenseiki,8,completed,Saikyou Onmyouji no Isekai Tenseiki,8.0,completed,both
51009,Jujutsu Kaisen 2nd Season,9,completed,Jujutsu Kaisen 2nd Season,9.0,completed,both
51064,Kuro no Shoukanshi,7,completed,Kuro no Shoukanshi,7.0,completed,both
51096,Youkoso Jitsuryoku Shijou Shugi no Kyoushitsu e 2nd Season,7,completed,Youkoso Jitsuryoku Shijou Shugi no Kyoushitsu e 2nd Season,7.0,completed,both
51180,Youkoso Jitsuryoku Shijou Shugi no Kyoushitsu e 3rd Season,7,completed,Youkoso Jitsuryoku Shijou Shugi no Kyoushitsu e 3rd Season,7.0,completed,both
51219,Isekai One Turn Kill Neesan: Ane Douhan no Isekai Seikatsu Hajimemashita,6,completed,Isekai One Turn Kill Neesan: Ane Douhan no Isekai Seikatsu Hajimemashita,6.0,completed,both
51297,Ragna Crimson,6,completed,Ragna Crimson,6.0,completed,both
51367,JoJo no Kimyou na Bouken Part 6: Stone Ocean Part 2,0,plan_to_watch,JoJo no Kimyou na Bouken Part 6: Stone Ocean Part 2,0.0,plan_to_watch,both
51462,Isekai Nonbiri Nouka,6,completed,Isekai Nonbiri Nouka,6.0,completed,both
51535,Shingeki no Kyojin: The Final Season - Kanketsu-hen,4,completed,Shingeki no Kyojin: The Final Season - Kanketsu-hen,4.0,completed,both
51562,"Yuusha, Yamemasu: Kenshuu Ryokou wa Mokuteki wo Miushinau na",7,completed,"Yuusha, Yamemasu: Kenshuu Ryokou wa Mokuteki wo Miushinau na",7.0,completed,both
51632,Isekai wa Smartphone to Tomo ni. 2,7,completed,Isekai wa Smartphone to Tomo ni. 2,7.0,completed,both
52034,[Oshi no Ko],9,completed,[Oshi no Ko],9.0,completed,both
52046,"Yuusha Party wo Tsuihou sareta Beast Tamer, Saikyoushu no Nekomimi Shoujo to Deau",7,completed,"Yuusha Party wo Tsuihou sareta Beast Tamer, Saikyoushu no Nekomimi Shoujo to Deau",7.0,completed,both
52107,Mononoke Movie 1: Karakasa,7,completed,Mononoke Movie 1: Karakasa,7.0,completed,both
52198,Kaguya-sama wa Kokurasetai: First Kiss wa Owaranai,8,completed,Kaguya-sama wa Kokurasetai: First Kiss wa Owaranai,8.0,completed,both
52211,Mashle,7,completed,Mashle,7.0,completed,both
52299,Ore dake Level Up na Ken,8,completed,Ore dake Level Up na Ken,8.0,completed,both
52347,"Shangri-La Frontier: Kusoge Hunter, Kamige ni Idoman to su",8,completed,"Shangri-La Frontier: Kusoge Hunter, Kamige ni Idoman to su",8.0,completed,both
52588,Kaijuu 8-gou,7,completed,Kaijuu 8-gou,7.0,completed,both
52701,Dungeon Meshi,9,completed,Dungeon Meshi,9.0,completed,both
52830,"Isekai de Cheat Skill wo Te ni Shita Ore wa, Genjitsu Sekai wo mo Musou Suru: Level Up wa Jinsei wo Kaeta",6,completed,"Isekai de Cheat Skill wo Te ni Shita Ore wa, Genjitsu Sekai wo mo Musou Suru: Level Up wa Jinsei wo Kaeta",6.0,completed,both
52991,Sousou no Frieren,10,completed,Sousou no Frieren,10.0,completed,both
53040,Kanojo mo Kanojo Season 2,7,completed,Kanojo mo Kanojo Season 2,7.0,completed,both
53127,Fate/strange Fake: Whispers of Dawn,9,completed,Fate/strange Fake: Whispers of Dawn,9.0,completed,both
53393,Tengoku Daimakyou,9,completed,Tengoku Daimakyou,9.0,completed,both
53447,Tu Bian Yingxiong X,9,completed,Tu Bian Yingxiong X,9.0,completed,both
53859,Wan Sheng Jie 4,0,plan_to_watch,Wan Sheng Jie 4,0.0,plan_to_watch,both
53881,Arknights: Perish in Frost,8,completed,Arknights: Perish in Frost,8.0,completed,both
53888,Spy x Family Movie: Code: White,8,completed,Spy x Family Movie: Code: White,8.0,completed,both
53889,Ao no Exorcist: Shimane Illuminati-hen,6,completed,Ao no Exorcist: Shimane Illuminati-hen,6.0,completed,both
53998,Bleach: Sennen Kessen-hen - Ketsubetsu-tan,0,plan_to_watch,Bleach: Sennen Kessen-hen - Ketsubetsu-tan,0.0,plan_to_watch,both
54042,Fate/Grand Order: Fujimaru Ritsuka wa Wakaranai,8,completed,Fate/Grand Order: Fujimaru Ritsuka wa Wakaranai,8.0,completed,both
54103,Hikikomari Kyuuketsuki no Monmon,7,completed,Hikikomari Kyuuketsuki no Monmon,7.0,completed,both
54312,Yuanshen: Hai Dengjie CM Duanpian - Ming Xiao Huanmeng,8,completed,Yuanshen: Hai Dengjie CM Duanpian - Ming Xiao Huanmeng,8.0,completed,both
54492,Kusuriya no Hitorigoto,9,completed,Kusuriya no Hitorigoto,9.0,completed,both
54595,Kage no Jitsuryokusha ni Naritakute! 2nd Season,8,completed,Kage no Jitsuryokusha ni Naritakute! 2nd Season,8.0,completed,both
54714,Kimi no Koto ga Daidaidaidaidaisuki na 100-nin no Kanojo,9,completed,Kimi no Koto ga Daidaidaidaidaisuki na 100-nin no Kanojo,9.0,completed,both
54724,Nige Jouzu no Wakagimi,8,completed,Nige Jouzu no Wakagimi,8.0,completed,both
54744,Tokidoki Bosotto Russia-go de Dereru Tonari no Alya-san,8,completed,Tokidoki Bosotto Russia-go de Dereru Tonari no Alya-san,8.0,completed,both
54757,3-nen Z-gumi Ginpachi-sensei,0,plan_to_watch,3-nen Z-gumi Ginpachi-sensei,0.0,plan_to_watch,both
54837,Akuyaku Reijou Level 99: Watashi wa Ura-Boss desu ga Maou dewa Arimasen,8,completed,Akuyaku Reijou Level 99: Watashi wa Ura-Boss desu ga Maou dewa Arimasen,8.0,completed,both
54857,Re:Zero kara Hajimeru Isekai Seikatsu 3rd Season,9,completed,Re:Zero kara Hajimeru Isekai Seikatsu 3rd Season,9.0,completed,both
55315,Gensou Mangekyou: The Memories of Phantasm,9,watching,Gensou Mangekyou: The Memories of Phantasm,9.0,watching,both
55586,Yuanshen: Xumi CM Duanpian,8,completed,Yuanshen: Xumi CM Duanpian,8.0,completed,both
55644,Dr. Stone: New World Part 2,8,completed,Dr. Stone: New World Part 2,8.0,completed,both
55813,Mashle: Shinkakusha Kouho Senbatsu Shiken-hen,7,completed,Mashle: Shinkakusha Kouho Senbatsu Shiken-hen,7.0,completed,both
55830,Fate/strange Fake,0,plan_to_watch,Fate/strange Fake,0.0,plan_to_watch,both
55848,Isekai Suicide Squad,0,plan_to_watch,Isekai Suicide Squad,0.0,plan_to_watch,both
56009,Yuusha-kei ni Shosu: Choubatsu Yuusha 9004-tai Keimu Kiroku,9,completed,Yuusha-kei ni Shosu: Choubatsu Yuusha 9004-tai Keimu Kiroku,9.0,completed,both
56885,Sousou no Frieren: ●● no Mahou,8,watching,Sousou no Frieren: ●● no Mahou,8.0,watching,both
56923,Lv2 kara Cheat datta Motoyuusha Kouho no Mattari Isekai Life,7,completed,Lv2 kara Cheat datta Motoyuusha Kouho no Mattari Isekai Life,7.0,completed,both
57334,Dandadan,9,completed,Dandadan,9.0,completed,both
57555,Chainsaw Man Movie: Reze-hen,10,completed,Chainsaw Man Movie: Reze-hen,10.0,completed,both
57592,Dr. Stone: Science Future,8,completed,Dr. Stone: Science Future,8.0,completed,both
57616,Kimi no Koto ga Daidaidaidaidaisuki na 100-nin no Kanojo 2nd Season,0,plan_to_watch,Kimi no Koto ga Daidaidaidaidaisuki na 100-nin no Kanojo 2nd Season,0.0,plan_to_watch,both
57864,Monogatari Series: Off & Monster Season,9,completed,Monogatari Series: Off & Monster Season,9.0,completed,both
58059,Tsue to Tsurugi no Wistoria,9,completed,Tsue to Tsurugi no Wistoria,9.0,completed,both
58125,Look Back,9,completed,Look Back,9.0,completed,both
58514,Kusuriya no Hitorigoto 2nd Season,9,completed,Kusuriya no Hitorigoto 2nd Season,9.0,completed,both
58516,Ao no Exorcist: Yuki no Hate-hen,7,completed,Ao no Exorcist: Yuki no Hate-hen,7.0,completed,both
58537,Yuanshen Tiwate Pian: Mu Jian PV - Dong Ye Yu Xi,9,completed,Yuanshen Tiwate Pian: Mu Jian PV - Dong Ye Yu Xi,9.0,completed,both
58567,Ore dake Level Up na Ken Season 2: Arise from the Shadow,8,completed,Ore dake Level Up na Ken Season 2: Arise from the Shadow,8.0,completed,both
58572,"Shangri-La Frontier: Kusoge Hunter, Kamige ni Idoman to su 2nd Season",8,completed,"Shangri-La Frontier: Kusoge Hunter, Kamige ni Idoman to su 2nd Season",8.0,completed,both
58689,Yuanshen: Jinzhong Ge,9,completed,Yuanshen: Jinzhong Ge,9.0,completed,both
58696,Yuanshen: Xuqu PV - Zhi Zhongmu de Huanyan,9,completed,Yuanshen: Xuqu PV - Zhi Zhongmu de Huanyan,9.0,completed,both
58930,Yuanshen: Weixing Zhi Lu,9,completed,Yuanshen: Weixing Zhi Lu,9.0,completed,both
58939,Sakamoto Days,7,completed,Sakamoto Days,7.0,completed,both
59027,Spy x Family Season 3,0,plan_to_watch,Spy x Family Season 3,0.0,plan_to_watch,both
59130,Isekai Mokushiroku Mynoghra: Hametsu no Bunmei de Hajimeru Sekai Seifuku,6,completed,Isekai Mokushiroku Mynoghra: Hametsu no Bunmei de Hajimeru Sekai Seifuku,6.0,completed,both
59193,Mushoku Tensei III: Isekai Ittara Honki Dasu,0,plan_to_watch,Mushoku Tensei III: Isekai Ittara Honki Dasu,0.0,plan_to_watch,both
59205,Clevatess: Majuu no Ou to Akago to Shikabane no Yuusha,8,completed,Clevatess: Majuu no Ou to Akago to Shikabane no Yuusha,8.0,completed,both
59226,Ao no Exorcist: Yosuga-hen,7,completed,Ao no Exorcist: Yosuga-hen,7.0,completed,both
59408,Mononoke Movie 2: Hinezumi,8,completed,Mononoke Movie 2: Hinezumi,8.0,completed,both
59612,Monogatari Series: Off & Monster Season - Zankoku Douwa: Utsukushi-hime,8,completed,Monogatari Series: Off & Monster Season - Zankoku Douwa: Utsukushi-hime,8.0,completed,both
59845,Kaoru Hana wa Rin to Saku,0,plan_to_watch,Kaoru Hana wa Rin to Saku,0.0,plan_to_watch,both
59978,Sousou no Frieren 2nd Season,0,plan_to_watch,Sousou no Frieren 2nd Season,0.0,plan_to_watch,both
60048,Bleach 20th PV,8,completed,Bleach 20th PV,8.0,completed,both
60285,Sakamoto Days Part 2,7,completed,Sakamoto Days Part 2,7.0,completed,both
60543,Dandadan 2nd Season,9,completed,Dandadan 2nd Season,9.0,completed,both
61316,Re:Zero kara Hajimeru Isekai Seikatsu 4th Season,0,plan_to_watch,Re:Zero kara Hajimeru Isekai Seikatsu 4th Season,0.0,plan_to_watch,both
61322,Dr. Stone: Science Future Part 2,9,completed,Dr. Stone: Science Future Part 2,9.0,completed,both
61851,Isekai Quartet 3,7,completed,Isekai Quartet 3,7.0,completed,both
61984,Bâan: Otona no Kyoukai,6,completed,Bâan: Otona no Kyoukai,6.0,completed,both
62542,Grand Blue Season 3,0,plan_to_watch,Grand Blue Season 3,0.0,plan_to_watch,both
62568,Dr. Stone: Science Future Part 3,0,plan_to_watch,Dr. Stone: Science Future Part 3,0.0,plan_to_watch,both
63120,Akatsuki no Yona (Zoku-hen),0,plan_to_watch,Akatsuki no Yona (Zoku-hen),0.0,plan_to_watch,both
63143,Chainsaw Man: Shikaku-hen,0,plan_to_watch,Chainsaw Man: Shikaku-hen,0.0,plan_to_watch,both
63816,Sousou no Frieren: Ougonkyou-hen,0,plan_to_watch,Sousou no Frieren: Ougonkyou-hen,0.0,plan_to_watch,both
