userID,holdout_animeID,train_anime_ids,profile_size,user_level,popularity_rank,metadata_rank,graph_rank,people_staff_rank,item_knn_rank,latent_svd_rank,full_hybrid_rank,tuned_hybrid_rank,level_tuned_hybrid_rank,example_method,product_hybrid_top12_anime_ids,candidate_pool_size,holdout_title,train_titles,product_hybrid_top12_titles,case_type
25032,29093,20|1575|1691|1735|2025|2593|2904|3782|3783|4186|4280|4282|5081|5114|5204|5205|5507|6547|6702|6954,245,Fan,6,20,4,22,1,1,2,2,1,level_tuned_product_hybrid,29093|13125|6171|12565|30205|44961|38481|49981|24543|15793|4565|59142,101,Grisaia no Meikyuu: Caprice no Mayu 0,Naruto | Code Geass: Hangyaku no Lelouch | Kaze no Stigma | Naruto: Shippuuden | Darker than Black: Kuro no Keiyakusha | Kara no Kyoukai Movie 1: Fukan Fuukei | Code Geass: Hangyaku no Lelouch R2 | Kara no Kyoukai Movie 2: Satsujin Kousatsu (Zen),"Grisaia no Meikyuu: Caprice no Mayu 0 | Shinsekai yori | Saint Seiya: The Lost Canvas - Meiou Shinwa | Fate/Prototype | Aoharu x Kikanjuu | Platinum End | Toaru Kagaku no Railgun T | Kimi to Boku no Saigo no Senjou, Aruiwa Sekai ga Hajimaru Seisen Season II | Persona 3 the Movie 3: Falling Down | Senki Zesshou Symphogear G | Tengen Toppa Gurren Lagann Movie 2: Lagann-hen | Unnamed Memory Act.2",both_hit
391767,12293,1|5|6|15|16|18|19|20|21|22|24|28|30|33|43|44|45|46|47|53,1770,Veteran,3,8,3,10,88,5,4,3,4,level_tuned_product_hybrid,52962|12445|11933|12293|11359|52976|21755|66|39808|5725|35044|49893,101,Campione! Matsurowanu Kamigami to Kamigoroshi no Maou,Cowboy Bebop | Cowboy Bebop: Tengoku no Tobira | Trigun | Eyeshield 21 | Hachimitsu to Clover | Initial D Fourth Stage | Monster | Naruto,"Tearmoon Teikoku Monogatari: Dantoudai kara Hajimaru, Hime no Tensei Gyakuten Story | Tasogare Otome x Amnesia | Oda Nobuna no Yabou | Campione! Matsurowanu Kamigami to Kamigoroshi no Maou | Dragon Ball Kai: Mirai ni Heiwa wo! Goku no Tamashii yo Eien ni | Berserk: Ougon Jidai-hen - Memorial Edition | Shin Tennis no Oujisama vs. Genius 10 | Azumanga Daiou The Animation | Non Non Biyori Nonstop | Kodai Ouja Kyouryuu King: Yokuryuu Densetsu | Tu Bian Yingxiong Leaf | Kobayashi-san Chi no Maid Dragon S: Nippon no Omotenashi - Attend wa Dragon desu",both_hit
464194,1526,1|6|16|19|20|21|30|32|33|43|45|47|48|73|120|121|136|145|154|164,407,Fan,15,26,27,11,4,1,2,2,1,level_tuned_product_hybrid,1526|54857|6213|3002|5231|22135|4282|31580|150|4214|22145|33047,101,Pokemon Movie 08: Mew to Hadou no Yuusha Lucario,"Cowboy Bebop | Trigun | Hachimitsu to Clover | Monster | Naruto | One Piece | Shinseiki Evangelion | Shinseiki Evangelion Movie: Air/Magokoro wo, Kimi ni",Pokemon Movie 08: Mew to Hadou no Yuusha Lucario | Re:Zero kara Hajimeru Isekai Seikatsu 3rd Season | Toaru Kagaku no Railgun | Gyakkyou Burai Kaiji: Ultimate Survivor | Inazuma Eleven | Ping Pong the Animation | Kara no Kyoukai Movie 5: Mujun Rasen | Ajin | Blood+ | Rosario to Vampire Capu2 | Kuroshitsuji: Book of Circus | Fate/Extra: Last Encore,hybrid_win
469385,38408,1|20|30|32|199|227|317|323|339|437|512|877|934|1210|1535|1575|1887|2759|2890|2904,137,Casual,1,4,1,3,27,1,1,1,1,level_tuned_product_hybrid,38408|62896|36873|16|36796|34498|55866|36702|9288|8197|42392|8841,101,Boku no Hero Academia 4th Season,"Cowboy Bebop | Naruto | Shinseiki Evangelion | Shinseiki Evangelion Movie: Air/Magokoro wo, Kimi ni | Sen to Chihiro no Kamikakushi | FLCL | Final Fantasy VII: Advent Children | Mousou Dairinin","Boku no Hero Academia 4th Season | Chou Kaguya-hime! | Back Street Girls: Gokudolls | Hachimitsu to Clover | Owarimonogatari 2nd Season Recaps | Uchiage Hanabi, Shita kara Miru ka? Yoko kara Miru ka? | Yubisaki to Renren | Shingeki no Kyojin Season 2 Movie: Kakusei no Houkou | Heartcatch Precure! Movie: Hana no Miyako de Fashion Show... desu ka!? | So Ra No Wo To Specials | Grisaia: Phantom Trigger The Animation - Stargazer | Kore wa Zombie desu ka?",both_hit
549700,12883,1|19|27|64|65|121|153|199|226|235|270|392|430|457|528|578|779|789|1535|1575,131,Casual,24,16,7,21,1,2,3,3,3,level_tuned_product_hybrid,31953|14833|12883|22687|40221|14765|57524|36906|55102|54714|2889|38699,101,Tsuritama,Cowboy Bebop | Monster | Trinity Blood | Rozen Maiden | Rozen Maiden: Träumend | Fullmetal Alchemist | Juuni Kokuki | Sen to Chihiro no Kamikakushi,New Game! | Maoyuu Maou Yuusha | Tsuritama | Terra Formars | Kami no Tou | Ixion Saga DT | Make Heroine ga Oosugiru! | Jashin-chan Dropkick | Girls Band Cry | Kimi no Koto ga Daidaidaidaidaisuki na 100-nin no Kanojo | Bleach Movie 2: The DiamondDust Rebellion - Mou Hitotsu no Hyourinmaru | Boku no Hero Academia the Movie 1: Futari no Hero Specials,hybrid_win
625599,16498,20|21|33|121|249|1210|1735|5114|25777|35760|38524|40028,12,Beginner,1,1,1,1,1,1,1,1,1,level_tuned_product_hybrid,16498|6746|323|6421|1254|19285|34902|435|31758|34822|42205|35968,101,Shingeki no Kyojin,Naruto | One Piece | Kenpuu Denki Berserk | Fullmetal Alchemist | InuYasha | NHK ni Youkoso! | Naruto: Shippuuden | Fullmetal Alchemist: Brotherhood,Shingeki no Kyojin | Durarara!! | Mousou Dairinin | Fullmetal Alchemist: Brotherhood Specials | Saint Seiya | Shingeki no Kyojin: Ano Hi Kara | Tsurezure Children | Magic Knight Rayearth | Kizumonogatari III: Reiketsu-hen | Tsuki ga Kirei | Shaman King (2021) | Wotaku ni Koi wa Muzukashii,both_hit
701331,36563,1|6|20|30|32|33|43|44|45|46|47|57|132|136|137|138|139|150|170|205,441,Fan,3,9,1,36,10,1,1,1,1,level_tuned_product_hybrid,36563|50528|54199|10408|26|21877|55842|60969|31757|60508|37517|60665,101,Megalo Box,"Cowboy Bebop | Trigun | Naruto | Shinseiki Evangelion | Shinseiki Evangelion Movie: Air/Magokoro wo, Kimi ni | Kenpuu Denki Berserk | Koukaku Kidoutai | Rurouni Kenshin: Meiji Kenkaku Romantan - Tsuioku-hen","Megalo Box | Golden Kamuy 4th Season | Kaii to Otome to Kamikakushi | Hotarubi no Mori e | Texhnolyze | High Score Girl | Okinawa de Suki ni Natta Ko ga Hougen Sugite Tsurasugiru | Taiyou yori mo Mabushii Hoshi | Kizumonogatari II: Nekketsu-hen | Food Court de, Mata Ashita. | Happy Sugar Life | Futari Solo Camp",both_hit
707014,14513,20|21|121|199|270|552|578|874|934|1482|1535|1575|1604|1689|1887|2001|3588|4896|5081|5114,111,Casual,4,16,3,1,1,1,1,1,1,level_tuned_product_hybrid,14513|2167|4898|14345|1889|51009|31629|24075|35427|36884|37991|37621,101,Magi: The Labyrinth of Magic,Naruto | One Piece | Fullmetal Alchemist | Sen to Chihiro no Kamikakushi | Hellsing | Digimon Adventure | Hotaru no Haka | Digimon Tamers,Magi: The Labyrinth of Magic | Clannad | Kuroshitsuji | Btooom! | Higurashi no Naku Koro ni Kai | Jujutsu Kaisen 2nd Season | Granblue Fantasy The Animation | Persona 4 the Golden Animation | Animegataris | Hisone to Maso-tan | JoJo no Kimyou na Bouken Part 5: Ougon no Kaze | Karakai Jouzu no Takagi-san: Water Slide,both_hit
798076,33191,20|121|1535|1735|4224|5114|5680|6127|6547|6862|11061|11553|11757|13601|13759|14719|16498|17895|18397|19815,119,Casual,11,23,3,6,3,3,3,2,2,level_tuned_product_hybrid,32615|33191|36563|20787|38198|33988|52657|34712|16353|39808|31757|57779,101,Kishibe Rohan wa Ugokanai,Naruto | Fullmetal Alchemist | Death Note | Naruto: Shippuuden | Toradora! | Fullmetal Alchemist: Brotherhood | K-On! | Toradora!: SOS! Kuishinbou Banbanzai,Youjo Senki | Kishibe Rohan wa Ugokanai | Megalo Box | Black Bullet | Nanatsu no Taizai: Eiyuu-tachi wa Hashagu | Demi-chan wa Kataritai | Ousama Ranking: Yuuki no Takarabako | Kujira no Kora wa Sajou ni Utau | Love Lab | Non Non Biyori Nonstop | Kizumonogatari II: Nekketsu-hen | Dorohedoro Season 2,both_hit
829823,36475,1887|5680|6802|7791|8557|10357|11751|12189|12679|14131|14355|15051|15793|15911|16732|16742|17549|18229|19111|19815,158,Fan,5,17,5,8,22,1,3,3,3,level_tuned_product_hybrid,37430|30276|36475|17082|3604|38301|30455|36038|38091|30919|40841|31848,101,Sword Art Online Alternative: Gun Gale Online,Lucky☆Star | K-On! | So Ra No Wo To | K-On!! | Shinryaku! Ika Musume | Jinrui wa Suitai Shimashita | Senki Zesshou Symphogear | Hyouka,Tensei shitara Slime Datta Ken | One Punch Man | Sword Art Online Alternative: Gun Gale Online | Aiura | Hidamari Sketch x 365 | Kouya no Kotobuki Hikoutai | KanColle: Itsuka Ano Umi de | Net-juu no Susume | Hachigatsu no Cinderella Nine | Sora no Method: Aru Shoujo no Kyuujitsu★ | Honzuki no Gekokujou: Shisho ni Naru Tame ni wa Shudan wo Erandeiraremasen OVA | Ojisan to Marshmallow,both_hit
927153,36407,121|431|877|1535|1575|1689|2167|2904|4181|4224|4898|5680|6213|6547|6880|8769|9041|9919|9989|10408,201,Fan,6,8,1,18,1,1,1,1,1,level_tuned_product_hybrid,36407|2966|41168|13655|41514|49520|42670|31318|38268|49834|31680|28957,101,Kenja no Mago,Fullmetal Alchemist | Howl no Ugoku Shiro | Nana | Death Note | Code Geass: Hangyaku no Lelouch | Byousoku 5 Centimeter | Clannad | Code Geass: Hangyaku no Lelouch R2,Kenja no Mago | Ookami to Koushinryou | Nakitai Watashi wa Neko wo Kaburu | Little Busters! | Itai no wa Iya nanode Bougyoryoku ni Kyokufuri Shitai to Omoimasu. 2 | Aharen-san wa Hakarenai | Princess Connect! Re:Dive Season 2 | Comet Lucifer | Hangyakusei Million Arthur 2nd Season | Boku ga Aishita Subete no Kimi e | Super Lovers | Mushishi Zoku Shou: Suzu no Shizuku,both_hit
955483,47790,251|934|1535|2971|4898|5114|7088|8841|9919|9989|10790|11737|12293|14749|15225|15583|15809|16005|16397|16668,142,Casual,2,2,1,55,1,1,1,1,1,level_tuned_product_hybrid,47790|40507|356|46471|49889|31716|53580|4214|35851|20541|41103|32566,101,"Sekai Saikou no Ansatsusha, Isekai Kizoku ni Tensei suru",Kyou kara Maou! | Higurashi no Naku Koro ni | Death Note | Kyou kara Maou! R | Kuroshitsuji | Fullmetal Alchemist: Brotherhood | Ichiban Ushiro no Daimaou | Kore wa Zombie desu ka?,"Sekai Saikou no Ansatsusha, Isekai Kizoku ni Tensei suru | Arifureta Shokugyou de Sekai Saikyou 2nd Season | Fate/stay night | Tantei wa Mou, Shindeiru. | Tsuki ga Michibiku Isekai Douchuu 2nd Season | Rewrite | Tensei shitara Slime Datta Ken 3rd Season | Rosario to Vampire Capu2 | Sayonara no Asa ni Yakusoku no Hana wo Kazarou | Mikakunin de Shinkoukei | Koi to Yobu ni wa Kimochi Warui | Noblesse: Pamyeol-ui Sijak",both_hit
1016021,6033,20|21|223|225|269|283|762|813|834|891|892|893|906|987|1485|1535|1686|2156|2544|2559,200,Fan,6,8,3,5,3,1,1,1,1,level_tuned_product_hybrid,6033|24405|50613|31765|37345|31339|31637|28297|250|32871|57554|8171,101,Dragon Ball Kai,Naruto | One Piece | Dragon Ball | Dragon Ball GT | Bleach | Akage no Anne | Bleach: Memories in the Rain | Dragon Ball Z,"Dragon Ball Kai | World Trigger | Rurouni Kenshin: Meiji Kenkaku Romantan (2023) | Sword Art Online Movie: Ordinal Scale | Plunderer | Drifters | Gate: Jieitai Kanochi nite, Kaku Tatakaeri Part 2 | Ore Monogatari!! | Konjiki no Gash Bell!! | Kuroko no Basket Movie 3: Winter Cup - Tobira no Mukou | Rurouni Kenshin: Meiji Kenkaku Romantan - Kyoto Douran | One Piece Recap",both_hit
1021277,1604,20|21|136|226|317|853|1535|1562|1575|1735|2001|2904|3470|3731|4181|4722|4752|5114|6045|9120,88,Casual,8,4,2,19,8,3,2,2,2,level_tuned_product_hybrid,9919|1604|14397|39551|31245|907|35198|35849|25045|8894|36537|335,101,Katekyou Hitman Reborn!,Naruto | One Piece | Hunter x Hunter | Elfen Lied | Final Fantasy VII: Advent Children | Ouran Koukou Host Club | Death Note | Yamato Nadeshiko Shichihenge♥,Ao no Exorcist | Katekyou Hitman Reborn! | Chihayafuru 2 | Tensei shitara Slime Datta Ken 2nd Season | Zutto Mae kara Suki deshita. Kokuhaku Jikkou Iinkai | Princess Princess | Free! Take Your Marks | Darling in the FranXX | Mijikamon | Yume-iro Pâtissière: Mune Kyun Tropical Island! | Starmyu in Halloween | Matantei Loki Ragnarok,both_hit
1124886,51180,21|7054|13759|16498|20583|21877|25777|28677|28891|31240|32281|32935|33255|34280|35507|35760|38524|38826|38883|39587,50,Casual,7,3,1,7,1,1,1,1,1,level_tuned_product_hybrid,51180|52865|21995|40839|36653|9260|40456|186|52347|1412|33|25157,101,Youkoso Jitsuryoku Shijou Shugi no Kyoushitsu e 3rd Season,One Piece | Kaichou wa Maid-sama! | Sakura-sou no Pet na Kanojo | Shingeki no Kyojin | Haikyuu!! | High Score Girl | Shingeki no Kyojin Season 2 | Yamada-kun to 7-nin no Majo,"Youkoso Jitsuryoku Shijou Shugi no Kyoushitsu e 3rd Season | Romantic Killer | Ao Haru Ride | Kanojo, Okarishimasu | Tsurune: Kazemai Koukou Kyuudou-bu | Kizumonogatari I: Tekketsu-hen | Kimetsu no Yaiba Movie: Mugen Ressha-hen | Initial D Second Stage | Shangri-La Frontier: Kusoge Hunter, Kamige ni Idoman to su | Lupin III | Kenpuu Denki Berserk | Trinity Seven",both_hit
1201143,38329,1|20|30|32|43|47|164|199|223|226|249|269|338|431|523|777|813|885|905|906,103,Casual,1,7,3,19,3,2,2,2,2,level_tuned_product_hybrid,49926|38329|121|6|26243|6171|37208|1030|36873|19951|15379|35972,101,Seishun Buta Yarou wa Yumemiru Shoujo no Yume wo Minai,"Cowboy Bebop | Naruto | Shinseiki Evangelion | Shinseiki Evangelion Movie: Air/Magokoro wo, Kimi ni | Koukaku Kidoutai | Akira | Mononoke Hime | Sen to Chihiro no Kamikakushi",Kimetsu no Yaiba: Mugen Ressha-hen | Seishun Buta Yarou wa Yumemiru Shoujo no Yume wo Minai | Fullmetal Alchemist | Trigun | Owari no Seraph | Saint Seiya: The Lost Canvas - Meiou Shinwa | Mo Dao Zu Shi | Heisei Tanuki Gassen Ponpoko | Back Street Girls: Gokudolls | Hunter x Hunter Movie 2: The Last Mission | Kotoura-san | Fairy Tail: Final Series,both_hit
1203394,49596,19|20|21|136|223|269|317|392|813|918|1195|1535|1722|1735|1816|1840|2104|2890|2952|3455,239,Fan,1,17,5,3,3,1,2,2,2,level_tuned_product_hybrid,40496|49596|34934|57611|40436|31245|40351|25013|32365|49612|58125|40853,101,Blue Lock,Monster | Naruto | One Piece | Hunter x Hunter | Dragon Ball | Bleach | Final Fantasy VII: Advent Children | Yuu☆Yuu☆Hakusho,"Maou Gakuin no Futekigousha: Shijou Saikyou no Maou no Shiso, Tensei shite Shison-tachi no Gakkou e Kayou | Blue Lock | Koi to Uso | Kimi wa Meido-sama. | Peter Grill to Kenja no Jikan | Zutto Mae kara Suki deshita. Kokuhaku Jikkou Iinkai | Pokemon (2019) | Akatsuki no Yona | Boruto: Naruto the Movie - Naruto ga Hokage ni Natta Hi | Ningen Fushin no Boukensha-tachi ga Sekai wo Sukuu you desu | Look Back | Stand By Me Doraemon 2",both_hit
1262393,30831,1|30|31|32|43|45|47|164|199|205|226|384|395|416|431|437|512|572|578|889,55,Casual,1,26,4,34,37,1,1,1,1,level_tuned_product_hybrid,30831|918|39806|34498|13659|35062|8142|62001|23133|34984|155|40215,101,Kono Subarashii Sekai ni Shukufuku wo!,"Cowboy Bebop | Shinseiki Evangelion | Shinseiki Evangelion Movie: Shi to Shinsei | Shinseiki Evangelion Movie: Air/Magokoro wo, Kimi ni | Koukaku Kidoutai | Rurouni Kenshin: Meiji Kenkaku Romantan | Akira | Mononoke Hime","Kono Subarashii Sekai ni Shukufuku wo! | Gintama | Mugen no Juunin: Immortal | Uchiage Hanabi, Shita kara Miru ka? Yoko kara Miru ka? | Ore no Imouto ga Konnani Kawaii Wake ga Nai. | Mahoutsukai no Yome | Colorful (Movie) | Yomi no Tsugai | M3: Sono Kuroki Hagane | Koi wa Ameagari no You ni | X/1999 | Aggressive Retsuko (ONA) 3rd Season",both_hit
1271142,25537,1|164|199|227|268|269|306|431|523|935|1535|1818|2001|2251|3455|3588|3974|4224|5074|5114,392,Fan,1,2,1,4,11,1,1,1,1,level_tuned_product_hybrid,25537|33731|16524|54915|53879|15037|25867|38663|1559|53237|54029|97,101,Fate/stay night Movie: Heaven's Feel - I. Presage Flower,Cowboy Bebop | Mononoke Hime | Sen to Chihiro no Kamikakushi | FLCL | Golden Boy | Bleach | Abenobashi Mahou☆Shoutengai | Howl no Ugoku Shiro,Fate/stay night Movie: Heaven's Feel - I. Presage Flower | Gabriel DropOut | Suisei no Gargantia | 5-toubun no Hanayome∽ | Kamonohashi Ron no Kindan Suiri | Corpse Party: Tortured Souls - Bougyakusareta Tamashii no Jukyou | Rolling☆Girls | Mushikago no Cagaster | Shijou Saikyou no Deshi Kenichi | Shy | Wu Liuqi: Anying Suming | Last Exile,both_hit
1367643,38883,21|43|136|164|199|223|356|431|437|512|513|523|572|578|585|597|813|1535|1575|1735,215,Fan,1,22,11,1,13,1,1,1,1,level_tuned_product_hybrid,38883|19369|32105|12445|18689|48406|56285|16934|40620|34537|39555|902,101,Haikyuu!! To the Top,One Piece | Koukaku Kidoutai | Hunter x Hunter | Mononoke Hime | Sen to Chihiro no Kamikakushi | Dragon Ball | Fate/stay night | Howl no Ugoku Shiro,Haikyuu!! To the Top | Outbreak Company | Sousei no Onmyouji | Tasogare Otome x Amnesia | Diamond no Ace | Re-Main | Ninja Kamui | Chuunibyou demo Koi ga Shitai! Kirameki no... Slapstick Noel | Uramichi Oniisan | Yoru wa Mijikashi Arukeyo Otome | Baki: Dai Raitaisai-hen | Dragon Ball Z Movie 09: Ginga Girigiri!! Bucchigiri no Sugoi Yatsu,both_hit
1394665,19815,199|228|853|1535|1575|4898|5114|8525|9253|9756|9989|10080|11061|13601|15809|16498|16706|17265|20507|20583,176,Fan,1,11,1,9,5,1,1,1,1,level_tuned_product_hybrid,19815|23283|53447|35120|35737|36896|61339|19221|14741|31173|38474|41103,101,No Game No Life,Sen to Chihiro no Kamikakushi | Jigoku Shoujo | Ouran Koukou Host Club | Death Note | Code Geass: Hangyaku no Lelouch | Kuroshitsuji | Fullmetal Alchemist: Brotherhood | Kami nomi zo Shiru Sekai,"No Game No Life | Zankyou no Terror | Tu Bian Yingxiong X | Devilman: Crybaby | Pluto | Boku no Hero Academia the Movie 1: Futari no Hero | Jibaku Shounen Hanako-kun 2 Part 2 | Ore no Nounai Sentakushi ga, Gakuen Love Comedy wo Zenryoku de Jama Shiteiru | Chuunibyou demo Koi ga Shitai! | Akagami no Shirayuki-hime 2nd Season | Yuru Camp△ Season 2 | Koi to Yobu ni wa Kimochi Warui",both_hit
1418140,38524,199|2167|4059|4181|4224|5177|5680|6114|6351|6547|6862|8460|9253|9289|9989|10620|11617|12189|12355|12467,203,Fan,1,4,5,5,11,1,2,3,3,level_tuned_product_hybrid,35839|34798|38524|37379|40496|2251|39730|31414|60427|59062|45598|31716,101,Shingeki no Kyojin Season 3 Part 2,"Sen to Chihiro no Kamikakushi | Clannad | Clannad: Mou Hitotsu no Sekai, Tomoyo-hen | Clannad: After Story | Toradora! | Denpa-teki na Kanojo | K-On! | Rainbow: Nisha Rokubou no Shichinin","Sora yori mo Tooi Basho | Yuru Camp△ | Shingeki no Kyojin Season 3 Part 2 | Chihayafuru 3 | Maou Gakuin no Futekigousha: Shijou Saikyou no Maou no Shiso, Tensei shite Shison-tachi no Gakkou e Kayou | Baccano! | Houkago Teibou Nisshi | Nijiiro Days | Gnosia | Gachiakuta | Tonikaku Kawaii: Kaisou | Rewrite",both_hit
1490198,16726,45|101|122|133|135|158|226|256|355|356|358|376|521|603|645|656|710|713|756|819,1415,Veteran,63,27,17,54,24,73,52,37,25,level_tuned_product_hybrid,11179|35363|38830|57648|49220|32038|33|23341|58820|30100|18893|44881,101,gdgd Fairies 2,Rurouni Kenshin: Meiji Kenkaku Romantan | Air | Full Moon wo Sagashite | Green Green | Hikaru no Go | Maria-sama ga Miteru | Elfen Lied | Hoshi no Koe,"Papa no Iukoto wo Kikinasai! | Kobayashi-san Chi no Maid Dragon: Valentine, Soshite Onsen! - Amari Kitai Shinaide Kudasai | Hachi-nan tte, Sore wa Nai deshou! | Nihon e Youkoso Elf-san. | Isekai Ojisan | Show By Rock!! # | Kenpuu Denki Berserk | Yoku Wakaru Mahouka! | Awajima Hyakkei | Black Bullet: Tenchuu*Girls | Aoki Hagane no Arpeggio: Ars Nova | 100-man no Inochi no Ue ni Ore wa Tatteiru 2nd Season",both_miss
1669295,34437,1575|2904|11757|31765|34902|35376|36474|38101|39597|39783|40540|48548|52034,13,Beginner,6,11,1,3,1,1,1,1,1,level_tuned_product_hybrid,34437|14513|25731|35848|33899|37956|2923|918|39071|2236|33203|49220,101,Code Geass: Fukkatsu no Lelouch,Code Geass: Hangyaku no Lelouch | Code Geass: Hangyaku no Lelouch R2 | Sword Art Online | Sword Art Online Movie: Ordinal Scale | Tsurezure Children | Himouto! Umaru-chan R | Sword Art Online: Alicization | 5-toubun no Hanayome,Code Geass: Fukkatsu no Lelouch | Magi: The Labyrinth of Magic | Cross Ange: Tenshi to Ryuu no Rondo | Promare | IDOLiSH7 | 3D Kanojo: Real Girl 2nd Season | Shugo Chara! | Gintama | Machikado Mazoku | Toki wo Kakeru Shoujo | Fukumenkei Noise | Isekai Ojisan,both_hit
1723762,40935,1|5|20|30|47|59|64|65|101|111|120|164|177|199|210|226|232|250|322|334,881,Veteran,4,1,7,25,83,1,1,1,1,level_tuned_product_hybrid,40935|44807|34238|36803|18413|23787|20673|52045|58390|23359|201|34549,101,Beastars 2nd Season,Cowboy Bebop | Cowboy Bebop: Tengoku no Tobira | Naruto | Shinseiki Evangelion | Akira | Chobits | Rozen Maiden | Rozen Maiden: Träumend,Beastars 2nd Season | Ryuu to Sobakasu no Hime | Osomatsu-san: Ouma de Kobanashi | Servamp Movie: Alice in the Garden | Puchitto Gargantia | Hi☆sCoool! SeHa Girls | Hinata no Aoshigure | Obey Me! Season 2 | Yofukashi no Uta Season 2 | Code Geass: Boukoku no Akito 2 - Hikisakareshi Yokuryuu Picture Drama | Video Girl Ai | Ryuu no Haisha,both_hit
1817590,1535,9253|16498|20583|23273|28851|31043|31240|31964|32281|35507|38000|40748|50265|52034,14,Beginner,1,1,1,13,1,1,1,1,1,level_tuned_product_hybrid,1535|11577|38524|36649|50346|34544|2581|245|10805|21855|40392|24655,101,Death Note,Steins;Gate | Shingeki no Kyojin | Haikyuu!! | Shigatsu wa Kimi no Uso | Koe no Katachi | Boku dake ga Inai Machi | Re:Zero kara Hajimeru Isekai Seikatsu | Boku no Hero Academia,Death Note | Steins;Gate Movie: Fuka Ryouiki no Déjà vu | Shingeki no Kyojin Season 3 Part 2 | Banana Fish | Yofukashi no Uta | Koutetsujou no Kabaneri Movie 3: Unato Kessen | Kidou Senshi Gundam 00 | Great Teacher Onizuka | Kami nomi zo Shiru Sekai: 4-nin to Idol | Hanamonogatari | Runway de Waratte | Date A Live Movie: Mayuri Judgment,both_hit
1852277,7054,1|5|16|19|32|33|43|47|57|101|121|136|137|138|139|145|150|199|205|227,694,Veteran,1,7,1,4,93,3,2,1,3,level_tuned_product_hybrid,21843|12431|7054|6421|37426|34642|11933|223|15959|56701|50552|32122,101,Kaichou wa Maid-sama!,"Cowboy Bebop | Cowboy Bebop: Tengoku no Tobira | Hachimitsu to Clover | Monster | Shinseiki Evangelion Movie: Air/Magokoro wo, Kimi ni | Kenpuu Denki Berserk | Koukaku Kidoutai | Akira",Shingeki no Bahamut: Genesis | Uchuu Kyoudai | Kaichou wa Maid-sama! | Fullmetal Alchemist: Brotherhood Specials | Sarazanmai | Shingeki no Bahamut: Genesis - Short Story | Oda Nobuna no Yabou | Dragon Ball | Nurarihyon no Mago OVA | Watashi no Shiawase na Kekkon 2nd Season | Yowamushi Pedal: Limit Break | Gintama°: Umai-mono wa Atomawashi ni Suru to Yokodorisareru kara Yappari Saki ni Kue,both_hit
1914029,36456,6|18|19|20|21|33|121|136|170|185|186|187|199|245|263|268|269|292|339|457,246,Fan,2,4,3,2,66,2,2,2,2,level_tuned_product_hybrid,44511|36456|37984|16918|50932|34934|16870|61549|41762|35076|43555|42941,101,Boku no Hero Academia 3rd Season,Trigun | Initial D Fourth Stage | Monster | Naruto | One Piece | Kenpuu Denki Berserk | Fullmetal Alchemist | Hunter x Hunter,"Chainsaw Man | Boku no Hero Academia 3rd Season | Kumo desu ga, Nani ka? | Gin no Saji | Saikyou Onmyouji no Isekai Tenseiki | Koi to Uso | The Last: Naruto the Movie | Okiraku Ryoushu no Tanoshii Ryouchi Bouei: Seisankei Majutsu de Na mo Naki Mura wo Saikyou no Jousai Toshi ni | Tenchi Souzou Design-bu | Juuni Taisen | Dr. Stone: Stone Wars - Kaisen Zenya Special Eizou | Uma Musume: Pretty Derby Season 2",both_hit
2056716,23277,20|27|30|32|44|45|46|48|59|71|72|73|74|75|101|117|150|161|164|165,617,Veteran,1,15,1,16,87,1,1,1,2,level_tuned_product_hybrid,4177|23277|182|9941|28625|11783|4038|12053|6098|4618|3089|37926,101,Saenai Heroine no Sodatekata,"Naruto | Trinity Blood | Shinseiki Evangelion | Shinseiki Evangelion Movie: Air/Magokoro wo, Kimi ni | Rurouni Kenshin: Meiji Kenkaku Romantan - Tsuioku-hen | Rurouni Kenshin: Meiji Kenkaku Romantan | Rurouni Kenshin: Meiji Kenkaku Romantan - Ishinshishi e no Chinkonka | .hack//Sign",Bounen no Xamdou | Saenai Heroine no Sodatekata | Tenkuu no Escaflowne | Tiger & Bunny | Shisha no Teikoku | Dog Days' | Zettai Karen Children | Mardock Scramble: The Third Exhaust | Sora no Manimani | RideBack | The Sky Crawlers | Nakanohito Genome [Jikkyouchuu],both_hit
2119555,19,199|302|431|512|1535|1689|2236|5065|13601|16498|18397|20583|30276|31964|32281|32935|32995|33486|34599|34636,39,Beginner,4,1,3,29,66,22,4,4,4,level_tuned_product_hybrid,48561|9919|52742|19|51553|35507|35848|10162|2154|35843|10721|10798,101,Monster,Sen to Chihiro no Kamikakushi | Mirai Shounen Conan | Howl no Ugoku Shiro | Majo no Takkyuubin | Death Note | Byousoku 5 Centimeter | Toki wo Kakeru Shoujo | Detroit Metal City: Birth of the Metal Devil,Jujutsu Kaisen 0 Movie | Ao no Exorcist | Haikyuu!! Movie: Gomisuteba no Kessen | Monster | Tongari Boushi no Atelier | Youkoso Jitsuryoku Shijou Shugi no Kyoushitsu e | Promare | Usagi Drop | Tekkon Kinkreet | Gintama. Porori-hen | Mawaru Penguindrum | Un-Go,both_hit
2250274,37347,15|19|20|21|33|164|170|199|226|431|550|777|889|918|1195|1535|1575|1604|1689|1735,360,Fan,2,2,2,1,2,1,1,1,1,level_tuned_product_hybrid,37347|40542|10711|10495|40852|23199|14753|36906|40532|31138|838|59393,101,Dungeon ni Deai wo Motomeru no wa Machigatteiru Darou ka II,Eyeshield 21 | Monster | Naruto | One Piece | Kenpuu Denki Berserk | Mononoke Hime | Slam Dunk | Sen to Chihiro no Kamikakushi,Dungeon ni Deai wo Motomeru no wa Machigatteiru Darou ka II | Saiki Kusuo no Ψ-nan: Ψ-shidou-hen | Plastic Neesan | Yuru Yuri | Dr. Stone: Stone Wars | Durarara!!x2 Shou | Hori-san to Miyamura-kun | Jashin-chan Dropkick | Appare-Ranman! | Overlord: Ple Ple Pleiades | Narutaru: Mukuro Naru Hoshi Tama Taru Ko | Niwatori Fighter,both_hit
2382378,232,44|45|47|59|101|166|401|433|934|1292|1535|1689|2167|2476|2593|2966|3759|3782|3783|4280,26,Beginner,2,3,3,15,3,3,3,3,3,level_tuned_product_hybrid,889|2993|232|43969|4999|2889|19193|37765|50307|579|13585|1256,101,Cardcaptor Sakura,"Rurouni Kenshin: Meiji Kenkaku Romantan - Tsuioku-hen | Rurouni Kenshin: Meiji Kenkaku Romantan | Akira | Chobits | Air | Samurai 7 | Rurouni Kenshin: Meiji Kenkaku Romantan - Seisou-hen | Kumo no Mukou, Yakusoku no Basho",Black Lagoon | Rosario to Vampire | Cardcaptor Sakura | Kanojo mo Kanojo | Asu no Yoichi! | Bleach Movie 2: The DiamondDust Rebellion - Mou Hitotsu no Hyourinmaru | Koukaku Kidoutai Arise: Ghost in the Shell - Border:3 Ghost Tears | Kidou Senshi Gundam: Senkou no Hathaway | Tonikaku Kawaii 2nd Season | Battle Programmer Shirase | Natsuyuki Rendezvous | Saint Seiya: Jashin Eris,both_hit
2482778,164,1|5|6|19|20|24|30|32|43|44|47|59|66|121|160|170|185|186|199|202,459,Fan,1,3,2,62,18,1,2,2,2,level_tuned_product_hybrid,37520|164|5941|59708|38481|50410|14833|322|58080|52635|49778|14753,101,Mononoke Hime,"Cowboy Bebop | Cowboy Bebop: Tengoku no Tobira | Trigun | Monster | Naruto | School Rumble | Shinseiki Evangelion | Shinseiki Evangelion Movie: Air/Magokoro wo, Kimi ni",Dororo | Mononoke Hime | Cross Game | Youkoso Jitsuryoku Shijou Shugi no Kyoushitsu e 4th Season: 2-nensei-hen 1 Gakki | Toaru Kagaku no Railgun T | One Piece Film: Red | Maoyuu Maou Yuusha | Paradise Kiss | Kenka Dokugaku | Kami no Tou: Ouji no Kikan | Kijin Gentoushou | Hori-san to Miyamura-kun,both_hit
2499109,59169,164|15809|18897|27787|31964|33206|33486|35203|36456|37430|38408|39247|39535|39551|40496|40594|41487|41587|41710|43523,98,Casual,28,16,7,11,1,3,5,4,3,level_tuned_product_hybrid,54744|52991|59169|32615|51837|60489|56196|63375|58357|38668|48414|50275,101,Aru Majo ga Shinu Made,Mononoke Hime | Hataraku Maou-sama! | Nisekoi | Nisekoi: | Boku no Hero Academia | Kobayashi-san Chi no Maid Dragon | Boku no Hero Academia 2nd Season | Isekai wa Smartphone to Tomo ni.,Tokidoki Bosotto Russia-go de Dereru Tonari no Alya-san | Sousou no Frieren | Aru Majo ga Shinu Made | Youjo Senki | Saikin Yatotta Maid ga Ayashii | Takopii no Genzai | Boku no Hero Academia the Movie 4: You're Next | Nippon Sangoku | Tensui no Sakuna-hime | Dorohedoro | Sabikui Bisco | Sword Art Online: Progressive Movie - Kuraki Yuuyami no Scherzo,hybrid_win
2516591,1,19|20|33|185|226|376|777|1535|1735|3457|6547|7674|9756|10620|11757|14345|20507|20583|22319|28891,29,Beginner,2,6,6,43,9,4,4,4,4,level_tuned_product_hybrid,18507|790|23755|1|48|40454|530|37984|147|37426|57864|2199,101,Cowboy Bebop,"Monster | Naruto | Kenpuu Denki Berserk | Initial D First Stage | Elfen Lied | Elfen Lied: Tooriame nite Arui wa, Shoujo wa Ikani Shite Sono Shinjou ni Itatta ka? - Regenschauer | Hellsing Ultimate | Death Note","Free! | Ergo Proxy | Nanatsu no Taizai | Cowboy Bebop | .hack//Sign | Dungeon ni Deai wo Motomeru no wa Machigatteiru Darou ka III | Bishoujo Senshi Sailor Moon | Kumo desu ga, Nani ka? | Kimi ga Nozomu Eien | Sarazanmai | Monogatari Series: Off & Monster Season | Chirin no Suzu",both_hit
2615307,223,21|57|225|263|269|813|889|901|905|918|1210|1254|1535|1604|1735|2993|5114|6033|6702|7054,150,Fan,1,3,1,22,2,1,1,1,1,level_tuned_product_hybrid,223|37984|41168|6594|13125|61276|10119|20787|2890|58131|50307|24135,101,Dragon Ball,"One Piece | Beck | Dragon Ball GT | Hajime no Ippo | Bleach | Dragon Ball Z | Black Lagoon | Dragon Ball Z Movie 08: Moetsukiro!! Nessen, Ressen, Chougekisen","Dragon Ball | Kumo desu ga, Nani ka? | Nakitai Watashi wa Neko wo Kaburu | Katanagatari | Shinsekai yori | Mikata ga Yowasugite Hojo Mahou ni Tesshiteita Kyuutei Mahoushi, Tsuihou sarete Saikyou wo Mezasu | Seitokai Yakuindomo OVA | Black Bullet | Gake no Ue no Ponyo | Shiunji-ke no Kodomotachi | Tonikaku Kawaii 2nd Season | Nobunaga Concerto",both_hit
2637969,20423,1|6|20|30|32|43|45|47|67|121|164|199|223|226|229|269|270|356|392|437,358,Fan,26,43,18,24,1,7,17,11,5,level_tuned_product_hybrid,57334|41025|227|27655|20423|59205|19211|28387|3655|10294|34382|59989,101,Kamisama no Inai Nichiyoubi: Kioku,"Cowboy Bebop | Trigun | Naruto | Shinseiki Evangelion | Shinseiki Evangelion Movie: Air/Magokoro wo, Kimi ni | Koukaku Kidoutai | Rurouni Kenshin: Meiji Kenkaku Romantan | Akira",Dandadan | Fumetsu no Anata e | FLCL | Aldnoah.Zero Part 2 | Kamisama no Inai Nichiyoubi: Kioku | Clevatess: Majuu no Ou to Akago to Shikabane no Yuusha | Suisei no Gargantia Specials | Joukamachi no Dandelion | Nabari no Ou | Towa no Quon 1: Utakata no Kaben | Citrus | Kami no Tou: Koubou-sen,hybrid_win
2659857,4898,1|5|16|19|20|21|30|32|33|43|47|57|101|164|199|205|226|227|245|268,240,Fan,3,5,1,2,23,1,1,1,1,level_tuned_product_hybrid,4898|2924|34498|40515|39534|1686|9379|1205|28621|7044|16694|42203,101,Kuroshitsuji,"Cowboy Bebop | Cowboy Bebop: Tengoku no Tobira | Hachimitsu to Clover | Monster | Naruto | One Piece | Shinseiki Evangelion | Shinseiki Evangelion Movie: Air/Magokoro wo, Kimi ni","Kuroshitsuji | ef: A Tale of Memories. | Uchiage Hanabi, Shita kara Miru ka? Yoko kara Miru ka? | Nihon Chinbotsu 2020 | Jibaku Shounen Hanako-kun | Bleach Movie 1: Memories of Nobody | Denpa Onna to Seishun Otoko | Aru Tabibito no Nikki | Subete ga F ni Naru | Zan Sayonara Zetsubou Sensei Bangaichi | Sankarea: Wagahai mo... Zombie de Aru... | Re:Zero kara Hajimeru Isekai Seikatsu 2nd Season Part 2",both_hit
2676681,23277,18|20|138|185|186|223|249|269|849|918|1575|2167|2904|3588|4181|5630|5680|6045|6773|7054,191,Fan,2,7,1,7,1,1,1,1,1,level_tuned_product_hybrid,23277|33094|3712|29093|44511|7647|967|59135|8795|22125|3972|1889,101,Saenai Heroine no Sodatekata,Initial D Fourth Stage | Naruto | Hunter x Hunter: Greed Island | Initial D First Stage | Initial D Second Stage | Dragon Ball | InuYasha | Bleach,Saenai Heroine no Sodatekata | WWW.Working!! | Zero no Tsukaima: Princesses no Rondo | Grisaia no Meikyuu: Caprice no Mayu 0 | Chainsaw Man | Arakawa Under the Bridge | Hokuto no Ken | Class no Daikirai na Joshi to Kekkon suru Koto ni Natta. | Panty & Stocking with Garterbelt | Kuroko no Basket: Mou Ikkai Yarimasen ka | Yu☆Gi☆Oh! 5D's | Higurashi no Naku Koro ni Kai,both_hit
2714002,30654,30|32|185|918|1575|2001|2167|2904|4059|4107|4181|4224|4565|5081|5114|5680|6862|6945|7472|7791,310,Fan,1,3,2,4,70,2,2,3,3,level_tuned_product_hybrid,37347|1889|30654|59135|58725|6880|23237|15879|51781|54761|60154|13267,101,Ansatsu Kyoushitsu 2nd Season,"Shinseiki Evangelion | Shinseiki Evangelion Movie: Air/Magokoro wo, Kimi ni | Initial D First Stage | Gintama | Code Geass: Hangyaku no Lelouch | Tengen Toppa Gurren Lagann | Clannad | Code Geass: Hangyaku no Lelouch R2",Dungeon ni Deai wo Motomeru no wa Machigatteiru Darou ka II | Higurashi no Naku Koro ni Kai | Ansatsu Kyoushitsu 2nd Season | Class no Daikirai na Joshi to Kekkon suru Koto ni Natta. | Ninja to Koroshiya no Futarigurashi | Deadman Wonderland | Chuunibyou demo Koi ga Shitai! Ren Specials | Chuunibyou demo Koi ga Shitai! Depth of Field: Ai to Nikushimi Gekijou | Boku no Hero Academia (ONA) | 3-nen Z-gumi Ginpachi-sensei Announcement Special | Ore wa Seikan Kokka no Akutoku Ryoushu! | Shinryaku!! Ika Musume,both_hit
2765989,44511,1|5|20|24|30|31|32|135|164|205|227|232|237|372|431|486|759|846|849|918,251,Fan,1,4,1,19,34,1,1,1,1,level_tuned_product_hybrid,44511|21405|14075|40004|54041|54829|2246|55749|33091|63019|1117|37349,101,Chainsaw Man,"Cowboy Bebop | Cowboy Bebop: Tengoku no Tobira | Naruto | School Rumble | Shinseiki Evangelion | Shinseiki Evangelion Movie: Shi to Shinsei | Shinseiki Evangelion Movie: Air/Magokoro wo, Kimi ni | Hikaru no Go",Chainsaw Man | Bokura wa Minna Kawai-sou | Zetsuen no Tempest | Bokutachi wa Benkyou ga Dekinai! | 16bit Sensation: Another Layer | Urusei Yatsura (2022) 2nd Season | Mononoke | Megami no Café Terrace 2nd Season | Planetarian: Chiisana Hoshi no Yume | Prism Rondo | Pokemon Movie 02: Maboroshi no Pokemon Lugia Bakutan | Goblin Slayer,both_hit
2782800,1575,1|5|30|31|32|199|1535|2001|2167|2251|2904|4059|4107|4181|5081|5114|6351|8769|9756|10020,36,Beginner,2,1,1,16,2,1,1,1,1,level_tuned_product_hybrid,1575|20|51019|9135|223|62913|42205|8915|36688|57|18001|2472,101,Code Geass: Hangyaku no Lelouch,"Cowboy Bebop | Cowboy Bebop: Tengoku no Tobira | Shinseiki Evangelion | Shinseiki Evangelion Movie: Shi to Shinsei | Shinseiki Evangelion Movie: Air/Magokoro wo, Kimi ni | Sen to Chihiro no Kamikakushi | Death Note | Tengen Toppa Gurren Lagann",Code Geass: Hangyaku no Lelouch | Naruto | Kimetsu no Yaiba: Katanakaji no Sato-hen | Fullmetal Alchemist: The Sacred Star of Milos | Dragon Ball | Needy Girl Overdose | Shaman King (2021) | Dantalian no Shoka | Shinmai Maou no Testament Departures | Beck | Freezing Vibration | Naruto: Shippuuden Movie 1,both_hit
2800654,28121,20|164|226|452|1254|1535|1735|3588|5114|16498|16782|19815|22199|22319|22535|23755|25777|28851|30276|31964,61,Casual,1,6,4,3,10,2,2,2,2,level_tuned_product_hybrid,38668|28121|40056|13125|53148|15037|743|31931|57892|2581|59654|62048,101,Dungeon ni Deai wo Motomeru no wa Machigatteiru Darou ka,Naruto | Mononoke Hime | Elfen Lied | InuYasha Movie 1: Toki wo Koeru Omoi | Saint Seiya | Death Note | Naruto: Shippuuden | Soul Eater,"Dorohedoro | Dungeon ni Deai wo Motomeru no wa Machigatteiru Darou ka | Deca-Dence | Shinsekai yori | Gokushufudou Season 2 | Corpse Party: Tortured Souls - Bougyakusareta Tamashii no Jukyou | Umi ga Kikoeru | Full Metal Panic! Invisible Victory | Hazurewaku no ""Joutai Ijou Skill"" de Saikyou ni Natta Ore ga Subete wo Juurin suru made | Kidou Senshi Gundam 00 | Jujutsu Kaisen: Kaigyoku/Gyokusetsu | Mao",both_hit
2819734,513,59|60|100|102|104|120|121|123|142|145|164|177|182|199|232|246|247|335|371|372,198,Fan,8,24,2,49,66,2,2,1,1,level_tuned_product_hybrid,513|51552|41389|50590|31240|16668|48569|10163|2025|49785|50613|553,101,Tenkuu no Shiro Laputa,Chobits | Chrno Crusade | Shin Shirayuki-hime Densetsu Prétear | Aishiteruze Baby★★ | Ayashi no Ceres | Fruits Basket | Fullmetal Alchemist | Fushigi Yuugi,Tenkuu no Shiro Laputa | Watashi no Shiawase na Kekkon | Tonikaku Kawaii | Koukyuu no Karasu | Re:Zero kara Hajimeru Isekai Seikatsu | Kakumeiki Valvrave | 86 Part 2 | C: The Money of Soul and Possibility Control | Darker than Black: Kuro no Keiyakusha | Fairy Tail: 100-nen Quest | Rurouni Kenshin: Meiji Kenkaku Romantan (2023) | Yami no Matsuei,both_hit
2978815,49438,36296|37221|37979|40357|50582|51064|51632|52034|52991|54595|54837|54947|55791,13,Beginner,9,21,101,20,2,3,5,5,5,level_tuned_product_hybrid,57892|51122|53126|32281|49438|10162|31953|27525|54865|25731|54259|16706,101,Isekai Yakkyoku,Hinamatsuri | Release the Spyce | Mahou Shoujo Tokushusen Asuka | Tate no Yuusha no Nariagari Season 3 | Nanatsu no Maken ga Shihai suru | Kuro no Shoukanshi | Isekai wa Smartphone to Tomo ni. 2 | [Oshi no Ko],"Hazurewaku no ""Joutai Ijou Skill"" de Saikyou ni Natta Ore ga Subete wo Juurin suru made | Ookami to Koushinryou: Merchant Meets the Wise Wolf | Yamada-kun to Lv999 no Koi wo Suru | Kimi no Na wa. | Isekai Yakkyoku | Usagi Drop | New Game! | Fate/kaleid liner Prisma☆Illya 2wei Herz! | Blue Lock vs. U-20 Japan | Cross Ange: Tenshi to Ryuu no Rondo | Rokudou no Onna-tachi | Kami nomi zo Shiru Sekai: Megami-hen",both_hit
2979154,30831,20|30|32|146|147|195|202|225|226|343|355|417|481|813|849|889|1195|1210|1250|1519,205,Fan,1,3,1,12,13,1,1,1,1,level_tuned_product_hybrid,30831|20853|877|2026|4981|9355|820|8795|20973|120|51553|54968,101,Kono Subarashii Sekai ni Shukufuku wo!,"Naruto | Shinseiki Evangelion | Shinseiki Evangelion Movie: Air/Magokoro wo, Kimi ni | Kono Minikuku mo Utsukushii Sekai | Kimi ga Nozomu Eien | Onegai☆Teacher | Wolf's Rain | Dragon Ball GT",Kono Subarashii Sekai ni Shukufuku wo! | Hitsugi no Chaika | Nana | Hayate no Gotoku! | Casshern Sins | Sekirei: Pure Engagement Episode 0 | Ginga Eiyuu Densetsu | Panty & Stocking with Garterbelt | Sekai Seifuku: Bouryaku no Zvezda | Fruits Basket | Tongari Boushi no Atelier | Giji Harem,both_hit
3079405,33352,164|199|237|431|585|849|1535|1575|1689|2167|2904|4059|4181|4224|4382|6351|7311|9253|9989|10863,85,Casual,1,3,1,5,1,1,1,1,1,level_tuned_product_hybrid,33352|51096|42429|40052|41491|61443|3652|10163|33970|16592|37965|37490,101,Violet Evergarden,Mononoke Hime | Sen to Chihiro no Kamikakushi | Koukyoushihen Eureka Seven | Howl no Ugoku Shiro | Mimi wo Sumaseba | Suzumiya Haruhi no Yuuutsu | Death Note | Code Geass: Hangyaku no Lelouch,"Violet Evergarden | Youkoso Jitsuryoku Shijou Shugi no Kyoushitsu e 2nd Season | Honzuki no Gekokujou: Shisho ni Naru Tame ni wa Shudan wo Erandeiraremasen 3rd Season | Great Pretender | Nanatsu no Taizai: Funnu no Shinpan | Shunkashuutou Daikousha: Haru no Mai | Higurashi no Naku Koro ni Rei | C: The Money of Soul and Possibility Control | Girls & Panzer: Saishuushou Part 1 | Danganronpa: Kibou no Gakuen to Zetsubou no Koukousei The Animation | Kaze ga Tsuyoku Fuiteiru | Gyakuten Saiban: Sono ""Shinjitsu"", Igi Ari! Season 2",both_hit
3098131,50338,21|269|1535|6702|9919|31964|34572|38000|38671|38691|40356|40748|40852|41084|41467|44511|44961|48556|49596|49784,34,Beginner,19,31,101,55,2,5,11,10,10,level_tuned_product_hybrid,36456|50273|59062|38680|62146|58445|48417|39247|50664|50338|55150|56894,101,Kunoichi Tsubaki no Mune no Uchi,One Piece | Bleach | Death Note | Fairy Tail | Ao no Exorcist | Boku no Hero Academia | Black Clover | Kimetsu no Yaiba,"Boku no Hero Academia 3rd Season | Tomodachi Game | Gachiakuta | Fruits Basket 1st Season | Isekai Nonbiri Nouka 2 | Sayounara Ryuusei, Konnichiwa Jinsei | Maou Gakuin no Futekigousha II: Shijou Saikyou no Maou no Shiso, Tensei shite Shison-tachi no Gakkou e Kayou | Kobayashi-san Chi no Maid Dragon S | Saihate no Paladin: Tetsusabi no Yama no Ou | Kunoichi Tsubaki no Mune no Uchi | Yarinaoshi Reijou wa Ryuutei Heika wo Kouryakuchuu | Dragon Ball Daima",hybrid_win
3143816,38524,530|532|740|996|1535|5114|8074|9253|10161|10620|13759|14751|16498|18397|18679|19391|22199|22319|23273|25777,60,Casual,1,1,1,1,1,1,1,1,1,level_tuned_product_hybrid,38524|249|12189|14353|20371|38816|36027|31452|49828|1259|20431|47159,101,Shingeki no Kyojin Season 3 Part 2,Bishoujo Senshi Sailor Moon | Bishoujo Senshi Sailor Moon S | Bishoujo Senshi Sailor Moon R | Bishoujo Senshi Sailor Moon: Sailor Stars | Death Note | Fullmetal Alchemist: Brotherhood | Highschool of the Dead | Steins;Gate,Shingeki no Kyojin Season 3 Part 2 | InuYasha | Hyouka | Death Billiards | Sekaiichi Hatsukoi Movie: Yokozawa Takafumi no Baai | Hello World | Ousama Game The Animation | Norn9: Norn+Nonet | Kidou Senshi Gundam: Suisei no Majo | Saint Seiya: Tenkai-hen Josou - Overture | Hoozuki no Reitetsu | Tensai Ouji no Akaji Kokka Saisei Jutsu,both_hit
3178588,9130,20|21|57|223|226|269|270|339|376|543|696|777|813|1117|1118|1313|1535|1575|1674|1735,36,Beginner,10,24,101,2,1,2,3,3,3,level_tuned_product_hybrid,6547|31043|9130|28249|1362|2385|408|160|43969|49930|846|59970,101,Saint Seiya: The Lost Canvas - Meiou Shinwa 2,Naruto | One Piece | Beck | Dragon Ball | Elfen Lied | Bleach | Hellsing | Serial Experiments Lain,"Angel Beats! | Boku dake ga Inai Machi | Saint Seiya: The Lost Canvas - Meiou Shinwa 2 | Arslan Senki (TV) | Street Fighter II Movie | One Piece: Jango no Dance Carnival | Final Fantasy VII: Last Order | Ima, Soko ni Iru Boku | Kanojo mo Kanojo | Genjitsu Shugi Yuusha no Oukoku Saikenki Part 2 | School Rumble Ni Gakki | Tensei shitara Slime Datta Ken 4th Season",both_hit
3226275,53998,3588|7054|9656|12445|16694|28805|28851|33486|35849|36456|36793|36903|37956|38408|40787|47778|48736|49918|49926|50796,34,Beginner,4,8,3,8,1,1,1,1,1,level_tuned_product_hybrid,53998|36563|34599|2236|40357|2993|48675|50307|37597|32379|48981|61839,101,Bleach: Sennen Kessen-hen - Ketsubetsu-tan,Soul Eater | Kaichou wa Maid-sama! | Kimi ni Todoke 2nd Season | Tasogare Otome x Amnesia | Sankarea: Wagahai mo... Zombie de Aru... | Bakemono no Ko | Koe no Katachi | Boku no Hero Academia 2nd Season,Bleach: Sennen Kessen-hen - Ketsubetsu-tan | Megalo Box | Made in Abyss | Toki wo Kakeru Shoujo | Tate no Yuusha no Nariagari Season 3 | Rosario to Vampire | Kakkou no Iinazuke | Tonikaku Kawaii 2nd Season | Dakaretai Otoko 1-i ni Odosarete Imasu. | Berserk | Mahou Shoujo Magical Destroyers | Aishiteru Game wo Owarasetai,both_hit
3234787,8888,1|5|30|71|72|81|84|85|92|136|164|218|256|387|457|477|486|567|721|917,66,Casual,11,9,2,11,27,3,2,2,2,level_tuned_product_hybrid,339|8888|10495|21273|11979|8915|19319|13759|12471|5141|23269|944,101,Code Geass: Boukoku no Akito 1 - Yokuryuu wa Maiorita,Cowboy Bebop | Cowboy Bebop: Tengoku no Tobira | Shinseiki Evangelion | Full Metal Panic! | Full Metal Panic? Fumoffu | Kidou Senshi Gundam: Dai 08 MS Shoutai | Kidou Senshi Gundam 0083: Stardust Memory | Kidou Senshi Zeta Gundam,Serial Experiments Lain | Code Geass: Boukoku no Akito 1 - Yokuryuu wa Maiorita | Yuru Yuri | Gochuumon wa Usagi desu ka? | Mahou Shoujo Madoka★Magica Movie 2: Eien no Monogatari | Dantalian no Shoka | Gundam Build Fighters | Sakura-sou no Pet na Kanojo | Eureka Seven AO | Taishou Yakyuu Musume. | Hello!! Kiniro Mosaic | The Third: Aoi Hitomi no Shoujo,both_hit
3390333,12355,20|60|61|101|107|120|122|142|154|167|205|232|240|323|325|345|371|372|442|457,270,Fan,2,4,1,66,30,1,1,1,1,level_tuned_product_hybrid,12355|31798|31953|29976|31178|9379|335|54103|62000|424|2756|61687,101,Ookami Kodomo no Ame to Yuki,Naruto | Chrno Crusade | D.N.Angel | Air | Ou Dorobou Jing | Fruits Basket | Full Moon wo Sagashite | Kamikaze Kaitou Jeanne,Ookami Kodomo no Ame to Yuki | Kiznaiver | New Game! | Dance with Devils | Uta no☆Prince-sama♪ Maji Love Legend Star | Denpa Onna to Seishun Otoko | Matantei Loki Ragnarok | Hikikomari Kyuuketsuki no Monmon | Akuyaku Reijou wa Ringoku no Outaishi ni Dekiai sareru | Dirty Pair | Cheonnyeon-yeowoo Yeowoobi | Jishou Akuyaku Reijou na Konyakusha no Kansatsu Kiroku.,both_hit
3571479,12149,30|32|66|76|77|102|143|150|161|169|177|182|205|226|227|232|338|339|350|351,344,Fan,28,13,7,17,5,12,12,8,5,level_tuned_product_hybrid,39808|80|39730|59267|12149|36699|4872|8676|12883|186|21877|6707,101,AKB0048,"Shinseiki Evangelion | Shinseiki Evangelion Movie: Air/Magokoro wo, Kimi ni | Azumanga Daiou The Animation | Mahou Shoujo Lyrical Nanoha | Mahou Shoujo Lyrical Nanoha A's | Aishiteruze Baby★★ | Kannazuki no Miko | Blood+",Non Non Biyori Nonstop | Kidou Senshi Gundam | Houkago Teibou Nisshi | Sanda | AKB0048 | Kimitachi wa Dou Ikiru ka | Goku Sayonara Zetsubou Sensei | Amagami SS | Tsuritama | Initial D Second Stage | High Score Girl | Kuroshitsuji II,hybrid_win
3575285,37991,1|6|19|21|30|31|32|33|43|45|47|57|121|136|164|199|202|205|227|239,191,Fan,1,1,2,2,7,1,1,1,1,level_tuned_product_hybrid,37991|270|10161|468|1356|3297|51818|408|50932|589|59898|56646,101,JoJo no Kimyou na Bouken Part 5: Ougon no Kaze,"Cowboy Bebop | Trigun | Monster | One Piece | Shinseiki Evangelion | Shinseiki Evangelion Movie: Shi to Shinsei | Shinseiki Evangelion Movie: Air/Magokoro wo, Kimi ni | Kenpuu Denki Berserk",JoJo no Kimyou na Bouken Part 5: Ougon no Kaze | Hellsing | No.6 | Innocence | Hokuto no Ken 2 | Aria the Origination | Enen no Shouboutai: San no Shou | Final Fantasy VII: Last Order | Saikyou Onmyouji no Isekai Tenseiki | Ginga Nagareboshi Gin | City The Animation | Hokuto no Ken: Fist of the North Star,both_hit
3592692,52178,1|15|18|19|20|21|24|26|30|32|33|47|53|66|80|101|102|114|135|147,1257,Veteran,40,47,27,89,1,25,37,27,12,level_tuned_product_hybrid,35838|19363|48842|14289|62604|45572|40436|57533|851|48556|21557|52178,101,Kao Ni La Zhanshen Xitong,Cowboy Bebop | Eyeshield 21 | Initial D Fourth Stage | Monster | Naruto | One Piece | School Rumble | Texhnolyze,Shoujo Shuumatsu Ryokou | Gin no Saji 2nd Season | Mahoutsukai Reimeiki | Suki tte Ii na yo. | Otaku ni Yasashii Gal wa Inai!? | Mahouka Koukou no Yuutousei | Peter Grill to Kenja no Jikan | Youkai Gakkou no Sensei Hajimemashita! | Kyou kara Ore wa!! | Takt Op. Destiny | Omoide no Marnie | Kao Ni La Zhanshen Xitong,hybrid_win
3853298,9756,392|578|1575|2001|2167|2904|4181|4224|5114|8525|9253|10080|10863|11061|11577|13759|14719|18679|20899|23273,48,Beginner,1,1,1,35,2,1,1,1,1,level_tuned_product_hybrid,9756|10067|5678|34620|2994|38297|32491|9366|15|933|142|738,101,Mahou Shoujo Madoka★Magica,Yuu☆Yuu☆Hakusho | Hotaru no Haka | Code Geass: Hangyaku no Lelouch | Tengen Toppa Gurren Lagann | Clannad | Code Geass: Hangyaku no Lelouch R2 | Clannad: After Story | Toradora!,"Mahou Shoujo Madoka★Magica | Angel Beats! Another Epilogue | Kobato. | Kono Yo no Hate de Koi wo Utau Shoujo YU-NO | Death Note: Rewrite | Maou-sama, Retry! | Kanojo to Kanojo no Neko: Everything Flows | Kaichou wa Maid-sama!: Omake da yo! | Eyeshield 21 | Dai Mahou Touge | Kamikaze Kaitou Jeanne | MÄR",both_hit
3893950,1480,1|6|43|57|66|121|164|190|191|192|195|196|205|208|210|226|227|240|268|270,102,Casual,58,36,101,9,11,28,33,32,22,level_tuned_product_hybrid,2924|384|165|166|4548|253|50602|1079|12029|14175|1288|6973,101,Sky Girls OVA,Cowboy Bebop | Trigun | Koukaku Kidoutai | Beck | Azumanga Daiou The Animation | Fullmetal Alchemist | Mononoke Hime | Love Hina Again,ef: A Tale of Memories. | Gantz | RahXephon | Samurai 7 | Yozakura Quartet | Jungle wa Itsumo Hare nochi Guu | Spy x Family Part 2 | Armitage III | Uchuu Senkan Yamato 2199 | Hanasaku Iroha Movie: Home Sweet Home | Kidou Keisatsu Patlabor | Senkou no Night Raid,both_miss
4254836,40841,20|21|120|235|442|477|936|962|1074|1535|1735|2144|2472|2563|2966|2994|3297|3455|4437|4654,739,Veteran,11,20,16,22,10,3,4,6,2,level_tuned_product_hybrid,24151|40841|35678|49236|34279|52359|34494|38006|12665|6489|50404|34572,101,Honzuki no Gekokujou: Shisho ni Naru Tame ni wa Shudan wo Erandeiraremasen OVA,Naruto | One Piece | Fruits Basket | Meitantei Conan | Naruto Movie 1: Dai Katsugeki!! Yuki Hime Ninpouchou Dattebayo! | Aria the Animation | Naruto Movie 2: Dai Gekitotsu! Maboroshi no Chiteiiseki Dattebayo! | Aria the Natural,"Ao Haru Ride OVA | Honzuki no Gekokujou: Shisho ni Naru Tame ni wa Shudan wo Erandeiraremasen OVA | Hibike! Euphonium Movie 3: Chikai no Finale | Youjo Senki: Sabaku no Pasta Daisakusen | Grancrest Senki | Isekai de Mofumofu Nadenade suru Tame ni Ganbattemasu. | Sakura Quest | Renmei Kuugun Koukuu Mahou Ongakutai Luminous Witches | Yuru Yuri: Doushite, Tomaranai, Tokimeki, Dokidoki, Paradox, Eternal | Zero no Tsukaima: Princesses no Rondo Picture Drama | Xian Wang de Richang Shenghuo 3 | Black Clover",both_hit
4277956,50602,19|30|32|43|47|48|134|198|227|322|393|437|440|601|790|877|1210|1535|1818|1943,83,Casual,2,3,7,8,94,99,8,10,16,level_tuned_product_hybrid,36904|8100|10357|52107|4224|31229|50248|3712|36517|13357|75|56062,101,Spy x Family Part 2,"Monster | Shinseiki Evangelion | Shinseiki Evangelion Movie: Air/Magokoro wo, Kimi ni | Koukaku Kidoutai | Akira | .hack//Sign | Gunslinger Girl | Speed Grapher",Aggressive Retsuko (ONA) | Mardock Scramble: The First Compression | Jinrui wa Suitai Shimashita | Mononoke Movie 1: Karakasa | Toradora! | Servamp | Birdie Wing: Golf Girls' Story | Zero no Tsukaima: Princesses no Rondo | Ninja Batman | High School DxD Specials | Soukyuu no Fafner: Dead Aggressor | Naze Boku no Sekai wo Daremo Oboeteinai no ka?,hybrid_failure_vs_popularity
4363416,32182,323|1050|1292|3588|6114|11061|12413|16498|22535|23755|25183|25777|26441|32998|34443|34599|35120|36563|36946|37779,22,Beginner,2,5,2,13,10,2,3,3,3,level_tuned_product_hybrid,38524|38671|32182|41619|31933|467|6444|801|3420|58511|464|36039,101,Mob Psycho 100,Mousou Dairinin | Bobobo-bo Bo-bobo | Afro Samurai | Soul Eater | Rainbow: Nisha Rokubou no Shichinin | Hunter x Hunter (2011) | Jormungand | Shingeki no Kyojin,Shingeki no Kyojin Season 3 Part 2 | Enen no Shouboutai | Mob Psycho 100 | Munou na Nana | JoJo no Kimyou na Bouken Part 4: Diamond wa Kudakenai | Koukaku Kidoutai: Stand Alone Complex | Tegamibachi | Koukaku Kidoutai: Stand Alone Complex 2nd GIG | Shigofumi | Nanatsu no Taizai: Mokushiroku no Yonkishi 2nd Season | One Piece Movie 06: Omatsuri Danshaku to Himitsu no Shima | A.I.C.O. Incarnation,both_hit
4417765,431,30|269|853|1535|9919|11061|11617|11757|16498|17513|20507|22319|23755|24833|26243|28223|28825|28851|30016|30757,57,Casual,2,8,7,74,18,1,1,2,2,level_tuned_product_hybrid,34599|431|34566|50549|53613|49363|34300|8129|40333|33094|11761|28621,101,Howl no Ugoku Shiro,Shinseiki Evangelion | Bleach | Ouran Koukou Host Club | Death Note | Ao no Exorcist | Hunter x Hunter (2011) | High School DxD | Sword Art Online,Made in Abyss | Howl no Ugoku Shiro | Boruto: Naruto Next Generations | Bubble | Dead Mount Death Play | SK∞ OVA: Extra Part | Quanzhi Fashi | Kuragehime | Uzumaki | WWW.Working!! | Medaka Box | Subete ga F ni Naru,both_hit
4446388,16239,1|21|199|249|460|1195|1535|1604|1689|3588|4224|4898|5114|6421|6702|6707|7785|9253|9756|9919,74,Casual,24,40,6,11,30,7,8,7,7,level_tuned_product_hybrid,14741|20021|14349|47257|28607|59226|16239|743|33047|38707|17391|36483,101,One Piece: Episode of Luffy - Hand Island no Bouken,Cowboy Bebop | One Piece | Sen to Chihiro no Kamikakushi | InuYasha | One Piece Movie 02: Nejimaki-jima no Daibouken | Zero no Tsukaima | Death Note | Katekyou Hitman Reborn!,Chuunibyou demo Koi ga Shitai! | Sword Art Online: Extra Edition | Little Witch Academia | Shinigami Bocchan to Kuro Maid | Hetalia: The World Twinkle | Ao no Exorcist: Yosuga-hen | One Piece: Episode of Luffy - Hand Island no Bouken | Umi ga Kikoeru | Fate/Extra: Last Encore | RobiHachi | Senyuu. Specials | B-Project: Zecchou*Emotion,hybrid_win
4530909,25777,20|1535|1735|4224|5114|9989|11061|13759|16498|20583|28223|30015|30276|31043|31798|35507|37450|38000|38524,19,Beginner,1,1,5,1,2,1,1,1,1,level_tuned_product_hybrid,25777|11887|8074|33|42625|20787|32542|239|6707|170|552|54714,101,Shingeki no Kyojin Season 2,Naruto | Death Note | Naruto: Shippuuden | Toradora! | Fullmetal Alchemist: Brotherhood | Ano Hi Mita Hana no Namae wo Bokutachi wa Mada Shiranai. | Hunter x Hunter (2011) | Sakura-sou no Pet na Kanojo,Shingeki no Kyojin Season 2 | Kokoro Connect | Highschool of the Dead | Kenpuu Denki Berserk | Heion Sedai no Idaten-tachi | Black Bullet | Sakamoto desu ga? | Gankutsuou | Kuroshitsuji II | Slam Dunk | Digimon Adventure | Kimi no Koto ga Daidaidaidaidaisuki na 100-nin no Kanojo,both_hit
4719151,23273,5081|11597|15689|16498|17074|17895|25777|33352|34933|35760|35849|37086|37450|38329|38524|40028|40748|44511|46569|48561,26,Beginner,2,7,1,8,1,1,1,1,1,level_tuned_product_hybrid,23273|30831|35240|5680|40392|21995|16894|21473|25835|51680|38297|1536,101,Shigatsu wa Kimi no Uso,Bakemonogatari | Nisemonogatari | Nekomonogatari: Kuro | Shingeki no Kyojin | Monogatari Series: Second Season | Golden Time | Shingeki no Kyojin Season 2 | Violet Evergarden,"Shigatsu wa Kimi no Uso | Kono Subarashii Sekai ni Shukufuku wo! | Princess Principal | K-On! | Runway de Waratte | Ao Haru Ride | Kuroko no Basket 2nd Season | Persona 3 the Movie 2: Midsummer Knight's Dream | Shirobako | Cool Doji Danshi | Maou-sama, Retry! | Busou Renkin",both_hit
4720689,38759,20|21|225|356|1292|1575|1735|4898|6922|7054|10087|10620|10793|11617|11741|11757|13667|14741|14813|15451,157,Fan,8,17,6,14,4,2,2,2,2,level_tuned_product_hybrid,37450|38759|48406|37095|51781|40102|3470|1604|39569|4814|39071|19021,101,Sewayaki Kitsune no Senko-san,Naruto | One Piece | Dragon Ball GT | Fate/stay night | Afro Samurai | Code Geass: Hangyaku no Lelouch | Naruto: Shippuuden | Kuroshitsuji,"Seishun Buta Yarou wa Bunny Girl Senpai no Yume wo Minai | Sewayaki Kitsune no Senko-san | Re-Main | Violet Evergarden: Kitto ""Ai"" wo Shiru Hi ga Kuru no Darou | Boku no Hero Academia (ONA) | Tsuujou Kougeki ga Zentai Kougeki de Ni-kai Kougeki no Okaasan wa Suki desu ka? Namiuchigiwa no Okaasan wa Suki desu ka? | Special A | Katekyou Hitman Reborn! | Sora no Aosa wo Shiru Hito yo | Junjou Romantica 2 | Machikado Mazoku | Takanashi Rikka Kai: Chuunibyou demo Koi ga Shitai! Movie",both_hit
4907233,52505,934|1887|10620|10793|11111|16417|16498|18153|19815|20507|21603|21647|22319|23755|25777|26243|28623|28675|28851|28927,112,Casual,10,1,1,10,1,3,2,2,2,level_tuned_product_hybrid,39783|52505|4898|51533|21273|35240|3712|31245|36220|433|51562|13535,101,Dark Gathering,Higurashi no Naku Koro ni | Lucky☆Star | Mirai Nikki (TV) | Guilty Crown | Another | Tamako Market | Shingeki no Kyojin | Kyoukai no Kanata,"5-toubun no Hanayome ∬ | Dark Gathering | Kuroshitsuji | Tonikaku Kawaii: Seifuku | Gochuumon wa Usagi desu ka? | Princess Principal | Zero no Tsukaima: Princesses no Rondo | Zutto Mae kara Suki deshita. Kokuhaku Jikkou Iinkai | Itsudatte Bokura no Koi wa 10 cm Datta. | Kumo no Mukou, Yakusoku no Basho | Yuusha, Yamemasu: Kenshuu Ryokou wa Mokuteki wo Miushinau na | Binbougami ga!",both_hit
4922106,40028,20|30|33|543|885|1210|1535|1735|16498|22319|25777|27899|35760|38000|38524|40748|51009,17,Beginner,2,1,3,1,1,1,1,1,1,level_tuned_product_hybrid,40028|37779|392|44059|10568|15059|33028|32262|182|578|54790|5041,101,Shingeki no Kyojin: The Final Season,Naruto | Shinseiki Evangelion | Kenpuu Denki Berserk | Vampire Hunter D (2000) | Tenshi no Tamago | NHK ni Youkoso! | Death Note | Naruto: Shippuuden,Shingeki no Kyojin: The Final Season | Yakusoku no Neverland | Yuu☆Yuu☆Hakusho | Puparia | Kamisama no Memochou | Initial D Fifth Stage | Danganronpa 3: The End of Kibougamine Gakuen - Zetsubou-hen | Renai Boukun | Tenkuu no Escaflowne | Hotaru no Haka | Undead Girl Murder Farce | Guin Saga,both_hit
5054012,39576,21|30|33|47|121|164|199|205|227|268|269|356|431|437|523|578|1575|1735|1818|2001,358,Fan,4,12,3,13,6,3,3,3,3,level_tuned_product_hybrid,31764|44037|39576|31414|25157|22687|40513|30544|58811|45577|57184|34839,101,Goblin Slayer: Goblin's Crown,One Piece | Shinseiki Evangelion | Kenpuu Denki Berserk | Akira | Fullmetal Alchemist | Mononoke Hime | Sen to Chihiro no Kamikakushi | Samurai Champloo,"Nejimaki Seirei Senki: Tenkyou no Alderamin | Shin no Nakama ja Nai to Yuusha no Party wo Oidasareta node, Henkyou de Slow Life suru Koto ni Shimashita | Goblin Slayer: Goblin's Crown | Nijiiro Days | Trinity Seven | Terra Formars | Nami yo Kiitekure | Gakusen Toshi Asterisk | Tougen Anki | IDOLiSH7 Third Beat! | Great Pretender: Razbliuto | Sanrio Danshi",both_hit
5105227,427,21|45|65|93|121|154|199|223|232|235|249|322|371|372|392|430|433|450|464|465,92,Casual,25,12,3,6,1,3,2,2,2,level_tuned_product_hybrid,24|427|132|2926|894|17115|50710|49738|2107|39533|5365|34962,101,Kaleido Star,One Piece | Rurouni Kenshin: Meiji Kenkaku Romantan | Rozen Maiden: Träumend | Kidou Senshi Gundam SEED | Fullmetal Alchemist | Shaman King | Sen to Chihiro no Kamikakushi | Dragon Ball,School Rumble | Kaleido Star | GetBackers | Myself; Yourself | Dragon Ball Z Movie 01: Ora no Gohan wo Kaese!! | Pokemon Best Wishes! Season 2: Episode N | Urusei Yatsura (2022) | Heike Monogatari | One Piece Movie 08: Episode of Alabasta - Sabaku no Oujo to Kaizoku-tachi | Given | Tsumiki no Ie | Digimon Adventure tri. 5: Kyousei,hybrid_win
5163110,25397,68|71|120|121|249|341|356|419|777|853|1195|1536|1575|1606|1691|1840|2025|2104|2167|2904,187,Fan,5,2,2,13,1,2,2,2,2,level_tuned_product_hybrid,10793|25397|17074|10805|14921|9587|1562|74|10800|1686|3956|61196,101,Absolute Duo,Black Cat | Full Metal Panic! | Fruits Basket | Fullmetal Alchemist | InuYasha | Spiral: Suiri no Kizuna | Fate/stay night | Samurai Deeper Kyou,Guilty Crown | Absolute Duo | Monogatari Series: Second Season | Kami nomi zo Shiru Sekai: 4-nin to Idol | RDG: Red Data Girl | Oniichan no Koto nanka Zenzen Suki ja Nai n da kara ne!! | Yamato Nadeshiko Shichihenge♥ | Gakuen Alice | Chihayafuru | Bleach Movie 1: Memories of Nobody | Shakugan no Shana-tan II (Second) | Dead Account,both_hit
5246680,48895,1|5|47|121|164|199|256|269|317|355|430|431|433|512|523|528|572|578|1140|1303,425,Fan,1,2,2,10,29,1,1,1,1,level_tuned_product_hybrid,48895|4382|40571|29317|39017|38481|33142|63130|44275|47163|20057|27631,101,Overlord IV,Cowboy Bebop | Cowboy Bebop: Tengoku no Tobira | Akira | Fullmetal Alchemist | Mononoke Hime | Sen to Chihiro no Kamikakushi | Hoshi no Koe | Bleach,"Overlord IV | Suzumiya Haruhi no Yuuutsu (2009) | Majo no Tabitabi | Saenai Heroine no Sodatekata: Ai to Seishun no Service-kai | Kyokou Suiri | Toaru Kagaku no Railgun T | Re:Zero kara Hajimeru Break Time | Boku no Hero Academia: More | Selection Project | Tensei Kenja no Isekai Life: Dai-2 no Shokugyou wo Ete, Sekai Saikyou ni Narimashita | Space☆Dandy | God Eater",both_hit
5441082,15,30|32|68|164|199|431|849|1033|1195|1535|1575|1691|1840|2025|2159|2904|3712|5040|5081|5530,270,Fan,15,17,2,21,2,2,2,2,2,level_tuned_product_hybrid,13161|15|34881|51064|40230|23383|34161|52193|54632|56980|34430|24701,101,Eyeshield 21,"Shinseiki Evangelion | Shinseiki Evangelion Movie: Air/Magokoro wo, Kimi ni | Black Cat | Mononoke Hime | Sen to Chihiro no Kamikakushi | Howl no Ugoku Shiro | Suzumiya Haruhi no Yuuutsu | Sennen Joyuu",Hagure Yuusha no Aesthetica | Eyeshield 21 | Aho Girl | Kuro no Shoukanshi | Housekishou Richard-shi no Nazo Kantei | D-Frag!* | Overlord Movie 1: Fushisha no Ou | Akiba Meido Sensou | Gekai Elise | Karasu wa Aruji wo Erabanai | Meitantei Conan Movie 21: Karakurenai no Love Letter | Mushishi Zoku Shou 2nd Season,hybrid_win
5504543,12893,1|30|185|186|187|205|226|270|356|376|433|578|597|1004|1292|1689|1698|1704|1726|1943,202,Fan,15,74,25,18,4,3,6,6,5,level_tuned_product_hybrid,13125|27775|5682|5177|12893|34662|14407|9926|19193|5065|37442|4918,101,Danshi Koukousei no Nichijou Specials,Cowboy Bebop | Shinseiki Evangelion | Initial D First Stage | Initial D Second Stage | Initial D Third Stage | Samurai Champloo | Elfen Lied | Hellsing,Shinsekai yori | Plastic Memories | Phantom: Requiem for the Phantom | Denpa-teki na Kanojo | Danshi Koukousei no Nichijou Specials | Fate/Apocrypha | Persona 3 the Movie 1: Spring of Birth | Sekaiichi Hatsukoi | Koukaku Kidoutai Arise: Ghost in the Shell - Border:3 Ghost Tears | Detroit Metal City: Birth of the Metal Devil | Psycho-Pass: Sinners of the System Case.3 - Onshuu no Kanata ni＿＿ | xxxHOLiC Shunmuki,hybrid_win
5555813,36793,21|1195|1575|2025|2904|4224|4898|5355|9513|9919|10793|11061|11757|12031|12175|13601|14075|14749|14813|15315,272,Fan,11,35,4,54,8,4,4,4,4,level_tuned_product_hybrid,34104|51297|38483|36793|56845|40911|34382|16894|24765|14753|10447|32696,101,3D Kanojo: Real Girl,One Piece | Zero no Tsukaima | Code Geass: Hangyaku no Lelouch | Darker than Black: Kuro no Keiyakusha | Code Geass: Hangyaku no Lelouch R2 | Toradora! | Kuroshitsuji | Sengoku Basara,"Knight's & Magic | Ragna Crimson | Ore wo Suki nano wa Omae dake ka yo | 3D Kanojo: Real Girl | Saikyou Tank no Meikyuu Kouryaku: Tairyoku 9999 no Rare Skill-mochi Tank, Yuusha Party wo Tsuihou sareru | Yuukoku no Moriarty | Citrus | Kuroko no Basket 2nd Season | Gakkougurashi! | Hori-san to Miyamura-kun | Aquarion Evol | Fukigen na Mononokean",both_hit
5558154,30015,19|20|164|199|245|263|264|265|416|431|437|512|523|889|1210|1535|1829|2034|2167|2993,331,Fan,4,4,1,11,13,2,1,1,1,level_tuned_product_hybrid,30015|47917|6547|40417|268|28069|41103|62604|15225|22673|43691|49692,101,ReLIFE,Monster | Naruto | Mononoke Hime | Sen to Chihiro no Kamikakushi | Great Teacher Onizuka | Hajime no Ippo | Hajime no Ippo: Champion Road | Hajime no Ippo: Mashiba vs. Kimura,ReLIFE | Bocchi the Rock! | Angel Beats! | Fruits Basket 2nd Season | Golden Boy | Shigatsu wa Kimi no Uso: Moments | Koi to Yobu ni wa Kimochi Warui | Otaku ni Yasashii Gal wa Inai!? | Hentai Ouji to Warawanai Neko. | Kuroko no Basket 2nd Season NG-shuu | Kageki Shoujo!! | Heroine Tarumono! Kiraware Heroine to Naisho no Oshigoto,both_hit
5760454,24439,199|329|918|1210|2001|2025|3167|4177|5114|5365|6211|6675|6746|6956|7338|7465|7674|9253|9941|9969,192,Fan,2,4,1,11,2,1,1,1,1,level_tuned_product_hybrid,24439|32902|37379|31327|50710|20903|9000|13409|34103|32360|36904|40752,101,Kekkai Sensen,Sen to Chihiro no Kamikakushi | Planetes | Gintama | NHK ni Youkoso! | Tengen Toppa Gurren Lagann | Darker than Black: Kuro no Keiyakusha | Eve no Jikan | Bounen no Xamdou,Kekkai Sensen | Mahoutsukai no Yome: Hoshi Matsu Hito | Chihayafuru 3 | Shokugeki no Souma OVA | Urusei Yatsura (2022) | Harmonie | Toaru Hikuushi e no Tsuioku | Moyashimon Returns | Danganronpa 3: The End of Kibougamine Gakuen - Kibou-hen | Qualidea Code | Aggressive Retsuko (ONA) | Bishounen Tanteidan,both_hit
5834604,23273,15|263|777|1535|1575|1723|1818|2001|2104|2167|2993|3455|4181|4214|5114|5177|5258|6702|7088|9181,94,Casual,1,11,1,4,4,1,1,1,1,level_tuned_product_hybrid,23273|1|48569|20853|3230|14199|16918|40911|1254|144|44961|90,101,Shigatsu wa Kimi no Uso,Eyeshield 21 | Hajime no Ippo | Hellsing Ultimate | Death Note | Code Geass: Hangyaku no Lelouch | Clannad Movie | Claymore | Tengen Toppa Gurren Lagann,Shigatsu wa Kimi no Uso | Cowboy Bebop | 86 Part 2 | Hitsugi no Chaika | Druaga no Tou: The Aegis of Uruk | Oniichan dakedo Ai sae Areba Kankeinai yo ne! | Gin no Saji | Yuukoku no Moriarty | Saint Seiya | Kanon | Platinum End | Shin Kidou Senki Gundam Wing,both_hit
5955836,48583,20|164|199|249|269|442|449|450|451|452|513|578|666|936|1535|1686|1735|2144|2472|2889,215,Fan,1,1,3,1,8,1,1,1,1,level_tuned_product_hybrid,48583|33255|61942|384|30736|53111|34368|37446|53151|15751|49318|11077,101,Shingeki no Kyojin: The Final Season Part 2,Naruto | Mononoke Hime | Sen to Chihiro no Kamikakushi | InuYasha | Bleach | Naruto Movie 1: Dai Katsugeki!! Yuki Hime Ninpouchou Dattebayo! | InuYasha Movie 4: Guren no Houraijima | InuYasha Movie 2: Kagami no Naka no Mugenjou,Shingeki no Kyojin: The Final Season Part 2 | Saiki Kusuo no Ψ-nan | Vigilante: Boku no Hero Academia Illegals 2nd Season | Gantz | Shingeki no Bahamut: Virgin Soul | Dungeon ni Deai wo Motomeru no wa Machigatteiru Darou ka IV: Shin Shou - Yakusai-hen | Vatican Kiseki Chousakan | Hyakuren no Haou to Seiyaku no Valkyria | Onmyouji | Senyuu. | Tensei shitara Slime Datta Ken 2nd Season: Kanwa - Veldora Nikki 2 | Hellsing: The Dawn,both_hit
5975456,40834,19|20|24|33|150|226|245|270|356|384|469|770|790|1535|1818|6114|8074|9253|9919|9989,45,Beginner,3,8,8,22,13,2,2,2,2,level_tuned_product_hybrid,30|40834|1594|40911|39534|28621|479|59711|53407|419|3731|6634,101,Ousama Ranking,Monster | Naruto | School Rumble | Kenpuu Denki Berserk | Blood+ | Elfen Lied | Great Teacher Onizuka | Hellsing,Shinseiki Evangelion | Ousama Ranking | Jigoku Shoujo Futakomori | Yuukoku no Moriarty | Jibaku Shounen Hanako-kun | Subete ga F ni Naru | Ueki no Housoku | Shibou Yuugi de Meshi wo Kuu. | Bartender: Kami no Glass | Samurai Deeper Kyou | Itazura na Kiss | Sengoku Basara Ni,both_hit
6016924,54743,19|20|21|136|199|205|269|270|431|512|513|523|777|1535|1575|1735|2025|2890|2904|4155,394,Fan,13,2,4,13,1,1,1,1,1,level_tuned_product_hybrid,54743|8425|54866|39491|38086|34439|48548|10080|60427|40752|33248|50287,101,Dead Mount Death Play Part 2,Monster | Naruto | One Piece | Hunter x Hunter | Sen to Chihiro no Kamikakushi | Samurai Champloo | Bleach | Hellsing,Dead Mount Death Play Part 2 | Gosick | Blue Lock: Episode Nagi | Psycho-Pass 3 | Fate/Grand Order: Shinsei Entaku Ryouiki Camelot 2 - Paladin; Agateram | Code Geass: Hangyaku no Lelouch II - Handou | 5-toubun no Hanayome Movie | Kami nomi zo Shiru Sekai II | Gnosia | Bishounen Tanteidan | K: Seven Stories Movie 1 - R:B - Blaze | Kyuuketsuki Sugu Shinu 2,hybrid_win
6150719,49709,20|30|31|32|47|49|50|53|58|60|62|68|71|72|73|76|77|81|93|94,2058,Veteran,2,2,6,26,94,2,2,3,2,level_tuned_product_hybrid,21431|49709|2025|54616|29829|61943|403|10122|14921|126|14669|16169,101,Fumetsu no Anata e Season 2,"Naruto | Shinseiki Evangelion | Shinseiki Evangelion Movie: Shi to Shinsei | Shinseiki Evangelion Movie: Air/Magokoro wo, Kimi ni | Akira | Aa! Megami-sama! | Aa! Megami-sama! (TV) | Ai Yori Aoshi",Gokukoku no Brynhildr | Fumetsu no Anata e Season 2 | Darker than Black: Kuro no Keiyakusha | Potion-danomi de Ikinobimasu! | Tamayura: Sotsugyou Shashin Part 2 - Hibiki | Haibara-kun no Tsuyokute Seishun New Game | Hanaukyou Maid-tai | Kowarekake no Orgel Special | RDG: Red Data Girl | Futakoi Alternative | Aura: Maryuuin Kouga Saigo no Tatakai | Choboraunyopomi Gekijou Ai Mai Mii,both_hit
6211646,23321,2001|2104|5114|9253|13759|14741|17265|30307|30831|32843|32937|33674|35330|37033|37976|37999|38691|39198|40046|41389,25,Beginner,5,8,1,6,49,8,4,4,4,level_tuned_product_hybrid,45576|36296|32|23321|31933|32262|4107|978|37497|9982|1690|4214,101,Log Horizon 2nd Season,Tengen Toppa Gurren Lagann | Seto no Hanayome | Fullmetal Alchemist: Brotherhood | Steins;Gate | Sakura-sou no Pet na Kanojo | Chuunibyou demo Koi ga Shitai! | Log Horizon | Monster Musume no Iru Nichijou,"Mushoku Tensei: Isekai Ittara Honki Dasu Part 2 | Hinamatsuri | Shinseiki Evangelion Movie: Air/Magokoro wo, Kimi ni | Log Horizon 2nd Season | JoJo no Kimyou na Bouken Part 4: Diamond wa Kudakenai | Renai Boukun | Tengen Toppa Gurren Lagann Movie 1: Gurren-hen | Change!! Getter Robo: Sekai Saigo no Hi | Irozuku Sekai no Ashita kara | Fairy Tail OVA | Bokura no | Rosario to Vampire Capu2",both_hit
6328072,8769,66|240|488|490|527|1195|1210|1722|1813|1840|1887|1888|2034|2508|2963|3225|3455|3712|4472|4811,781,Veteran,5,6,2,4,16,1,1,1,1,level_tuned_product_hybrid,8769|22663|11013|2167|31498|59177|32407|28817|18619|1214|42544|21809,101,Ore no Imouto ga Konnani Kawaii Wake ga Nai,Azumanga Daiou The Animation | Genshiken | Ichigo Mashimaro | Paniponi Dash! | Pokemon | Zero no Tsukaima | NHK ni Youkoso! | Nagasarete Airantou,Ore no Imouto ga Konnani Kawaii Wake ga Nai | Seiken Tsukai no World Break | Inu x Boku SS | Clannad | Pan de Peace! | Kaijuu 8-gou 2nd Season | Clockwork Planet | Mikagura Gakuen Kumikyoku (TV) | Girls & Panzer: Kore ga Hontou no Anzio-sen desu! | Binbou Shimai Monogatari | Kaizoku Oujo | Kenzen Robo Daimidaler,both_hit
6360685,43608,20|121|199|431|1735|2994|5114|11111|11757|12355|14719|16498|16870|20899|22199|22319|23755|27899|28121|28171,60,Casual,1,8,1,7,66,3,3,1,3,level_tuned_product_hybrid,40540|40956|43608|50664|10686|55997|36873|39607|64|60316|55887|23283,101,Kaguya-sama wa Kokurasetai: Ultra Romantic,Naruto | Fullmetal Alchemist | Sen to Chihiro no Kamikakushi | Howl no Ugoku Shiro | Naruto: Shippuuden | Death Note: Rewrite | Fullmetal Alchemist: Brotherhood | Another,"Sword Art Online: Alicization - War of Underworld 2nd Season | Enen no Shouboutai: Ni no Shou | Kaguya-sama wa Kokurasetai: Ultra Romantic | Saihate no Paladin: Tetsusabi no Yama no Ou | Naruto: Honoo no Chuunin Shiken! Naruto vs. Konohamaru!! | Guild no Uketsukejou desu ga, Zangyou wa Iya nanode Boss wo Solo Toubatsu Shiyou to Omoimasu | Back Street Girls: Gokudolls | Tensei shitara Slime Datta Ken: Kanwa - Veldora Nikki | Rozen Maiden | Busamen Gachi Fighter | Kekkon suru tte, Hontou desu ka | Zankyou no Terror",both_hit
6420838,23847,269|1535|1735|5680|9253|10087|10863|11741|11757|14813|16498|18897|20507|22199|22535|25777|30276|30484|30503|31240,91,Casual,1,11,1,2,3,1,1,1,1,level_tuned_product_hybrid,23847|40221|16592|35120|31580|14345|66|51252|31433|39486|1604|35062,101,Yahari Ore no Seishun Love Comedy wa Machigatteiru. Zoku,Bleach | Death Note | Naruto: Shippuuden | K-On! | Steins;Gate | Fate/Zero | Steins;Gate: Oukoubakko no Poriomania | Fate/Zero 2nd Season,Yahari Ore no Seishun Love Comedy wa Machigatteiru. Zoku | Kami no Tou | Danganronpa: Kibou no Gakuen to Zetsubou no Koukousei The Animation | Devilman: Crybaby | Ajin | Btooom! | Azumanga Daiou The Animation | Spy Kyoushitsu | Ginga Eiyuu Densetsu: Die Neue These - Kaikou | Gintama: The Final | Katekyou Hitman Reborn! | Mahoutsukai no Yome,both_hit
6653883,40497,6288|14227|14741|17247|18671|22147|22663|24455|27601|29803|30206|30307|31338|31973|32615|34391|35073|35413|37210|37675,34,Beginner,7,12,2,3,1,2,2,2,2,level_tuned_product_hybrid,28121|40497|50602|2167|47161|270|42923|223|55830|32086|54863|38594,101,Mahouka Koukou no Rettousei: Raihousha-hen,Kidou Senshi Gundam 00 Movie: A Wakening of the Trailblazer | Tonari no Kaibutsu-kun | Chuunibyou demo Koi ga Shitai! | Machine-Doll wa Kizutsukanai | Chuunibyou demo Koi ga Shitai! Ren | Amagi Brilliant Park | Seiken Tsukai no World Break | Madan no Ou to Vanadis,"Dungeon ni Deai wo Motomeru no wa Machigatteiru Darou ka | Mahouka Koukou no Rettousei: Raihousha-hen | Spy x Family Part 2 | Clannad | Shikkakumon no Saikyou Kenja | Hellsing | SK∞ | Dragon Ball | Fate/strange Fake | Blame! Movie | Trigun Stargaze | Kimi to, Nami ni Noretara",both_hit
6671563,34134,72|1689|4224|5680|9989|10087|11433|11741|11757|11887|14353|16498|19815|20507|20583|21881|23273|23755|25777|28223,55,Casual,1,9,1,4,2,2,2,1,1,level_tuned_product_hybrid,34134|35849|11111|50608|32105|31658|35788|3228|56038|481|18523|721,101,One Punch Man 2nd Season,Full Metal Panic? Fumoffu | Byousoku 5 Centimeter | Toradora! | K-On! | Ano Hi Mita Hana no Namae wo Bokutachi wa Mada Shiranai. | Fate/Zero | Ano Natsu de Matteru | Fate/Zero 2nd Season,One Punch Man 2nd Season | Darling in the FranXX | Another | Tokyo Revengers: Seiya Kessen-hen | Sousei no Onmyouji | Kuroko no Basket Movie 4: Last Game | Shokugeki no Souma: San no Sara | Zoku Sayonara Zetsubou Sensei | Lazarus | Yu☆Gi☆Oh! Duel Monsters | Senyuu. 2 | Princess Tutu,both_hit
6754700,32998,5|19|20|30|32|33|64|65|121|154|164|199|339|431|437|512|585|597|1029|1033,174,Fan,4,2,1,16,13,1,1,1,1,level_tuned_product_hybrid,32998|849|743|49520|35180|793|66|23385|28211|32937|50410|61316,101,91 Days,"Cowboy Bebop: Tengoku no Tobira | Monster | Naruto | Shinseiki Evangelion | Shinseiki Evangelion Movie: Air/Magokoro wo, Kimi ni | Kenpuu Denki Berserk | Rozen Maiden | Rozen Maiden: Träumend",91 Days | Suzumiya Haruhi no Yuuutsu | Umi ga Kikoeru | Aharen-san wa Hakarenai | 3-gatsu no Lion 2nd Season | xxxHOLiC Movie: Manatsu no Yoru no Yume | Azumanga Daiou The Animation | Kyoukai no Kanata: Shinonome | Harmony | Kono Subarashii Sekai ni Shukufuku wo! 2 | One Piece Film: Red | Re:Zero kara Hajimeru Isekai Seikatsu 4th Season,both_hit
6786403,199,6|15|20|30|31|45|71|72|73|90|109|121|132|154|184|205|223|232|246|249,128,Casual,1,12,9,79,90,4,1,1,5,level_tuned_product_hybrid,953|12049|230|33080|199|35062|963|572|6956|37914|3467|51552,101,Sen to Chihiro no Kamikakushi,Trigun | Eyeshield 21 | Naruto | Shinseiki Evangelion | Shinseiki Evangelion Movie: Shi to Shinsei | Rurouni Kenshin: Meiji Kenkaku Romantan | Full Metal Panic! | Full Metal Panic? Fumoffu,"Juu Ou Sei | Fairy Tail Movie 1: Houou no Miko | Air Master | Brotherhood: Final Fantasy XV | Sen to Chihiro no Kamikakushi | Mahoutsukai no Yome | Love Hina: Motoko no Sentaku, Koi ka Ken... ""Naku na"" | Kaze no Tani no Nausicaä | Working!! | Chikyuugai Shounen Shoujo | Nogizaka Haruka no Himitsu | Watashi no Shiawase na Kekkon",both_hit
6850973,14741,20|121|1535|1735|5114|5231|6547|9919|10620|11111|11757|11771|16894|18679|19815|20507|20583|21881|22199|22319,65,Casual,2,8,5,39,95,100,9,8,9,level_tuned_product_hybrid,32937|32995|35994|18179|37141|48585|44276|57554|14741|41380|49556|37393,101,Chuunibyou demo Koi ga Shitai!,Naruto | Fullmetal Alchemist | Death Note | Naruto: Shippuuden | Fullmetal Alchemist: Brotherhood | Inazuma Eleven | Angel Beats! | Ao no Exorcist,"Kono Subarashii Sekai ni Shukufuku wo! 2 | Yuri!!! on Ice | Satsuriku no Tenshi | Yowamushi Pedal | Hataraku Saibou | Black Clover: Mahou Tei no Ken | Kyuukyoku Shinka shita Full Dive RPG ga Genjitsu yori mo Kusoge Dattara | Rurouni Kenshin: Meiji Kenkaku Romantan - Kyoto Douran | Chuunibyou demo Koi ga Shitai! | 100-man no Inochi no Ue ni Ore wa Tatteiru | Love All Play | Watashi, Nouryoku wa Heikinchi de tte Itta yo ne!",both_hit
7116460,30694,1|19|20|21|30|33|44|45|121|170|199|223|235|245|269|288|323|392|407|527,292,Fan,7,9,3,4,1,1,1,1,1,level_tuned_product_hybrid,30694|15809|6547|28121|31933|42826|5460|35222|39195|54913|48413|63130,101,Dragon Ball Super,Cowboy Bebop | Monster | Naruto | One Piece | Shinseiki Evangelion | Kenpuu Denki Berserk | Rurouni Kenshin: Meiji Kenkaku Romantan - Tsuioku-hen | Rurouni Kenshin: Meiji Kenkaku Romantan,"Dragon Ball Super | Hataraku Maou-sama! | Angel Beats! | Dungeon ni Deai wo Motomeru no wa Machigatteiru Darou ka | JoJo no Kimyou na Bouken Part 4: Diamond wa Kudakenai | Seijo no Maryoku wa Bannou desu | Meitantei Conan Movie 13: Shikkoku no Chaser | Gakuen Babysitters | Beastars | Shinmai Ossan Boukensha, Saikyou Party ni Shinu hodo Kitaerarete Muteki ni Naru. | Hataraku Maou-sama!! | Boku no Hero Academia: More",both_hit
7213385,38329,1|19|20|21|226|256|431|777|853|918|1195|1316|1535|1575|1689|1735|1840|2001|2167|2236,264,Fan,1,1,1,11,1,1,1,1,1,level_tuned_product_hybrid,38329|6213|57433|39486|45055|31389|39790|38735|160|49470|16934|479,101,Seishun Buta Yarou wa Yumemiru Shoujo no Yume wo Minai,Cowboy Bebop | Monster | Naruto | One Piece | Elfen Lied | Hoshi no Koe | Howl no Ugoku Shiro | Hellsing Ultimate,"Seishun Buta Yarou wa Yumemiru Shoujo no Yume wo Minai | Toaru Kagaku no Railgun | Seishun Buta Yarou wa Santa Claus no Yume wo Minai | Gintama: The Final | Taishou Otome Otogibanashi | Fate/stay night: Unlimited Blade Works 2nd Season - Sunny Day | Adachi to Shimamura | 7 Seeds | Ima, Soko ni Iru Boku | Mamahaha no Tsurego ga Motokano datta | Chuunibyou demo Koi ga Shitai! Kirameki no... Slapstick Noel | Ueki no Housoku",both_hit
7216821,49784,3545|44511|46569|48316|49458|49596|49612|49613|49778|49889|49918|50172|50425|50932|51019|51462|52034|52046|52211|52299,52,Casual,9,7,8,4,4,2,2,3,3,level_tuned_product_hybrid,51180|57380|49784|49776|42072|59833|62068|50713|40080|58484|7661|40908,101,Mairimashita! Iruma-kun 3rd Season,Kochira Katsushikaku Kameari Kouenmae Hashutsujo | Chainsaw Man | Jigokuraku | Kage no Jitsuryokusha ni Naritakute! | Kono Subarashii Sekai ni Shukufuku wo! 3 | Blue Lock | Ningen Fushin no Boukensha-tachi ga Sekai wo Sukuu you desu | Chiyu Mahou no Machigatta Tsukaikata,Youkoso Jitsuryoku Shijou Shugi no Kyoushitsu e 3rd Season | Isekai Yururi Kikou: Kosodate shinagara Boukensha shimasu | Mairimashita! Iruma-kun 3rd Season | Kumichou Musume to Sewagakari | Kenja no Deshi wo Nanoru Kenja | Kono Subarashii Sekai ni Shukufuku wo! 3: Bonus Stage | Snowball Earth | Mahouka Koukou no Rettousei 3rd Season | Quanzhi Gaoshou: Dianfeng Rongyao | Ishura 2nd Season | Giant Killing | Kemono Jihen,both_hit
7240169,9734,185|523|849|1887|4224|4382|5680|6045|6862|7791|8857|9617|9756|10165|11553|11757|14741|14753|16498|16662,82,Casual,14,4,2,1,1,2,2,2,1,level_tuned_product_hybrid,9734|51096|934|10162|36266|34382|6594|22297|50932|39017|14345|35466,101,K-On!!: Keikaku!,Initial D First Stage | Tonari no Totoro | Suzumiya Haruhi no Yuuutsu | Lucky☆Star | Toradora! | Suzumiya Haruhi no Yuuutsu (2009) | K-On! | Kimi ni Todoke,K-On!!: Keikaku! | Youkoso Jitsuryoku Shijou Shugi no Kyoushitsu e 2nd Season | Higurashi no Naku Koro ni | Usagi Drop | Mahou Shoujo Site | Citrus | Katanagatari | Fate/stay night: Unlimited Blade Works | Saikyou Onmyouji no Isekai Tenseiki | Kyokou Suiri | Btooom! | ReLIFE: Kanketsu-hen,hybrid_win
7274461,28677,1|20|21|30|32|33|226|268|269|356|442|464|528|918|936|1117|1118|1119|1120|1535,436,Fan,2,9,2,2,3,1,1,1,1,level_tuned_product_hybrid,28677|34933|41930|14893|36049|23321|37781|34855|59490|58749|666|34325,101,Yamada-kun to 7-nin no Majo,"Cowboy Bebop | Naruto | One Piece | Shinseiki Evangelion | Shinseiki Evangelion Movie: Air/Magokoro wo, Kimi ni | Kenpuu Denki Berserk | Elfen Lied | Golden Boy","Yamada-kun to 7-nin no Majo | Kakegurui | Kamisama ni Natta Hi | Dakara Boku wa, H ga Dekinai. Mie Sugi! Mizugi Contest | Dagashi Kashi 2 | Log Horizon 2nd Season | Overlord: Ple Ple Pleiades 3 | Gabriel DropOut Specials | Kaijuu 8-gou: Hoshina no Kyuujitsu | Arknights: Rise from Ember | JoJo no Kimyou na Bouken | Pokemon XY&Z Specials",both_hit
7298047,18671,19|20|21|22|24|26|27|30|31|32|57|59|62|64|65|72|133|157|163|164,897,Veteran,1,3,1,16,88,1,1,1,1,level_tuned_product_hybrid,18671|4548|9751|10928|31318|11005|5454|12893|9252|9917|7711|38778,101,Chuunibyou demo Koi ga Shitai! Ren,Monster | Naruto | One Piece | Tennis no Oujisama | School Rumble | Texhnolyze | Trinity Blood | Shinseiki Evangelion,Chuunibyou demo Koi ga Shitai! Ren | Yozakura Quartet | Strike Witches Movie | Nogizaka Haruka no Himitsu Finale ♪ | Comet Lucifer | Holy Knight | Yoku Wakaru Gendai Mahou | Danshi Koukousei no Nichijou Specials | Break Blade Movie 3: Kyoujin no Ato | Pokemon Movie 14 White: Victini to Kuroki Eiyuu Zekrom | Karigurashi no Arrietty | Midara na Ao-chan wa Benkyou ga Dekinai,both_hit
7409881,20,21|30|32|121|199|269|1535|1575|2001|2156|2904|4224|5114|5962|6171|8074|9130|10087|10370|10620,169,Fan,1,1,1,24,11,1,1,1,1,level_tuned_product_hybrid,20|35073|42282|34497|42429|34964|40359|6594|2966|154|9135|39808,101,Naruto,"One Piece | Shinseiki Evangelion | Shinseiki Evangelion Movie: Air/Magokoro wo, Kimi ni | Fullmetal Alchemist | Sen to Chihiro no Kamikakushi | Bleach | Death Note | Code Geass: Hangyaku no Lelouch",Naruto | Overlord II | Otome Game no Hametsu Flag shika Nai Akuyaku Reijou ni Tensei shiteshimatta... X | Death March kara Hajimaru Isekai Kyousoukyoku | Honzuki no Gekokujou: Shisho ni Naru Tame ni wa Shudan wo Erandeiraremasen 3rd Season | Killing Bites | Ikebukuro West Gate Park | Katanagatari | Ookami to Koushinryou | Shaman King | Fullmetal Alchemist: The Sacred Star of Milos | Non Non Biyori Nonstop,both_hit
7502718,51009,18|21|121|185|186|187|199|437|731|813|822|918|1365|1506|1535|1689|2393|2608|4447|5114,118,Casual,2,2,1,1,2,1,1,1,1,level_tuned_product_hybrid,51009|39534|6|1281|11617|34825|37430|1358|5152|8841|15201|49938,101,Jujutsu Kaisen 2nd Season,Initial D Fourth Stage | One Piece | Fullmetal Alchemist | Initial D First Stage | Initial D Second Stage | Initial D Third Stage | Sen to Chihiro no Kamikakushi | Perfect Blue,Jujutsu Kaisen 2nd Season | Jibaku Shounen Hanako-kun | Trigun | Gakkou no Kaidan | High School DxD | Keppeki Danshi! Aoyama-kun | Tensei shitara Slime Datta Ken | Hokuto no Ken Movie | Dragon Ball: Ossu! Kaettekita Son Gokuu to Nakama-tachi!! | Kore wa Zombie desu ka? | Code Geass: Boukoku no Akito 4 - Nikushimi no Kioku kara | Ame wo Tsugeru Hyouryuu Danchi,both_hit
7514587,40935,20|21|121|918|1535|2001|2759|3784|3785|5081|5114|9253|9260|11061|11597|11757|11977|11979|14513|15689,106,Casual,3,1,3,26,1,1,1,1,1,level_tuned_product_hybrid,40935|57592|4898|23277|6171|50307|153|10075|40256|15793|32836|38475,101,Beastars 2nd Season,Naruto | One Piece | Fullmetal Alchemist | Gintama | Death Note | Tengen Toppa Gurren Lagann | Evangelion Movie 1: Jo | Evangelion Movie 2: Ha,Beastars 2nd Season | Dr. Stone: Science Future | Kuroshitsuji | Saenai Heroine no Sodatekata | Saint Seiya: The Lost Canvas - Meiou Shinwa | Tonikaku Kawaii 2nd Season | Juuni Kokuki | Naruto x UT | Cannon Busters | Senki Zesshou Symphogear G | Senki Zesshou Symphogear AXZ | Yuru Camp△ Movie,both_hit
7637004,23277,356|849|1210|1535|1575|2025|2904|2993|4214|4224|4382|4654|4898|5081|5114|6045|6347|6512|6547|6573,347,Fan,1,5,1,17,2,1,1,1,1,level_tuned_product_hybrid,23277|23321|25099|33028|6213|24991|34544|24277|32561|21473|12753|7193,101,Saenai Heroine no Sodatekata,Fate/stay night | Suzumiya Haruhi no Yuuutsu | NHK ni Youkoso! | Death Note | Code Geass: Hangyaku no Lelouch | Darker than Black: Kuro no Keiyakusha | Code Geass: Hangyaku no Lelouch R2 | Rosario to Vampire,"Saenai Heroine no Sodatekata | Log Horizon 2nd Season | Ore ga Ojousama Gakkou ni ""Shomin Sample"" Toshite Gets♥Sareta Ken | Danganronpa 3: The End of Kibougamine Gakuen - Zetsubou-hen | Toaru Kagaku no Railgun | No Game No Life Specials | Koutetsujou no Kabaneri Movie 3: Unato Kessen | Yowamushi Pedal: Grande Road | Hai to Gensou no Grimgar: Furoagari no Kabe ni Kaketa Seishun - One More Centimeter | Persona 3 the Movie 2: Midsummer Knight's Dream | Phi Brain: Kami no Puzzle - Orpheus Order-hen | Aoi Bungaku Series",both_hit
7807722,25777,21|240|587|1210|1535|2924|2926|3002|4224|4535|4722|5680|6547|7661|9253|9989|11061|11111|12175|12355,65,Casual,1,3,2,1,18,1,1,1,1,level_tuned_product_hybrid,25777|934|17265|34542|121|49596|1887|1571|39783|6637|66|18465,101,Shingeki no Kyojin Season 2,One Piece | Genshiken | Hanbun no Tsuki ga Noboru Sora | NHK ni Youkoso! | Death Note | ef: A Tale of Memories. | Myself; Yourself | Gyakkyou Burai Kaiji: Ultimate Survivor,Shingeki no Kyojin Season 2 | Higurashi no Naku Koro ni | Log Horizon | Inuyashiki | Fullmetal Alchemist | Blue Lock | Lucky☆Star | Ghost Hunt | 5-toubun no Hanayome ∬ | Higashi no Eden Movie II: Paradise Lost | Azumanga Daiou The Animation | Genshiken Nidaime,both_hit
8262755,530,20|30|1535|5114|5231|10495|11061|16498|23273|32281|35120|36649|37450|38000|38524|39533|39534|39790|40456|40748,25,Beginner,10,1,12,49,29,7,5,8,8,level_tuned_product_hybrid,44074|20047|6171|6|50330|51614|528|530|1852|48702|34279|60151,101,Bishoujo Senshi Sailor Moon,Naruto | Shinseiki Evangelion | Death Note | Fullmetal Alchemist: Brotherhood | Inazuma Eleven | Yuru Yuri | Hunter x Hunter (2011) | Shingeki no Kyojin,Shiguang Dailiren | Sakura Trick | Saint Seiya: The Lost Canvas - Meiou Shinwa | Trigun | Bungou Stray Dogs 4th Season | Ao no Orchestra | Pokemon Movie 01: Mewtwo no Gyakushuu | Bishoujo Senshi Sailor Moon | Hidamari Sketch | Dance Dance Danseur | Grancrest Senki | Eris no Seihai,both_hit
8440083,33206,1|19|20|30|32|33|121|185|223|269|527|813|1735|3588|5680|7791|9253|11887|12189|13601,140,Casual,1,8,2,40,3,1,1,1,1,level_tuned_product_hybrid,33206|392|66|50854|41380|25681|38410|885|54898|8675|58811|61128,101,Kobayashi-san Chi no Maid Dragon,"Cowboy Bebop | Monster | Naruto | Shinseiki Evangelion | Shinseiki Evangelion Movie: Air/Magokoro wo, Kimi ni | Kenpuu Denki Berserk | Fullmetal Alchemist | Initial D First Stage","Kobayashi-san Chi no Maid Dragon | Yuu☆Yuu☆Hakusho | Azumanga Daiou The Animation | Benriya Saitou-san, Isekai ni Iku | 100-man no Inochi no Ue ni Ore wa Tatteiru | Kamisama Hajimemashita◎ | Cike Wu Liuqi Fanwai | Tenshi no Tamago | Bungou Stray Dogs 5th Season | Seitokai Yakuindomo | Tougen Anki | Yuusha Party wo Oidasareta Kiyoubinbou",both_hit
8464759,10162,1|16|19|21|26|30|32|43|66|72|73|121|145|153|160|199|227|232|237|240,201,Fan,6,41,1,55,3,1,1,1,1,level_tuned_product_hybrid,10162|42938|2904|32681|1974|345|18229|9760|37497|31973|41457|1091,101,Usagi Drop,"Cowboy Bebop | Hachimitsu to Clover | Monster | One Piece | Texhnolyze | Shinseiki Evangelion | Shinseiki Evangelion Movie: Air/Magokoro wo, Kimi ni | Koukaku Kidoutai",Usagi Drop | Fruits Basket: The Final | Code Geass: Hangyaku no Lelouch R2 | Uchuu Patrol Luluco | Glass no Kamen (2005) | Eikoku Koi Monogatari Emma | Gatchaman Crowds | Hoshi wo Ou Kodomo | Irozuku Sekai no Ashita kara | Kidou Senshi Gundam Thunderbolt | 86 | Kidou Senshi Gundam II: Ai Senshi-hen,both_hit
8476251,36726,1|30|47|53|66|121|136|164|199|223|227|245|356|508|523|528|552|585|634|777,259,Fan,7,11,8,23,20,6,6,5,5,level_tuned_product_hybrid,7311|10396|10119|5341|36726|71|9213|38474|50203|45613|5671|900,101,Yuragi-sou no Yuuna-san,Cowboy Bebop | Shinseiki Evangelion | Akira | Ai Yori Aoshi | Azumanga Daiou The Animation | Fullmetal Alchemist | Hunter x Hunter | Mononoke Hime,Suzumiya Haruhi no Shoushitsu | Ben-To | Seitokai Yakuindomo OVA | Ookami to Koushinryou II | Yuragi-sou no Yuuna-san | Full Metal Panic! | Kowarekake no Orgel | Yuru Camp△ Season 2 | Love Live! Superstar!! 2nd Season | Kawaii dake ja Nai Shikimori-san | Saki | Dragon Ball Z Movie 07: Kyokugen Battle!! Sandai Super Saiyajin,both_hit
8533134,51535,226|9253|11061|12531|16498|20507|32828|40834|42897|43608|43735|44059|45425|47778|48553|48736|49114|49519|49721|49782,22,Beginner,1,5,101,1,50,1,1,3,3,level_tuned_product_hybrid,10793|934|51535|44203|42963|40496|10029|31405|38475|23673|46587|41345,101,Shingeki no Kyojin: The Final Season - Kanketsu-hen,Elfen Lied | Steins;Gate | Hunter x Hunter (2011) | Sakamichi no Apollon | Shingeki no Kyojin | Noragami | Amaama to Inazuma | Ousama Ranking,"Guilty Crown | Higurashi no Naku Koro ni | Shingeki no Kyojin: The Final Season - Kanketsu-hen | Seirei Gensouki | Kanojo, Okarishimasu 2nd Season | Maou Gakuin no Futekigousha: Shijou Saikyou no Maou no Shiso, Tensei shite Shison-tachi no Gakkou e Kayou | Coquelicot-zaka kara | Joker Game | Yuru Camp△ Movie | Ookami Shoujo to Kuro Ouji | Tenchi Souzou Design-bu: Idea 13 | Noblesse",both_hit
8625381,28677,1195|1840|2167|3712|4181|9379|9989|10620|10638|10719|11319|11887|12175|12189|13759|14669|14813|15809|16001|16762,147,Casual,2,8,1,1,1,1,1,1,1,level_tuned_product_hybrid,28677|51705|40489|49778|53033|23421|36458|37972|39235|37515|31143|32214,101,Yamada-kun to 7-nin no Majo,Zero no Tsukaima | Zero no Tsukaima: Futatsuki no Kishi | Clannad | Zero no Tsukaima: Princesses no Rondo | Clannad: After Story | Denpa Onna to Seishun Otoko | Ano Hi Mita Hana no Namae wo Bokutachi wa Mada Shiranai. | Mirai Nikki (TV),Yamada-kun to 7-nin no Majo | Otonari ni Ginga | Sword Art Online: Alicization - War of Underworld Reflection | Kijin Gentoushou | Mecha-ude (TV) | Re:␣Hamatora | Soukou Musume Senki | Hoshiai no Sora | Ni no Kuni | Made in Abyss Movie 2: Hourou Suru Tasogare | Onsen Yousei Hakone-chan | Koukaku no Pandora,both_hit
8831756,37510,19|20|26|30|32|47|72|121|136|164|205|223|227|268|329|339|387|392|437|777,181,Fan,1,2,1,12,9,1,1,1,1,level_tuned_product_hybrid,37510|41467|35330|37989|55830|10162|10216|7044|12445|37210|55823|59711,101,Mob Psycho 100 II,"Monster | Naruto | Texhnolyze | Shinseiki Evangelion | Shinseiki Evangelion Movie: Air/Magokoro wo, Kimi ni | Akira | Full Metal Panic? Fumoffu | Fullmetal Alchemist","Mob Psycho 100 II | Bleach: Sennen Kessen-hen | Poputepipikku | Golden Kamuy 2nd Season | Fate/strange Fake | Usagi Drop | Yondemasu yo, Azazel-san. (TV) | Zan Sayonara Zetsubou Sensei Bangaichi | Tasogare Otome x Amnesia | Isekai Maou to Shoukan Shoujo no Dorei Majutsu | Natsume Yuujinchou Shichi | Shibou Yuugi de Meshi wo Kuu.",both_hit
9022010,10408,1|392|853|4224|7054|9756|16592|16664|21995|28171|28223|28851|32281|32282|33352|34599|37987|38000|40730|40748,26,Beginner,1,8,1,30,3,1,1,1,1,level_tuned_product_hybrid,10408|5|1943|15227|31245|4192|449|56063|51716|15059|62405|55844,101,Hotarubi no Mori e,Cowboy Bebop | Yuu☆Yuu☆Hakusho | Ouran Koukou Host Club | Toradora! | Kaichou wa Maid-sama! | Mahou Shoujo Madoka★Magica | Danganronpa: Kibou no Gakuen to Zetsubou no Koukousei The Animation | Kaguya-hime no Monogatari,Hotarubi no Mori e | Cowboy Bebop: Tengoku no Tobira | Paprika | Kono Sekai no Katasumi ni | Zutto Mae kara Suki deshita. Kokuhaku Jikkou Iinkai | Hayate no Gotoku!! | InuYasha Movie 4: Guren no Houraijima | NieR:Automata Ver1.1a Part 2 | Bishoujo Senshi Sailor Moon Cosmos Movie | Initial D Fifth Stage | Fujimoto Tatsuki 17-26 | Tasogare Out Focus,both_hit
9066311,586,1575|2904|5114|7054|8425|9253|9919|10087|10161|10863|11577|11741|14289|16498|16592|21105|21995|22199|23283|23755,29,Beginner,25,15,101,11,54,94,18,25,25,level_tuned_product_hybrid,48569|23281|21843|34542|39468|30458|50425|11021|3656|32086|4177|58861,101,Ayakashi: Japanese Classic Horror,Code Geass: Hangyaku no Lelouch | Code Geass: Hangyaku no Lelouch R2 | Fullmetal Alchemist: Brotherhood | Kaichou wa Maid-sama! | Gosick | Steins;Gate | Ao no Exorcist | Fate/Zero,"86 Part 2 | Psycho-Pass 2 | Shingeki no Bahamut: Genesis | Inuyashiki | Honzuki no Gekokujou: Shisho ni Naru Tame ni wa Shudan wo Erandeiraremasen | Tokyo Ghoul: ""Jack"" | Fuufu Ijou, Koibito Miman. | Muv-Luv Alternative: Total Eclipse | Monochrome Factor | Blame! Movie | Bounen no Xamdou | Hanazakari no Kimitachi e",both_miss
9085745,9919,1|5|6|15|18|19|30|32|33|43|45|47|48|57|120|136|145|164|170|185,451,Fan,1,12,2,4,77,2,2,2,2,level_tuned_product_hybrid,934|9919|5530|38481|16353|1453|123|4884|1313|33983|33190|50608,101,Ao no Exorcist,"Cowboy Bebop | Cowboy Bebop: Tengoku no Tobira | Trigun | Eyeshield 21 | Initial D Fourth Stage | Monster | Shinseiki Evangelion | Shinseiki Evangelion Movie: Air/Magokoro wo, Kimi ni",Higurashi no Naku Koro ni | Ao no Exorcist | Pandora Hearts | Toaru Kagaku no Railgun T | Love Lab | Maison Ikkoku | Fushigi Yuugi | Tales of the Abyss | Digimon Adventure 02 | Onihei | Planetarian: Hoshi no Hito | Tokyo Revengers: Seiya Kessen-hen,both_hit
9131996,35760,18|30|32|185|186|187|889|1519|2001|2759|3784|3785|5114|8795|9253|11577|14349|15059|16498|18679,73,Casual,1,1,1,1,2,1,1,1,1,level_tuned_product_hybrid,35760|60371|12413|31|36884|160|44276|38080|40211|37988|37150|1454,101,Shingeki no Kyojin Season 3,"Initial D Fourth Stage | Shinseiki Evangelion | Shinseiki Evangelion Movie: Air/Magokoro wo, Kimi ni | Initial D First Stage | Initial D Second Stage | Initial D Third Stage | Black Lagoon | Black Lagoon: The Second Barrage","Shingeki no Kyojin Season 3 | Seihantai na Kimi to Boku | Jormungand | Shinseiki Evangelion Movie: Shi to Shinsei | Hisone to Maso-tan | Ima, Soko ni Iru Boku | Kyuukyoku Shinka shita Full Dive RPG ga Genjitsu yori mo Kusoge Dattara | Kono Oto Tomare! | Luo Xiaohei Zhanji (Movie) | Uchuu Senkan Tiramisù II | Douluo Dalu | Kemonozume",both_hit
9177565,25241,20|21|136|137|138|139|199|431|442|459|460|461|462|463|464|465|466|523|578|594,738,Veteran,26,58,13,4,2,8,11,9,4,level_tuned_product_hybrid,49891|41623|8795|25241|20787|58592|21603|31|51213|12729|49939|30709,101,AkaKill! Gekijou,Naruto | One Piece | Hunter x Hunter | Hunter x Hunter: Original Video Animation | Hunter x Hunter: Greed Island | Hunter x Hunter: Greed Island Final | Sen to Chihiro no Kamikakushi | Howl no Ugoku Shiro,Tensei shitara Ken deshita | Isekai Maou to Shoukan Shoujo no Dorei Majutsu Ω | Panty & Stocking with Garterbelt | AkaKill! Gekijou | Black Bullet | Tensei shitara Slime Datta Ken 3rd Season: Kanwa - Diablo Nikki | Mekakucity Actors | Shinseiki Evangelion Movie: Shi to Shinsei | Kinsou no Vermeil: Gakeppuchi Majutsushi wa Saikyou no Yakusai to Mahou Sekai wo Tsukisusumu | High School DxD OVA | Petit Seka | Kamisama Hajimemashita: Kako-hen,hybrid_win
9259128,32380,5081|9260|10719|11617|11757|12729|13357|15451|15583|15809|16011|17641|17895|18277|19163|20507|20767|21647|21881|22199,153,Fan,2,6,3,5,5,1,1,2,2,level_tuned_product_hybrid,18153|32380|31553|53447|40542|37828|40102|1363|32526|52826|45753|38909,101,Kono Subarashii Sekai ni Shukufuku wo!: Kono Subarashii Choker ni Shukufuku wo!,Bakemonogatari | Kizumonogatari I: Tekketsu-hen | Boku wa Tomodachi ga Sukunai | High School DxD | Sword Art Online | High School DxD OVA | High School DxD Specials | High School DxD New,Kyoukai no Kanata | Kono Subarashii Sekai ni Shukufuku wo!: Kono Subarashii Choker ni Shukufuku wo! | Charlotte: Tsuyoimono-tachi | Tu Bian Yingxiong X | Saiki Kusuo no Ψ-nan: Ψ-shidou-hen | Bokura no Nanokakan Sensou | Tsuujou Kougeki ga Zentai Kougeki de Ni-kai Kougeki no Okaasan wa Suki desu ka? Namiuchigiwa no Okaasan wa Suki desu ka? | Meitantei Conan Movie 04: Hitomi no Naka no Ansatsusha | Love Live! Sunshine!! | Tsurune: Tsunagari no Issha | Tensei shitara Slime Datta Ken: Kanwa - Hinata Sakaguchi | Infinite Dendrogram,both_hit
9267327,667,934|1569|1575|2904|5030|6747|8086|9041|9988|10578|18247|18679|19315|21603,14,Beginner,44,8,4,3,3,17,11,7,7,level_tuned_product_hybrid,226|11751|440|39565|15051|48417|667|16067|15437|11491|53580|878,101,Kashimashi: Girl Meets Girl,Higurashi no Naku Koro ni | Otome wa Boku ni Koishiteru | Code Geass: Hangyaku no Lelouch | Code Geass: Hangyaku no Lelouch R2 | Maria†Holic | Dance in the Vampire Bund | Densetsu no Yuusha no Densetsu | IS: Infinite Stratos,"Elfen Lied | Senki Zesshou Symphogear | Shoujo Kakumei Utena | Boku no Hero Academia the Movie 2: Heroes:Rising | Love Live! School Idol Project | Maou Gakuin no Futekigousha II: Shijou Saikyou no Maou no Shiso, Tensei shite Shison-tachi no Gakkou e Kayou | Kashimashi: Girl Meets Girl | Nagi no Asu kara | Kore wa Zombie desu ka? of the Dead: Hai, Minotake ni Attemasu | Recorder to Randoseru Do♪ | Tensei shitara Slime Datta Ken 3rd Season | Zegapain",hybrid_win
9345963,57658,1|5|20|21|33|199|205|263|264|265|416|431|437|512|513|523|578|585|597|889,194,Fan,2,3,1,7,1,1,1,1,1,level_tuned_product_hybrid,57658|35839|16|150|54463|5781|30711|53439|50183|34784|9366|21843,101,Jujutsu Kaisen: Shimetsu Kaiyuu - Zenpen,Cowboy Bebop | Cowboy Bebop: Tengoku no Tobira | Naruto | One Piece | Kenpuu Denki Berserk | Sen to Chihiro no Kamikakushi | Samurai Champloo | Hajime no Ippo,Jujutsu Kaisen: Shimetsu Kaiyuu - Zenpen | Sora yori mo Tooi Basho | Hachimitsu to Clover | Blood+ | Vinland Saga Season 2: Drowning in the Shadow | Isekai no Seikishi Monogatari | Code Geass: Boukoku no Akito 5 - Itoshiki Mono-tachi e | Boushoku no Berserk | Blue Giant | Kuroko no Basket: Oshaberi Shiyou ka | Kaichou wa Maid-sama!: Omake da yo! | Shingeki no Bahamut: Genesis,both_hit
9499142,40748,19|30|32|66|199|437|512|578|813|849|1195|1535|2476|3588|4224|4382|5114|7311|8425|8525,144,Casual,1,3,1,1,30,1,1,1,1,level_tuned_product_hybrid,40748|38186|28907|59791|62164|906|31716|34176|57892|19291|3420|3467,101,Jujutsu Kaisen,"Monster | Shinseiki Evangelion | Shinseiki Evangelion Movie: Air/Magokoro wo, Kimi ni | Azumanga Daiou The Animation | Sen to Chihiro no Kamikakushi | Perfect Blue | Majo no Takkyuubin | Hotaru no Haka","Jujutsu Kaisen | Bokutachi wa Benkyou ga Dekinai | Gate: Jieitai Kanochi nite, Kaku Tatakaeri | Ruri no Houseki | Akane-banashi | Dragon Ball Z Movie 13: Ryuuken Bakuhatsu!! Gokuu ga Yaraneba Dare ga Yaru | Rewrite | Zero kara Hajimeru Mahou no Sho | Hazurewaku no ""Joutai Ijou Skill"" de Saikyou ni Natta Ore ga Subete wo Juurin suru made | Pokemon XY | Shigofumi | Nogizaka Haruka no Himitsu",both_hit
9558672,20509,918|5081|6171|6702|9260|9756|9969|10087|11597|11741|11757|11977|11979|11981|14075|14467|14513|15417|15689|16498,111,Casual,15,5,4,5,1,2,1,2,3,level_tuned_product_hybrid,32366|6746|20509|51105|523|55318|4872|10681|12477|21879|48471|1257,101,Fate/kaleid liner Prisma☆Illya 2wei!,Gintama | Bakemonogatari | Saint Seiya: The Lost Canvas - Meiou Shinwa | Fairy Tail | Kizumonogatari I: Tekketsu-hen | Mahou Shoujo Madoka★Magica | Gintama' | Fate/Zero,Gintama°: Aizome Kaori-hen | Durarara!! | Fate/kaleid liner Prisma☆Illya 2wei! | NieR:Automata Ver1.1a | Tonari no Totoro | Medalist | Goku Sayonara Zetsubou Sensei | Blood-C: The Last Dark | Sakasama no Patema | Sword Art Online: Sword Art Offline - Extra Edition | Tsuki to Laika to Nosferatu | Saint Seiya: Meiou Hades Juuni Kyuu-hen,hybrid_win
9566241,9260,19|30|31|32|43|47|57|66|121|164|189|199|205|226|227|232|268|269|322|339,159,Fan,3,3,22,2,41,1,2,3,3,level_tuned_product_hybrid,28677|71|9260|32951|5251|20021|36124|603|8726|193|10568|348,101,Kizumonogatari I: Tekketsu-hen,"Monster | Shinseiki Evangelion | Shinseiki Evangelion Movie: Shi to Shinsei | Shinseiki Evangelion Movie: Air/Magokoro wo, Kimi ni | Koukaku Kidoutai | Akira | Beck | Azumanga Daiou The Animation",Yamada-kun to 7-nin no Majo | Full Metal Panic! | Kizumonogatari I: Tekketsu-hen | Rokudenashi Majutsu Koushi to Akashic Records | Angel Densetsu | Sword Art Online: Extra Edition | Itou Junji: Collection | Futari wa Precure | Soredemo Machi wa Mawatteiru | Maburaho | Kamisama no Memochou | Binzume Yousei,both_hit
9609770,6467,20|21|44|64|121|136|853|861|918|1363|1506|1887|2034|3470|3588|4081|4155|4224|4722|4898,156,Fan,38,60,31,40,31,23,38,29,26,level_tuned_product_hybrid,14741|23283|28677|18897|43692|43439|9366|24151|223|138|5262|59459,101,Meitantei Conan Movie 14: Tenkuu no Lost Ship,Naruto | One Piece | Rurouni Kenshin: Meiji Kenkaku Romantan - Tsuioku-hen | Rozen Maiden | Fullmetal Alchemist | Hunter x Hunter | Ouran Koukou Host Club | xxxHOLiC,Chuunibyou demo Koi ga Shitai! | Zankyou no Terror | Yamada-kun to 7-nin no Majo | Nisekoi | Gokushufudou | Shadows House | Kaichou wa Maid-sama!: Omake da yo! | Ao Haru Ride OVA | Dragon Ball | Hunter x Hunter: Greed Island | Shugo Chara!! Doki | Silent Witch: Chinmoku no Majo no Kakushigoto,both_miss
9889620,53050,2167|4181|9253|10863|11757|20021|20583|21881|25303|27891|28121|28677|28891|29755|29786|29803|30364|30831|30885|31414,216,Fan,7,6,5,3,1,2,2,3,3,level_tuned_product_hybrid,48548|50613|53050|50738|58271|40436|38924|39570|58572|37920|38940|36023,101,"Kanojo, Okarishimasu 3rd Season",Clannad | Clannad: After Story | Steins;Gate | Steins;Gate: Oukoubakko no Poriomania | Sword Art Online | Sword Art Online: Extra Edition | Haikyuu!! | Sword Art Online II,"5-toubun no Hanayome Movie | Rurouni Kenshin: Meiji Kenkaku Romantan (2023) | Kanojo, Okarishimasu 3rd Season | Slime Taoshite 300-nen, Shiranai Uchi ni Level Max ni Nattemashita: Sono Ni | Honey Lemon Soda | Peter Grill to Kenja no Jikan | Nekopara | High Score Girl II | Shangri-La Frontier: Kusoge Hunter, Kamige ni Idoman to su 2nd Season | Ueno-san wa Bukiyou | Cop Craft | Persona 5 the Animation",both_hit
9893123,31173,235|1506|28851|30123|31478|32729|40730|40748|51552|52034|53126|54842|54856,13,Beginner,7,4,1,1,1,1,1,1,1,level_tuned_product_hybrid,31173|40615|30346|53540|37520|35222|53888|38889|51916|28249|41103|31456,101,Akagami no Shirayuki-hime 2nd Season,Meitantei Conan | Meitantei Conan Movie 10: Tantei-tachi no Requiem | Koe no Katachi | Akagami no Shirayuki-hime | Bungou Stray Dogs | Orange | Tian Guan Cifu | Jujutsu Kaisen,Akagami no Shirayuki-hime 2nd Season | Umibe no Étranger | Doukyuusei | Meitantei Conan Movie 26: Kurogane no Submarine | Dororo | Gakuen Babysitters | Spy x Family Movie: Code: White | Kono Oto Tomare! Part 2 | Dekiru Neko wa Kyou mo Yuuutsu | Arslan Senki (TV) | Koi to Yobu ni wa Kimochi Warui | Code:Realize - Sousei no Himegimi,both_hit
9937965,49114,6|20|33|47|777|813|1535|1575|1735|2001|2904|3576|3588|4224|5081|5114|9253|9260|10863|11061,176,Fan,2,6,4,2,53,2,2,3,2,level_tuned_product_hybrid,48453|49114|39597|967|39681|4896|58600|55749|6377|59484|21339|21085,101,Vanitas no Karte Part 2,Trigun | Naruto | Kenpuu Denki Berserk | Akira | Hellsing Ultimate | Dragon Ball Z | Death Note | Code Geass: Hangyaku no Lelouch,Super Crooks | Vanitas no Karte Part 2 | Sword Art Online: Alicization - War of Underworld | Hokuto no Ken | D4DJ First Mix | Umineko no Naku Koro ni | Ameku Takao no Suiri Karte | Megami no Café Terrace 2nd Season | Zan Sayonara Zetsubou Sensei | Kikaijikake no Marie | Psycho-Pass Movie 1 | Witch Craft Works,both_hit
10012375,28171,3588|11111|20583|24833|28891|30654|31964|32189|32281|32282|32681|32935|33028|34103|34933,15,Beginner,1,14,1,4,3,1,1,1,1,level_tuned_product_hybrid,28171|33513|10490|36896|8460|40221|20031|34284|36873|190|60055|25161,101,Shokugeki no Souma,Soul Eater | Another | Haikyuu!! | Ansatsu Kyoushitsu | Haikyuu!! Second Season | Ansatsu Kyoushitsu 2nd Season | Boku no Hero Academia | Danganronpa 3: The End of Kibougamine Gakuen - Mirai-hen,Shokugeki no Souma | Ansatsu Kyoushitsu: 365-nichi no Jikan | Blood-C | Boku no Hero Academia the Movie 1: Futari no Hero | Mirai Nikki | Kami no Tou | D-Frag! | Yuuki Yuuna wa Yuusha de Aru: Washio Sumi no Shou | Back Street Girls: Gokudolls | Love Hina Again | Yozakura-san Chi no Daisakusen 2nd Season | One Piece 3D2Y: Ace no Shi wo Koete! Luffy Nakama to no Chikai,both_hit
10202690,37086,20|154|199|356|442|759|1535|1689|1723|1735|2167|2994|4181|5114|6922|10087|10620|11741|12355|13667,138,Casual,5,5,3,2,4,1,1,2,1,level_tuned_product_hybrid,37086|22199|33674|14353|52168|16001|38691|21797|25099|58484|30503|5365,101,Kakegurui××,Naruto | Shaman King | Sen to Chihiro no Kamikakushi | Fate/stay night | Naruto Movie 1: Dai Katsugeki!! Yuki Hime Ninpouchou Dattebayo! | Tokyo Godfathers | Death Note | Byousoku 5 Centimeter,"Kakegurui×× | Akame ga Kill! | No Game No Life: Zero | Death Billiards | Kidou Senshi Gundam: Suisei no Majo - Prologue | Kokoro Connect: Michi Random | Dr. Stone | Chuunibyou demo Koi ga Shitai! Ren Lite | Ore ga Ojousama Gakkou ni ""Shomin Sample"" Toshite Gets♥Sareta Ken | Ishura 2nd Season | Noragami Aragoto | Tsumiki no Ie",both_hit
10433251,28701,6|21|10012|10087|10408|10793|11741|14719|14829|20509|20785|21511|22297|26055|27525|30749|31706|31765|31933|32182,44,Beginner,2,3,2,1,1,1,1,1,1,level_tuned_product_hybrid,28701|3588|44511|48997|154|4186|145|666|39575|39565|11235|52199,101,Fate/stay night: Unlimited Blade Works 2nd Season,Trigun | One Piece | Carnival Phantasm | Fate/Zero | Hotarubi no Mori e | Guilty Crown | Fate/Zero 2nd Season | JoJo no Kimyou na Bouken (TV),Fate/stay night: Unlimited Blade Works 2nd Season | Soul Eater | Chainsaw Man | Fantasy Bishoujo Juniku Ojisan to | Shaman King | Koukaku no Regios | Kareshi Kanojo no Jijou | JoJo no Kimyou na Bouken | Somali to Mori no Kamisama | Boku no Hero Academia the Movie 2: Heroes:Rising | Amagami SS+ Plus | One Piece: Dai Tettei Kaibou! Kouzuki Oden Densetsu!,both_hit
10474666,40591,1|19|44|45|199|232|329|401|431|486|849|1379|1535|1575|1689|2001|2025|2175|2251|2418,271,Fan,1,3,1,18,19,1,1,1,1,level_tuned_product_hybrid,40591|27833|22147|14833|19363|34134|31637|56009|48583|24405|33433|49828,101,Kaguya-sama wa Kokurasetai? Tensai-tachi no Renai Zunousen,Cowboy Bebop | Monster | Rurouni Kenshin: Meiji Kenkaku Romantan - Tsuioku-hen | Rurouni Kenshin: Meiji Kenkaku Romantan | Sen to Chihiro no Kamikakushi | Cardcaptor Sakura | Planetes | Rurouni Kenshin: Meiji Kenkaku Romantan - Seisou-hen,"Kaguya-sama wa Kokurasetai? Tensai-tachi no Renai Zunousen | Durarara!!x2 Ketsu | Amagi Brilliant Park | Maoyuu Maou Yuusha | Gin no Saji 2nd Season | One Punch Man 2nd Season | Gate: Jieitai Kanochi nite, Kaku Tatakaeri Part 2 | Yuusha-kei ni Shosu: Choubatsu Yuusha 9004-tai Keimu Kiroku | Shingeki no Kyojin: The Final Season Part 2 | World Trigger | Shuumatsu no Izetta | Kidou Senshi Gundam: Suisei no Majo",both_hit
10694075,43439,20|30|32|164|199|226|269|323|431|512|523|813|1535|1575|2001|2759|2890|2904|3588|3784,531,Veteran,4,5,1,9,4,1,1,1,1,level_tuned_product_hybrid,43439|53410|11771|40685|37579|40879|42587|56690|50421|60316|32828|62068,101,Shadows House,"Naruto | Shinseiki Evangelion | Shinseiki Evangelion Movie: Air/Magokoro wo, Kimi ni | Mononoke Hime | Sen to Chihiro no Kamikakushi | Elfen Lied | Bleach | Mousou Dairinin",Shadows House | Yuru Camp△ Season 3 | Kuroko no Basket | Super Cub | Tonari no Kyuuketsuki-san | Love Live! Nijigasaki Gakuen School Idol Doukoukai | Yuuki Yuuna wa Yuusha de Aru: Dai Mankai no Shou | Re:Monster | Shi Cao Lao Long Bei Guan Yi E Long Zhi Ming | Busamen Gachi Fighter | Amaama to Inazuma | Snowball Earth,both_hit
10764260,54856,18|20|21|47|185|186|187|195|245|443|470|821|822|1735|2025|2167|2966|3455|3456|4059,343,Fan,4,14,5,5,2,1,1,1,1,level_tuned_product_hybrid,54856|43007|8525|34934|39988|49834|877|16|18277|10067|4999|35960,101,Horimiya: Piece,Initial D Fourth Stage | Naruto | One Piece | Akira | Initial D First Stage | Initial D Second Stage | Initial D Third Stage | Onegai☆Teacher,Horimiya: Piece | Osananajimi ga Zettai ni Makenai Love Comedy | Kami nomi zo Shiru Sekai | Koi to Uso | Isekai Quartet 2 | Boku ga Aishita Subete no Kimi e | Nana | Hachimitsu to Clover | Strike the Blood | Angel Beats! Another Epilogue | Asu no Yoichi! | Kud Wafter,both_hit
10794146,36286,482|849|853|1894|2167|2236|2593|2890|2966|3782|3783|3972|4059|4081|4181|4224|4280|4282|4382|5204,585,Veteran,3,6,17,4,24,2,2,2,2,level_tuned_product_hybrid,45055|36286|53237|40842|49160|57635|39753|51458|56662|32607|60009|51218,101,Re:Zero kara Hajimeru Isekai Seikatsu - Memory Snow,Yu☆Gi☆Oh! Duel Monsters GX | Suzumiya Haruhi no Yuuutsu | Ouran Koukou Host Club | Yu☆Gi☆Oh! Hikari no Pyramid | Clannad | Toki wo Kakeru Shoujo | Kara no Kyoukai Movie 1: Fukan Fuukei | Gake no Ue no Ponyo,"Taishou Otome Otogibanashi | Re:Zero kara Hajimeru Isekai Seikatsu - Memory Snow | Shy | Idoly Pride | Shachiku-san wa Youjo Yuurei ni Iyasaretai. | Kamonohashi Ron no Kindan Suiri 2nd Season | Omoi, Omoware, Furi, Furare | Lv1 Maou to One Room Yuusha | Trillion Game | Gi(a)rlish Number | Chuuzenji-sensei Mononoke Kougiroku: Sensei ga Nazo wo Hodoite Shimau kara. | BanG Dream! 5th Anniversary Animation: CiRCLE Thanks Party!",both_hit
10813514,1575,121|164|227|356|457|1689|2001|3588|4654|6213|6547|6746|8525|8937|9062|9756|9919|10080|10087|11061,129,Casual,1,1,1,12,76,101,12,5,11,level_tuned_product_hybrid,41619|1840|39292|25879|32105|6007|21561|7059|202|11889|1575|42307,101,Code Geass: Hangyaku no Lelouch,Fullmetal Alchemist | Mononoke Hime | FLCL | Fate/stay night | Mushishi | Byousoku 5 Centimeter | Tengen Toppa Gurren Lagann | Soul Eater,Munou na Nana | Zero no Tsukaima: Futatsuki no Kishi | Princess Connect! Re:Dive | Working!!! | Sousei no Onmyouji | Ookami to Koushinryou II: Ookami to Kohakuiro no Yuuutsu | Ryuugajou Nanana no Maizoukin | Black★Rock Shooter (OVA) | Wolf's Rain | The iDOLM@STER: 765 Pro to Iu Monogatari | Code Geass: Hangyaku no Lelouch | Subarashiki Kono Sekai The Animation,both_hit
10837677,55644,1|20|21|269|431|527|813|1535|1575|1735|2904|2966|4898|5081|5114|5341|6033|6045|8246|9260,249,Fan,4,8,5,3,7,1,1,2,2,level_tuned_product_hybrid,58939|55644|40540|31646|40530|42940|48675|32542|31490|58883|38409|1562,101,Dr. Stone: New World Part 2,Cowboy Bebop | Naruto | One Piece | Bleach | Howl no Ugoku Shiro | Pokemon | Dragon Ball Z | Death Note,Sakamoto Days | Dr. Stone: New World Part 2 | Sword Art Online: Alicization - War of Underworld 2nd Season | 3-gatsu no Lion | Jaku-Chara Tomozaki-kun | Hanma Baki: Son of Ogre | Kakkou no Iinazuke | Sakamoto desu ga? | One Piece Film: Gold | Dead Dead Demons Dededede Destruction (ONA) | Cike Wu Liuqi | Yamato Nadeshiko Shichihenge♥,both_hit
10932948,1195,20|154|223|225|269|442|527|552|587|813|849|859|874|896|1132|1313|1482|1526|1535|1555,152,Fan,4,3,2,15,6,1,1,1,1,level_tuned_product_hybrid,1195|21|18753|16009|9366|30206|10928|1122|21635|777|12477|17821,101,Zero no Tsukaima,Naruto | Shaman King | Dragon Ball | Dragon Ball GT | Bleach | Naruto Movie 1: Dai Katsugeki!! Yuki Hime Ninpouchou Dattebayo! | Pokemon | Digimon Adventure,Zero no Tsukaima | One Piece | Yahari Ore no Seishun Love Comedy wa Machigatteiru. OVA | Kamisama no Inai Nichiyoubi | Kaichou wa Maid-sama!: Omake da yo! | Amagi Brilliant Park: Nonbirishiteiru Hima ga Nai! | Nogizaka Haruka no Himitsu Finale ♪ | Pokemon Movie 07: Rekkuu no Houmonsha Deoxys | GJ-bu@ | Hellsing Ultimate | Sakasama no Patema | Stella Jogakuin Koutou-ka C³-bu,both_hit
11034657,2904,1|5|6|19|20|30|32|66|121|226|269|834|1535|1575|1686|1735|2593|2889|4106|4224,77,Casual,1,2,1,3,3,1,1,1,1,level_tuned_product_hybrid,2904|15809|54449|16668|51318|19195|1606|4080|10521|42867|33949|8068,101,Code Geass: Hangyaku no Lelouch R2,"Cowboy Bebop | Cowboy Bebop: Tengoku no Tobira | Trigun | Monster | Naruto | Shinseiki Evangelion | Shinseiki Evangelion Movie: Air/Magokoro wo, Kimi ni | Azumanga Daiou The Animation","Code Geass: Hangyaku no Lelouch R2 | Hataraku Maou-sama! | Ishura | Kakumeiki Valvrave | Hanma Baki: Son of Ogre 2nd Season | Koukaku Kidoutai Arise: Ghost in the Shell - Border:4 Ghost Stands Alone | Kekkaishi | Kyou kara Maou! 3rd Series | Working'!! | Kanojo, Okarishimasu Petit | Oshiete! Galko-chan: Natsuyasumi tte Hontou desu ka? | Kuroshitsuji Picture Drama",both_hit
11039802,53613,20|30|45|57|121|132|136|150|153|154|223|225|226|232|245|249|263|264|405|481,340,Fan,4,2,5,6,1,1,1,1,1,level_tuned_product_hybrid,53613|54724|6811|57554|38080|355|59229|53200|19315|859|2246|63817,101,Dead Mount Death Play,Naruto | Shinseiki Evangelion | Rurouni Kenshin: Meiji Kenkaku Romantan | Beck | Fullmetal Alchemist | GetBackers | Hunter x Hunter | Blood+,Dead Mount Death Play | Nige Jouzu no Wakagimi | InuYasha: Kanketsu-hen | Rurouni Kenshin: Meiji Kenkaku Romantan - Kyoto Douran | Kono Oto Tomare! | Shakugan no Shana | Enen no Shouboutai: San no Shou Part 2 | Hataraku Maou-sama!! 2nd Season | Pupa | Digimon Savers | Mononoke | Hell Mode: Yarikomizuki no Gamer wa Hai Settei no Isekai de Musou suru 2nd Season,both_hit
11067856,6746,120|121|150|356|430|527|528|813|853|1117|1281|1482|1535|1575|1709|2025|2904|3588|3655|4752,79,Casual,2,1,1,1,1,1,1,1,1,level_tuned_product_hybrid,6746|30123|12049|17513|42307|39199|690|59369|17409|14267|16385|39535,101,Durarara!!,Fruits Basket | Fullmetal Alchemist | Blood+ | Fate/stay night | Fullmetal Alchemist: The Conqueror of Shamballa | Pokemon | Pokemon Movie 01: Mewtwo no Gyakushuu | Dragon Ball Z,Durarara!! | Akagami no Shirayuki-hime | Fairy Tail Movie 1: Houou no Miko | Diabolik Lovers | Subarashiki Kono Sekai The Animation | Katsute Kami Datta Kemono-tachi e | Kyuuketsuhime Miyu (TV) | Lycoris Recoil: Friends Are Thieves of Time. | Suki tte Ii na yo.: Mei and Marshmallow | Persona 4 the Animation: The Factor of Hope | Dog Days'' | Mushoku Tensei: Isekai Ittara Honki Dasu,both_hit
11159962,263,20|21|223|1735|4224|7674|8074|10030|11061|11771|16498|16894|18179|20507|22535|22789|23755|24277|24415|24833,51,Casual,7,11,1,33,1,1,1,1,1,level_tuned_product_hybrid,263|31646|45|30015|21863|14075|6347|25389|876|36653|21755|2222,101,Hajime no Ippo,Naruto | One Piece | Dragon Ball | Naruto: Shippuuden | Toradora! | Bakuman. | Highschool of the Dead | Bakuman. 2nd Season,"Hajime no Ippo | 3-gatsu no Lion | Rurouni Kenshin: Meiji Kenkaku Romantan | ReLIFE | Mangaka-san to Assistant-san to The Animation | Zetsuen no Tempest | Baka to Test to Shoukanjuu | Dragon Ball Z Movie 15: Fukkatsu no ""F"" | Street Fighter II V | Tsurune: Kazemai Koukou Kyuudou-bu | Shin Tennis no Oujisama vs. Genius 10 | Dr. Slump: Arale-chan",both_hit
11160181,25777,1|30|32|47|164|199|226|323|387|431|437|512|523|578|585|601|759|790|853|875,288,Fan,1,2,4,2,56,1,1,1,1,level_tuned_product_hybrid,25777|31953|4981|20057|34451|256|18229|10568|34284|54900|41456|51535,101,Shingeki no Kyojin Season 2,"Cowboy Bebop | Shinseiki Evangelion | Shinseiki Evangelion Movie: Air/Magokoro wo, Kimi ni | Akira | Mononoke Hime | Sen to Chihiro no Kamikakushi | Elfen Lied | Mousou Dairinin","Shingeki no Kyojin Season 2 | New Game! | Casshern Sins | Space☆Dandy | Kekkai Sensen & Beyond | Hoshi no Koe | Gatchaman Crowds | Kamisama no Memochou | Yuuki Yuuna wa Yuusha de Aru: Washio Sumi no Shou | Wind Breaker | Sentouin, Haken shimasu! | Shingeki no Kyojin: The Final Season - Kanketsu-hen",both_hit
11353573,41353,19|20|21|33|61|72|121|135|136|139|164|193|199|205|223|248|269|284|287|355,747,Veteran,3,17,3,32,50,2,3,3,3,level_tuned_product_hybrid,48895|11759|41353|43692|270|17743|49722|51837|31483|42307|37504|16353,101,The God of High School,Monster | Naruto | One Piece | Kenpuu Denki Berserk | D.N.Angel | Full Metal Panic? Fumoffu | Fullmetal Alchemist | Hikaru no Go,"Overlord IV | Accel World | The God of High School | Gokushufudou | Hellsing | Maoyuu Maou Yuusha: Kono Monogatari wa, Niku dake de wa Nai no ja! | Karakai Jouzu no Takagi-san Movie | Saikin Yatotta Maid ga Ayashii | Akagami no Shirayuki-hime: Nandemonai Takaramono, Kono Page | Subarashiki Kono Sekai The Animation | Mob Psycho Mini | Love Lab",both_hit
11504771,51367,1|5|7|18|20|21|30|31|32|43|49|50|57|64|65|66|71|80|114|121,770,Veteran,3,3,5,1,89,2,2,2,2,level_tuned_product_hybrid,339|51367|532|2418|3667|550|20431|5204|12455|19697|1168|5306,101,JoJo no Kimyou na Bouken Part 6: Stone Ocean Part 2,Cowboy Bebop | Cowboy Bebop: Tengoku no Tobira | Witch Hunter Robin | Initial D Fourth Stage | Naruto | One Piece | Shinseiki Evangelion | Shinseiki Evangelion Movie: Shi to Shinsei,Serial Experiments Lain | JoJo no Kimyou na Bouken Part 6: Stone Ocean Part 2 | Bishoujo Senshi Sailor Moon S | Stranger: Mukou Hadan | Strike Witches | Yu☆Gi☆Oh! | Hoozuki no Reitetsu | Kara no Kyoukai Movie 6: Boukyaku Rokuon | Yuu☆Yuu☆Hakusho: Mu Mu Hakusho - Nightmare Hakusho | Toaru Kagaku no Railgun S: Motto Marutto Railgun | Musekinin Kanchou Tylor OVA | Tales of Symphonia The Animation: Tethe'alla-hen,both_hit
11597299,59421,20|145|164|199|245|431|512|513|585|710|849|853|1535|1575|1698|1735|2034|2167|2904|2966,379,Fan,28,29,1,53,1,3,4,2,2,level_tuned_product_hybrid,50602|59421|43439|35222|21647|102|38778|54790|35240|8676|24031|30307,101,Zutaboro Reijou wa Ane no Moto Konyakusha ni Dekiai sareru,Naruto | Kareshi Kanojo no Jijou | Mononoke Hime | Sen to Chihiro no Kamikakushi | Great Teacher Onizuka | Howl no Ugoku Shiro | Majo no Takkyuubin | Tenkuu no Shiro Laputa,Spy x Family Part 2 | Zutaboro Reijou wa Ane no Moto Konyakusha ni Dekiai sareru | Shadows House | Gakuen Babysitters | Tamako Love Story | Aishiteruze Baby★★ | Midara na Ao-chan wa Benkyou ga Dekinai | Undead Girl Murder Farce | Princess Principal | Amagami SS | Denki-gai no Honya-san | Monster Musume no Iru Nichijou,hybrid_win
11622325,39026,19|30|32|43|57|121|164|199|226|339|431|437|512|513|523|572|578|585|597|759,260,Fan,5,13,8,8,32,8,4,6,5,level_tuned_product_hybrid,37982|52709|61782|11751|39026|31240|39940|32948|14353|10490|40416|2154,101,Dumbbell Nan Kilo Moteru?,"Monster | Shinseiki Evangelion | Shinseiki Evangelion Movie: Air/Magokoro wo, Kimi ni | Koukaku Kidoutai | Beck | Fullmetal Alchemist | Mononoke Hime | Sen to Chihiro no Kamikakushi","Domestic na Kanojo | Danjo no Yuujou wa Seiritsu suru? (Iya, Shinai!!) | Kirei ni Shitemoraemasu ka. | Senki Zesshou Symphogear | Dumbbell Nan Kilo Moteru? | Re:Zero kara Hajimeru Isekai Seikatsu | Shokugeki no Souma: Shin no Sara | Fune wo Amu | Death Billiards | Blood-C | Date A Bullet: Dead or Bullet | Tekkon Kinkreet",both_hit
11655860,14345,60|120|122|226|469|478|521|687|853|1110|1222|1535|1575|2904|2923|2924|2927|2994|3457|3470,195,Fan,4,14,3,31,15,1,2,2,2,level_tuned_product_hybrid,49596|14345|47194|322|10719|431|1699|39491|61|41006|42603|9513,101,Btooom!,Chrno Crusade | Fruits Basket | Full Moon wo Sagashite | Elfen Lied | Karin | Sousei no Aquarion | Mermaid Melody Pichi Pichi Pitch | Tokyo Mew Mew,Blue Lock | Btooom! | Summertime Render | Paradise Kiss | Boku wa Tomodachi ga Sukunai | Howl no Ugoku Shiro | Romeo x Juliet | Psycho-Pass 3 | D.N.Angel | Higurashi no Naku Koro ni Gou | Boku no Hero Academia: Ikinokore! Kesshi no Survival Kunren | Beelzebub,both_hit
11750911,35760,30|81|570|770|777|934|1535|1575|1818|2759|2904|3784|3785|4224|6675|6880|8425|8525|9253|10080,103,Casual,1,2,4,1,7,1,1,2,2,level_tuned_product_hybrid,6547|35760|20507|50273|33988|10588|55528|16866|20853|11021|50587|593,101,Shingeki no Kyojin Season 3,Shinseiki Evangelion | Kidou Senshi Gundam: Dai 08 MS Shoutai | Jin-Rou | Pale Cocoon | Hellsing Ultimate | Higurashi no Naku Koro ni | Death Note | Code Geass: Hangyaku no Lelouch,Angel Beats! | Shingeki no Kyojin Season 3 | Noragami | Tomodachi Game | Demi-chan wa Kataritai | Persona 4 the Animation | Yuuki Bakuhatsu Bang Bravern | Tonari no Kaibutsu-kun: Tonari no Gokudou-kun | Hitsugi no Chaika | Muv-Luv Alternative: Total Eclipse | Gridman Universe | Mugen no Ryvius,both_hit
11807624,4059,20|30|32|66|101|223|227|240|269|356|656|777|813|849|853|889|1519|1530|1535|1575,191,Fan,7,48,11,13,4,3,5,5,3,level_tuned_product_hybrid,11981|38084|4059|1889|226|2924|49220|72|1943|2246|26349|721,101,"Clannad: Mou Hitotsu no Sekai, Tomoyo-hen","Naruto | Shinseiki Evangelion | Shinseiki Evangelion Movie: Air/Magokoro wo, Kimi ni | Azumanga Daiou The Animation | Air | Dragon Ball | FLCL | Genshiken","Mahou Shoujo Madoka★Magica Movie 3: Hangyaku no Monogatari | Fate/Grand Order: Zettai Majuu Sensen Babylonia | Clannad: Mou Hitotsu no Sekai, Tomoyo-hen | Higurashi no Naku Koro ni Kai | Elfen Lied | ef: A Tale of Memories. | Isekai Ojisan | Full Metal Panic? Fumoffu | Paprika | Mononoke | Danna ga Nani wo Itteiru ka Wakaranai Ken | Princess Tutu",both_hit
11822432,31798,7054|9919|13759|21995|23273|23673|28851|32281|33506|37779,10,Beginner,5,2,8,4,4,3,3,3,3,level_tuned_product_hybrid,40787|31245|31798|34933|35860|55071|37517|6324|38573|36817|53026|28771,101,Kiznaiver,Kaichou wa Maid-sama! | Ao no Exorcist | Sakura-sou no Pet na Kanojo | Ao Haru Ride | Shigatsu wa Kimi no Uso | Ookami Shoujo to Kuro Ouji | Koe no Katachi | Kimi no Na wa.,Josee to Tora to Sakana-tachi | Zutto Mae kara Suki deshita. Kokuhaku Jikkou Iinkai | Kiznaiver | Kakegurui | Karakai Jouzu no Takagi-san | Amagami-san Chi no Enmusubi | Happy Sugar Life | Omamori Himari | Tsuujou Kougeki ga Zentai Kougeki de Ni-kai Kougeki no Okaasan wa Suki desu ka? | Sunohara-sou no Kanrinin-san | Synduality: Noir | Yu☆Gi☆Oh! The Dark Side of Dimensions,both_hit
11907517,9756,1|5|20|21|45|121|136|223|232|249|269|270|392|459|460|461|462|463|464|465,105,Casual,1,1,1,20,18,2,2,2,2,level_tuned_product_hybrid,41467|9756|16512|21843|22297|9941|18767|935|38668|36873|953|15201,101,Mahou Shoujo Madoka★Magica,Cowboy Bebop | Cowboy Bebop: Tengoku no Tobira | Naruto | One Piece | Rurouni Kenshin: Meiji Kenkaku Romantan | Fullmetal Alchemist | Hunter x Hunter | Dragon Ball,Bleach: Sennen Kessen-hen | Mahou Shoujo Madoka★Magica | Devil Survivor 2 The Animation | Shingeki no Bahamut: Genesis | Fate/stay night: Unlimited Blade Works | Tiger & Bunny | BlazBlue: Alter Memory | Witchblade | Dorohedoro | Back Street Girls: Gokudolls | Juu Ou Sei | Code Geass: Boukoku no Akito 4 - Nikushimi no Kioku kara,both_hit
11919107,26055,6|20|21|121|138|139|199|1535|1689|2167|4059|6547|9062|9919|10165|10408|11061|14513|14719|16498,109,Casual,1,2,1,8,1,1,1,1,1,level_tuned_product_hybrid,26055|35968|7674|40906|9863|25879|55701|39495|908|33606|31404|17074,101,JoJo no Kimyou na Bouken Part 3: Stardust Crusaders - Egypt-hen,Trigun | Naruto | One Piece | Fullmetal Alchemist | Hunter x Hunter: Greed Island | Hunter x Hunter: Greed Island Final | Sen to Chihiro no Kamikakushi | Death Note,JoJo no Kimyou na Bouken Part 3: Stardust Crusaders - Egypt-hen | Wotaku ni Koi wa Muzukashii | Bakuman. | Dragon Quest: Dai no Daibouken (2020) | SKET Dance | Working!!! | Kimetsu no Yaiba: Hashira Geiko-hen | Totsukuni no Shoujo | Fullmetal Alchemist: Premium Collection | One Piece Film: Gold Episode 0 - 711 ver. | Netoge no Yome wa Onnanoko ja Nai to Omotta? | Monogatari Series: Second Season,both_hit
11931250,21995,16|28|66|134|164|199|205|242|322|392|431|437|457|482|486|790|853|877|1535|1589,41,Beginner,3,19,3,61,67,3,3,3,3,level_tuned_product_hybrid,2025|7193|21995|793|1974|9938|4472|3572|8246|30016|627|43697,101,Ao Haru Ride,Hachimitsu to Clover | Yakitate!! Japan | Azumanga Daiou The Animation | Gunslinger Girl | Mononoke Hime | Sen to Chihiro no Kamikakushi | Samurai Champloo | Gokusen,Darker than Black: Kuro no Keiyakusha | Aoi Bungaku Series | Ao Haru Ride | xxxHOLiC Movie: Manatsu no Yoru no Yume | Glass no Kamen (2005) | Ikoku Meiro no Croisée The Animation | Lucky☆Star: Original na Visual to Animation | Macross F | Naruto: Shippuuden Movie 4 - The Lost Tower | Nanbaka | Major S1 | Yasuke,both_hit
12004567,1810,21|66|76|98|99|109|143|157|158|184|199|205|208|209|212|223|228|229|232|243,165,Fan,41,56,6,34,8,17,21,7,6,level_tuned_product_hybrid,2476|11079|5307|6702|690|1810|30344|46095|41514|91|3299|1023,101,Kyoushirou to Towa no Sora,One Piece | Azumanga Daiou The Animation | Mahou Shoujo Lyrical Nanoha | Mai-HiME | Mai-Otome | Bakuretsu Tenshi | Kannazuki no Miko | Mahou Sensei Negima!,School Days | Kill Me Baby | Sora wo Kakeru Shoujo | Fairy Tail | Kyuuketsuhime Miyu (TV) | Kyoushirou to Towa no Sora | The iDOLM@STER Cinderella Girls 2nd Season | Vivy: Fluorite Eye's Song | Itai no wa Iya nanode Bougyoryoku ni Kyokufuri Shitai to Omoimasu. 2 | Shin Kidou Senki Gundam Wing: Endless Waltz | H2O: Footprints in the Sand | Wolf's Rain OVA,hybrid_win
12075079,35507,1535|11111|20583|21995|32542|33926|34134|35849|37141|37450|38826|38992|40748|40750|40839|41389|42361|43299,18,Beginner,2,4,1,22,1,2,2,1,1,level_tuned_product_hybrid,35507|32935|33899|268|28619|32937|39792|33203|13659|33988|801|27655,101,Youkoso Jitsuryoku Shijou Shugi no Kyoushitsu e,Death Note | Another | Haikyuu!! | Ao Haru Ride | Sakamoto desu ga? | Quanzhi Gaoshou | One Punch Man 2nd Season | Darling in the FranXX,Youkoso Jitsuryoku Shijou Shugi no Kyoushitsu e | Haikyuu!! Karasuno Koukou vs. Shiratorizawa Gakuen Koukou | IDOLiSH7 | Golden Boy | Ranpo Kitan: Game of Laplace | Kono Subarashii Sekai ni Shukufuku wo! 2 | Eizouken ni wa Te wo Dasu na! | Fukumenkei Noise | Ore no Imouto ga Konnani Kawaii Wake ga Nai. | Demi-chan wa Kataritai | Koukaku Kidoutai: Stand Alone Complex 2nd GIG | Aldnoah.Zero Part 2,both_hit
12161160,26055,6|20|223|392|459|460|466|1094|1535|1735|2001|2385|2386|2490|4106|4107|4565|6547|9253|9989,80,Casual,2,1,3,3,1,1,1,1,1,level_tuned_product_hybrid,26055|10087|41025|96|13183|34855|36220|2002|11761|19211|32494|2216,101,JoJo no Kimyou na Bouken Part 3: Stardust Crusaders - Egypt-hen,Trigun | Naruto | Dragon Ball | Yuu☆Yuu☆Hakusho | One Piece Movie 01 | One Piece Movie 02: Nejimaki-jima no Daibouken | One Piece: Taose! Kaizoku Ganzack | One Piece: Umi no Heso no Daibouken-hen,JoJo no Kimyou na Bouken Part 3: Stardust Crusaders - Egypt-hen | Fate/Zero | Fumetsu no Anata e | Kidou Butouden G Gundam | Fate/Zero Remix | Gabriel DropOut Specials | Itsudatte Bokura no Koi wa 10 cm Datta. | Heroic Age | Medaka Box | Suisei no Gargantia Specials | Days | Shigurui,both_hit
12270478,6707,199|853|2966|3613|4224|4551|4898|6726|6895|7054|8915|10073|10408|11757|12967|14227|14467|14713|16009|16035,103,Casual,5,7,2,4,1,1,1,1,1,level_tuned_product_hybrid,6707|31559|54112|38940|46985|64|7083|341|21177|31785|11977|35086,101,Kuroshitsuji II,Sen to Chihiro no Kamikakushi | Ouran Koukou Host Club | Ookami to Koushinryou | Toshokan Sensou | Toradora! | Hakushaku to Yousei | Kuroshitsuji | Hanasakeru Seishounen Recaps,"Kuroshitsuji II | Prince of Stride: Alternative | Zom 100: Zombie ni Naru made ni Shitai 100 no Koto | Cop Craft | Shinka no Mi: Shiranai Uchi ni Kachigumi Jinsei | Rozen Maiden | Hakushaku to Yousei Specials | Spiral: Suiri no Kizuna | Nobunaga the Fool | Hakuouki: Shinkai - Kaze no Shou | Mahou Shoujo Madoka★Magica Movie 1: Hajimari no Monogatari | Donten ni Warau Gaiden: Ketsubetsu, Yamainu no Chikai",both_hit
12331445,37521,20|918|1535|1735|15335|16498|16870|25777|25781|27899|37799|38000|38671|38691|40456|40852|40956|44511|47778|48549,39,Beginner,1,1,1,18,4,1,1,1,1,level_tuned_product_hybrid,37521|52741|11843|52505|34626|52093|6895|52830|33783|72|96|33337,101,Vinland Saga,Naruto | Gintama | Death Note | Naruto: Shippuuden | Gintama Movie 2: Kanketsu-hen - Yorozuya yo Eien Nare | Shingeki no Kyojin | The Last: Naruto the Movie | Shingeki no Kyojin Season 2,"Vinland Saga | Undead Unluck | Danshi Koukousei no Nichijou | Dark Gathering | Kono Subarashii Sekai ni Shukufuku wo! 2: Kono Subarashii Geijutsu ni Shukufuku wo! | Trigun Stampede | Hakuouki | Isekai de Cheat Skill wo Te ni Shita Ore wa, Genjitsu Sekai wo mo Musou Suru: Level Up wa Jinsei wo Kaeta | Godzilla 1: Kaijuu Wakusei | Full Metal Panic? Fumoffu | Kidou Butouden G Gundam | ACCA: 13-ku Kansatsu-ka",both_hit
12332239,9330,6|16|20|24|30|31|32|43|47|101|114|121|136|137|138|139|150|164|169|199,384,Fan,17,36,9,6,13,3,3,5,4,level_tuned_product_hybrid,2476|9776|379|9330|10681|32902|46095|10178|25015|21339|11615|492,101,Dragon Crisis!,"Trigun | Hachimitsu to Clover | Naruto | School Rumble | Shinseiki Evangelion | Shinseiki Evangelion Movie: Shi to Shinsei | Shinseiki Evangelion Movie: Air/Magokoro wo, Kimi ni | Koukaku Kidoutai",School Days | A-Channel | Heppoko Jikken Animation Excel♥Saga | Dragon Crisis! | Blood-C: The Last Dark | Mahoutsukai no Yome: Hoshi Matsu Hito | Vivy: Fluorite Eye's Song | Otona Joshi no Anime Time | Kyoukai no Kanata Movie 1: I'll Be Here - Kako-hen | Psycho-Pass Movie 1 | Morita-san wa Mukuchi. 2 | Armitage III: Dual-Matrix,hybrid_win
12420650,31297,199|246|256|317|357|431|433|442|457|523|849|918|1210|1535|1689|1698|2104|2144|2236|2393,286,Fan,9,26,6,30,6,1,1,1,1,level_tuned_product_hybrid,31297|31715|28735|34822|14189|33352|16397|35946|18499|33569|47|52741,101,"Tokyo Ghoul: ""Pinto""","Sen to Chihiro no Kamikakushi | Groove Adventure Rave | Hoshi no Koe | Final Fantasy VII: Advent Children | Bokusatsu Tenshi Dokuro-chan | Howl no Ugoku Shiro | Kumo no Mukou, Yakusoku no Basho | Naruto Movie 1: Dai Katsugeki!! Yuki Hime Ninpouchou Dattebayo!","Tokyo Ghoul: ""Pinto"" | Working!!! Lord of the Takanashi | Shouwa Genroku Rakugo Shinjuu | Tsuki ga Kirei | Tasogare Otome x Amnesia: Taima Otome | Violet Evergarden | Photokano | Nanatsu no Taizai Movie 1: Tenkuu no Torawarebito | Yozakura Quartet: Tsuki ni Naku | Re:Petit kara Hajimeru Isekai Seikatsu | Akira | Undead Unluck",both_hit
12494857,34933,5081|6547|9253|30484|34382|34662|36999|37450|37786|37999|52991,11,Beginner,1,4,3,19,2,1,1,2,2,level_tuned_product_hybrid,13599|34933|54855|834|48|62896|9922|52082|38814|5682|16934|5231,101,Kakegurui,Bakemonogatari | Angel Beats! | Steins;Gate | Steins;Gate 0 | Citrus | Fate/Apocrypha | Zoku Owarimonogatari | Seishun Buta Yarou wa Bunny Girl Senpai no Yume wo Minai,Robotics;Notes | Kakegurui | Senpai wa Otokonoko | Bleach: The Sealed Sword Frenzy | .hack//Sign | Chou Kaguya-hime! | Oretachi ni Tsubasa wa Nai: Under the Innocent Sky. | Shiro Seijo to Kuro Bokushi | Nobunaga-sensei no Osanazuma | Phantom: Requiem for the Phantom | Chuunibyou demo Koi ga Shitai! Kirameki no... Slapstick Noel | Inazuma Eleven,both_hit
12531933,14345,20|356|855|1535|1575|1735|2001|2236|2251|2593|2904|3457|3588|3782|3783|3901|3958|4224|4280|4282,156,Fan,1,9,2,21,16,2,2,2,2,level_tuned_product_hybrid,25537|14345|13535|16524|32979|30123|35241|18179|35557|40052|2923|16199,101,Btooom!,Naruto | Fate/stay night | Strawberry Panic | Death Note | Code Geass: Hangyaku no Lelouch | Naruto: Shippuuden | Tengen Toppa Gurren Lagann | Toki wo Kakeru Shoujo,Fate/stay night Movie: Heaven's Feel - I. Presage Flower | Btooom! | Binbougami ga! | Suisei no Gargantia | Flip Flappers | Akagami no Shirayuki-hime | Konohana Kitan | Yowamushi Pedal | Houseki no Kuni | Great Pretender | Shugo Chara! | Girls & Panzer: Shoukai Shimasu!,both_hit
12653684,12445,47|150|270|777|1535|1575|2904|3457|4752|4898|4983|5231|6547|6707|7337|7662|9989|10490|10681|11077,60,Casual,7,5,5,46,72,10,6,7,6,level_tuned_product_hybrid,11111|27|23289|6573|31404|12445|52347|31645|12113|59459|21939|37991,101,Tasogare Otome x Amnesia,Akira | Blood+ | Hellsing | Hellsing Ultimate | Death Note | Code Geass: Hangyaku no Lelouch | Code Geass: Hangyaku no Lelouch R2 | Vampire Knight,"Another | Trinity Blood | Gekkan Shoujo Nozaki-kun | Darker than Black: Ryuusei no Gemini | Netoge no Yome wa Onnanoko ja Nai to Omotta? | Tasogare Otome x Amnesia | Shangri-La Frontier: Kusoge Hunter, Kamige ni Idoman to su | Persona 5 the Animation: The Day Breakers | Berserk: Ougon Jidai-hen II - Doldrey Kouryaku | Silent Witch: Chinmoku no Majo no Kakushigoto | Mushishi Zoku Shou | JoJo no Kimyou na Bouken Part 5: Ougon no Kaze",both_hit
12866473,437,19|30|32|199|322|433|527|759|877|1033|1535|1575|1689|2167|2236|2759|2904|2966|3784|3785,178,Fan,2,5,1,59,1,1,1,1,1,level_tuned_product_hybrid,437|9656|10161|33899|36220|51958|37869|2581|26165|48438|58462|33241,101,Perfect Blue,"Monster | Shinseiki Evangelion | Shinseiki Evangelion Movie: Air/Magokoro wo, Kimi ni | Sen to Chihiro no Kamikakushi | Paradise Kiss | Kumo no Mukou, Yakusoku no Basho | Pokemon | Tokyo Godfathers",Perfect Blue | Kimi ni Todoke 2nd Season | No.6 | IDOLiSH7 | Itsudatte Bokura no Koi wa 10 cm Datta. | Kono Subarashii Sekai ni Bakuen wo! | BanG Dream! 2nd Season | Kidou Senshi Gundam 00 | Yuri Kuma Arashi | Mahoutsukai no Yome: Nishi no Shounen to Seiran no Kishi | Wonderful Precure! Movie: Dokidoki Game no Sekai de Daibouken! | Honobono Log,both_hit
12874331,27775,185|1575|1887|2904|3455|5081|5667|9181|10165|10588|10611|11597|11617|11757|11771|12783|13663|14407|14719|15451,55,Casual,3,7,101,12,90,98,21,93,96,level_tuned_product_hybrid,45576|21273|22663|6954|9581|8310|712|48590|30727|658|13117|42391,101,Plastic Memories,Initial D First Stage | Code Geass: Hangyaku no Lelouch | Lucky☆Star | Code Geass: Hangyaku no Lelouch R2 | To LOVE-Ru | Bakemonogatari | To LOVE-Ru OVA | Motto To LOVE-Ru,Mushoku Tensei: Isekai Ittara Honki Dasu Part 2 | Gochuumon wa Usagi desu ka? | Seiken Tsukai no World Break | Kara no Kyoukai Movie 8: Shuushou | MM! Specials | Magic Kaito | Zoids Genesis | Mini Dragon | Saenai Heroine no Sodatekata ♭ | Touhai Densetsu Akagi: Yami ni Maiorita Tensai | Hakuouki Movie 1: Kyoto Ranbu | Osomatsu-san 3rd Season,hybrid_failure_vs_popularity
13031266,3588,6|20|21|24|30|121|142|145|164|199|235|240|249|334|345|512|523|530|543|570,254,Fan,3,3,2,3,94,3,2,2,2,level_tuned_product_hybrid,36098|3588|34437|153|35828|11771|35821|11179|39518|2043|6864|633,101,Soul Eater,Trigun | Naruto | One Piece | School Rumble | Shinseiki Evangelion | Fullmetal Alchemist | Kamikaze Kaitou Jeanne | Kareshi Kanojo no Jijou,Kimi no Suizou wo Tabetai | Soul Eater | Code Geass: Fukkatsu no Lelouch | Juuni Kokuki | Miira no Kaikata | Kuroko no Basket | Chio-chan no Tsuugakuro | Papa no Iukoto wo Kikinasai! | Vampire in the Garden | Cat's Eye | xxxHOLiC Rou | Legend of Basara,both_hit
13031441,326,117|205|356|1689|1818|2016|4224|5114|5680|8425|9989|10087|10163|10178|11741|13759|16782|18679|18897|21877,51,Casual,15,6,101,64,51,91,28,36,79,level_tuned_product_hybrid,40174|1604|31251|6920|5204|35828|37711|3299|35994|49|31853|381,101,Petshop of Horrors,Shinpi no Sekai El-Hazard | Samurai Champloo | Fate/stay night | Byousoku 5 Centimeter | Claymore | Ningyo no Mori | Toradora! | Fullmetal Alchemist: Brotherhood,Zombieland Saga Revenge | Katekyou Hitman Reborn! | Kidou Senshi Gundam: Tekketsu no Orphans | Blade | Kara no Kyoukai Movie 6: Boukyaku Rokuon | Miira no Kaikata | Koi to Uso: Isshou no Koi/Koi no Kimochi | H2O: Footprints in the Sand | Satsuriku no Tenshi | Aa! Megami-sama! | Biohazard: Vendetta | Fushigi Yuugi: Dai Ni Bu,both_miss
13132546,51535,1|199|226|512|523|1575|2890|2904|6547|9253|10793|11757|13759|14719|16498|19815|20507|20899|22199|22319,87,Casual,2,1,1,1,1,1,1,1,1,level_tuned_product_hybrid,51535|35079|19775|55772|8525|4087|57380|21681|18507|38408|25283|6895,101,Shingeki no Kyojin: The Final Season - Kanketsu-hen,Cowboy Bebop | Sen to Chihiro no Kamikakushi | Elfen Lied | Majo no Takkyuubin | Tonari no Totoro | Code Geass: Hangyaku no Lelouch | Gake no Ue no Ponyo | Code Geass: Hangyaku no Lelouch R2,Shingeki no Kyojin: The Final Season - Kanketsu-hen | Kino no Tabi: The Beautiful World - The Animated Series | Sidonia no Kishi | Golden Kamuy: Saishuushou | Kami nomi zo Shiru Sekai | Michiko to Hatchin | Isekai Yururi Kikou: Kosodate shinagara Boukensha shimasu | Hanayamata | Free! | Boku no Hero Academia 4th Season | Kuusen Madoushi Kouhosei no Kyoukan | Hakuouki,both_hit
13137983,35073,1|20|21|47|121|136|164|199|226|269|288|356|442|459|460|461|527|552|1117|1119,202,Fan,3,1,5,9,13,1,1,1,1,level_tuned_product_hybrid,35073|431|21843|37984|38101|33926|17729|37396|4094|19855|54918|23327,101,Overlord II,Cowboy Bebop | Naruto | One Piece | Akira | Fullmetal Alchemist | Hunter x Hunter | Mononoke Hime | Sen to Chihiro no Kamikakushi,"Overlord II | Howl no Ugoku Shiro | Shingeki no Bahamut: Genesis | Kumo desu ga, Nani ka? | 5-toubun no Hanayome | Quanzhi Gaoshou | Grisaia no Kajitsu | Shikioriori | Batman: Gotham Knight | Nobunagun | Tokyo Revengers: Tenjiku-hen | Space☆Dandy 2nd Season",both_hit
13208536,47194,19|20|269|1535|1575|1735|2904|9253|10218|10863|11577|11757|12113|12115|14813|16498|22319|23273|23847|25777,79,Casual,4,1,1,4,1,1,1,1,1,level_tuned_product_hybrid,47194|38408|6547|40056|17729|513|34096|32175|6746|20371|61517|44408,101,Summertime Render,Monster | Naruto | Bleach | Death Note | Code Geass: Hangyaku no Lelouch | Naruto: Shippuuden | Code Geass: Hangyaku no Lelouch R2 | Steins;Gate,Summertime Render | Boku no Hero Academia 4th Season | Angel Beats! | Deca-Dence | Grisaia no Kajitsu | Tenkuu no Shiro Laputa | Gintama. | Shounen Maid | Durarara!! | Sekaiichi Hatsukoi Movie: Yokozawa Takafumi no Baai | Kingdom 6th Season | Long Zu,both_hit
13245299,40215,164|199|205|223|269|431|512|523|889|1575|1689|2904|4898|5114|9919|11757|13601|14719|16498|19815,69,Casual,14,37,5,45,2,6,8,7,4,level_tuned_product_hybrid,8074|578|34443|40215|3230|31229|35203|61322|34439|36106|34438|8795,101,Aggressive Retsuko (ONA) 3rd Season,Mononoke Hime | Sen to Chihiro no Kamikakushi | Samurai Champloo | Dragon Ball | Bleach | Howl no Ugoku Shiro | Majo no Takkyuubin | Tonari no Totoro,Highschool of the Dead | Hotaru no Haka | Baki | Aggressive Retsuko (ONA) 3rd Season | Druaga no Tou: The Aegis of Uruk | Servamp | Isekai wa Smartphone to Tomo ni. | Dr. Stone: Science Future Part 2 | Code Geass: Hangyaku no Lelouch II - Handou | Shingeki no Kyojin: Lost Girls | Code Geass: Hangyaku no Lelouch I - Koudou | Panty & Stocking with Garterbelt,hybrid_win
13266490,8769,20|61|93|101|120|121|122|135|136|153|233|249|269|317|849|853|1195|1222|1482|1535,49,Beginner,3,9,3,4,9,2,2,2,2,level_tuned_product_hybrid,14289|8769|552|777|15605|5909|169|710|16668|29854|49303|1509,101,Ore no Imouto ga Konnani Kawaii Wake ga Nai,Naruto | D.N.Angel | Kidou Senshi Gundam SEED | Air | Fruits Basket | Fullmetal Alchemist | Full Moon wo Sagashite | Hikaru no Go,Suki tte Ii na yo. | Ore no Imouto ga Konnani Kawaii Wake ga Nai | Digimon Adventure | Hellsing Ultimate | Brothers Conflict | Seitokai no Ichizon | Shingetsutan Tsukihime | Rec | Kakumeiki Valvrave | Ushio to Tora (TV) | Alice to Therese no Maboroshi Koujou | Mamotte! Lollipop,both_hit
13448949,25777,6702|11757|16498|16782|21881|23273|32281|36098|37450|38826|42310,11,Beginner,1,2,3,2,1,1,1,1,1,level_tuned_product_hybrid,25777|35972|44276|26243|36316|12859|32937|50425|57181|19315|61903|2593,101,Shingeki no Kyojin Season 2,Fairy Tail | Sword Art Online | Shingeki no Kyojin | Kotonoha no Niwa | Sword Art Online II | Shigatsu wa Kimi no Uso | Kimi no Na wa. | Kimi no Suizou wo Tabetai,"Shingeki no Kyojin Season 2 | Fairy Tail: Final Series | Kyuukyoku Shinka shita Full Dive RPG ga Genjitsu yori mo Kusoge Dattara | Owari no Seraph | Shichisei no Subaru | One Piece Film: Z | Kono Subarashii Sekai ni Shukufuku wo! 2 | Fuufu Ijou, Koibito Miman. | Ao no Hako | Pupa | Kaguya-sama wa Kokurasetai: Otona e no Kaidan | Kara no Kyoukai Movie 1: Fukan Fuukei",both_hit
13457611,5114,269|270|356|1202|1535|4898|6702|8074|10620|11111|11617|11633|11757|15451|16355|16498|16512|18153|18897|19769,26,Beginner,1,1,1,3,14,1,1,1,1,level_tuned_product_hybrid,5114|11701|28927|5630|64|323|51958|3359|173|60083|56738|37447,101,Fullmetal Alchemist: Brotherhood,Bleach | Hellsing | Fate/stay night | Ar Tonelico: Sekai no Owari de Utai Tsuzukeru Shoujo | Death Note | Kuroshitsuji | Fairy Tail | Highschool of the Dead,Fullmetal Alchemist: Brotherhood | Another: The Other - Inga | Owari no Seraph: Nagoya Kessen-hen | Higashi no Eden | Rozen Maiden | Mousou Dairinin | Kono Subarashii Sekai ni Bakuen wo! | Amatsuki | Tactics | Kowloon Generic Romance | Shinigami Bocchan to Kuro Maid 3rd Season | Karakuri Circus,both_hit
13612619,440,65|101|122|199|256|322|799|850|861|885|1223|1371|1982|1984|2047|2235|2685|3092|3298|3326,26,Beginner,22,1,3,20,9,4,1,1,1,level_tuned_product_hybrid,440|790|2923|26|98|1699|8142|2030|4550|6922|548|7762,101,Shoujo Kakumei Utena,Rozen Maiden: Träumend | Air | Full Moon wo Sagashite | Sen to Chihiro no Kamikakushi | Hoshi no Koe | Paradise Kiss | Kokoro Toshokan | Gakuen Heaven,"Shoujo Kakumei Utena | Ergo Proxy | Shugo Chara! | Texhnolyze | Mai-HiME | Romeo x Juliet | Colorful (Movie) | El Cazador de la Bruja | Hyakko | Fate/stay night Movie: Unlimited Blade Works | Wonderful Days | Yondemasu yo, Azazel-san.",hybrid_win
13614754,14227,68|356|777|1575|1726|2581|2795|2904|3572|3927|4415|6165|6288|6547|6702|6746|6880|8888|8934|9041,170,Fan,1,42,2,7,74,3,3,3,3,level_tuned_product_hybrid,22663|35062|14227|31223|30091|50549|40934|27411|33726|23605|51705|38536,101,Tonari no Kaibutsu-kun,Black Cat | Fate/stay night | Hellsing Ultimate | Code Geass: Hangyaku no Lelouch | Devil May Cry | Kidou Senshi Gundam 00 | Dragonaut: The Resonance | Code Geass: Hangyaku no Lelouch R2,Seiken Tsukai no World Break | Mahoutsukai no Yome | Tonari no Kaibutsu-kun | Phantasy Star Online 2 The Animation | Chaos Dragon: Sekiryuu Seneki | Bubble | Bungou to Alchemist: Shinpan no Haguruma | Koukaku Kidoutai: Shin Movie | Saiyuuki Reload Blast | Ninja Slayer From Animation | Otonari ni Ginga | Yi Ren Zhi Xia 3: Rushi Pian,both_hit
13751918,27891,20|30|31|32|936|1735|2759|3784|3785|3786|5680|7791|10589|11757|16870|27989|31665|31765|31988|32281,39,Beginner,15,19,101,1,1,1,2,3,3,level_tuned_product_hybrid,12189|48736|27891|40586|45613|2248|37587|40571|18245|37440|50172|56352,101,Sword Art Online II: Debriefing,"Naruto | Shinseiki Evangelion | Shinseiki Evangelion Movie: Shi to Shinsei | Shinseiki Evangelion Movie: Air/Magokoro wo, Kimi ni | Naruto Movie 2: Dai Gekitotsu! Maboroshi no Chiteiiseki Dattebayo! | Naruto: Shippuuden | Evangelion Movie 1: Jo | Evangelion Movie 2: Ha","Hyouka | Sono Bisque Doll wa Koi wo Suru | Sword Art Online II: Debriefing | Slime Taoshite 300-nen, Shiranai Uchi ni Level Max ni Nattemashita | Kawaii dake ja Nai Shikimori-san | Naruto: Dai Katsugeki!! Yuki Hime Ninpouchou Dattebayo! - Konoha no Sato no Dai Undoukai | Lapis Re:LiGHTs | Majo no Tabitabi | White Album 2 | Psycho-Pass: Sinners of the System Case.1 - Tsumi to Batsu | Mob Psycho 100 III | Loop 7-kaime no Akuyaku Reijou wa, Moto Tekikoku de Jiyuu Kimama na Hanayome Seikatsu wo Mankitsu suru",hybrid_win
13836453,14837,1|30|32|43|44|47|57|154|205|323|339|457|468|523|777|790|874|985|1210|1292,101,Casual,13,20,101,31,22,15,17,20,18,level_tuned_product_hybrid,31646|7674|2418|27821|949|9941|37451|36098|41710|13271|40591|322,101,Dragon Ball Z Movie 14: Kami to Kami,"Cowboy Bebop | Shinseiki Evangelion | Shinseiki Evangelion Movie: Air/Magokoro wo, Kimi ni | Koukaku Kidoutai | Rurouni Kenshin: Meiji Kenkaku Romantan - Tsuioku-hen | Akira | Beck | Shaman King",3-gatsu no Lion | Bakuman. | Stranger: Mukou Hadan | Fate/stay night: Unlimited Blade Works Prologue | Top wo Nerae! Gunbuster | Tiger & Bunny | Boogiepop wa Warawanai (2019) | Kimi no Suizou wo Tabetai | Genjitsu Shugi Yuusha no Oukoku Saikenki | Hunter x Hunter Movie 1: Phantom Rouge | Kaguya-sama wa Kokurasetai? Tensai-tachi no Renai Zunousen | Paradise Kiss,both_miss
13837058,136,1|30|32|33|121|164|199|223|225|268|269|339|392|431|813|1535|5114|5231|7674|8426,45,Beginner,9,17,2,36,2,2,2,2,2,level_tuned_product_hybrid,11061|136|5|47194|185|24439|48569|44074|38483|897|30230|404,101,Hunter x Hunter,"Cowboy Bebop | Shinseiki Evangelion | Shinseiki Evangelion Movie: Air/Magokoro wo, Kimi ni | Kenpuu Denki Berserk | Fullmetal Alchemist | Mononoke Hime | Sen to Chihiro no Kamikakushi | Dragon Ball",Hunter x Hunter (2011) | Hunter x Hunter | Cowboy Bebop: Tengoku no Tobira | Summertime Render | Initial D First Stage | Kekkai Sensen | 86 Part 2 | Shiguang Dailiren | Ore wo Suki nano wa Omae dake ka yo | Dragon Ball Z Movie 04: Super Saiyajin da Son Gokuu | Diamond no Ace: Second Season | Bastard!! Ankoku no Hakaishin,both_hit
13862560,57635,30|32|53|59|102|145|147|226|245|339|355|376|394|469|587|596|710|849|853|877,893,Veteran,18,43,14,9,2,2,6,7,2,level_tuned_product_hybrid,31414|57635|443|33203|59971|36266|16009|13333|49376|59228|4081|42385,101,Kamonohashi Ron no Kindan Suiri 2nd Season,"Shinseiki Evangelion | Shinseiki Evangelion Movie: Air/Magokoro wo, Kimi ni | Ai Yori Aoshi | Chobits | Aishiteruze Baby★★ | Kareshi Kanojo no Jijou | Kimi ga Nozomu Eien | Elfen Lied",Nijiiro Days | Kamonohashi Ron no Kindan Suiri 2nd Season | Onegai☆Teacher: Himitsu na Futari | Fukumenkei Noise | Tensei shitara Slime Datta Ken Movie 2: Soukai no Namida-hen | Mahou Shoujo Site | Kamisama no Inai Nichiyoubi | Tari Tari | Mou Ippon! | Kuroshitsuji: Midori no Majo-hen | Natsume Yuujinchou | The iDOLM@STER Million Live!,hybrid_win
13870393,16782,19|199|512|813|1535|1575|2593|2904|3783|4280|4282|5081|5114|5205|9253|10012|11577|11741|12189|13125,82,Casual,2,7,1,18,1,1,1,1,1,level_tuned_product_hybrid,16782|17895|49776|14719|33783|40730|34280|32836|19117|11751|24075|6758,101,Kotonoha no Niwa,Monster | Sen to Chihiro no Kamikakushi | Majo no Takkyuubin | Dragon Ball Z | Death Note | Code Geass: Hangyaku no Lelouch | Kara no Kyoukai Movie 1: Fukan Fuukei | Code Geass: Hangyaku no Lelouch R2,Kotonoha no Niwa | Golden Time | Kumichou Musume to Sewagakari | JoJo no Kimyou na Bouken (TV) | Godzilla 1: Kaijuu Wakusei | Tian Guan Cifu | Gamers! | Senki Zesshou Symphogear AXZ | Toaru Hikuushi e no Koiuta | Senki Zesshou Symphogear | Persona 4 the Golden Animation | Tatakau Shisho: The Book of Bantorra,both_hit
13881404,42826,20|21|223|249|269|322|527|813|853|877|1535|1686|1735|2034|2966|3457|3470|4224|4752|4898,283,Fan,7,33,3,3,2,2,2,2,2,level_tuned_product_hybrid,17895|42826|40615|4081|52481|53148|60254|16011|56146|18119|60162|60395,101,Seijo no Maryoku wa Bannou desu,Naruto | One Piece | Dragon Ball | InuYasha | Bleach | Paradise Kiss | Pokemon | Dragon Ball Z,Golden Time | Seijo no Maryoku wa Bannou desu | Umibe no Étranger | Natsume Yuujinchou | Gimai Seikatsu | Gokushufudou Season 2 | Yano-kun no Futsuu no Hibi | Tokyo Ravens | Good Night World | Servant x Service | Akujiki Reijou to Kyouketsu Koushaku | Toumei Otoko to Ningen Onna: Sonouchi Fuufu ni Naru Futari,both_hit
13895236,813,1|19|20|30|32|223|245|1535|1735|2246|3002|5114|10271|11061|14719|20899|26055|28999|31933|31964,93,Casual,2,1,1,45,35,1,1,1,1,level_tuned_product_hybrid,813|40046|46095|1604|56242|38003|54744|60057|30544|35608|63833|50631,101,Dragon Ball Z,"Cowboy Bebop | Monster | Naruto | Shinseiki Evangelion | Shinseiki Evangelion Movie: Air/Magokoro wo, Kimi ni | Dragon Ball | Great Teacher Onizuka | Death Note","Dragon Ball Z | Id:Invaded | Vivy: Fluorite Eye's Song | Katekyou Hitman Reborn! | Sengoku Youko: Yonaoshi Kyoudai-hen | Bungou Stray Dogs 3rd Season | Tokidoki Bosotto Russia-go de Dereru Tonari no Alya-san | Chao Neng Lifang: Chaofan Pian | Gakusen Toshi Asterisk | Chuunibyou demo Koi ga Shitai! Movie: Take On Me | Baki-dou Part 2 | Komi-san wa, Comyushou desu. 2nd Season",both_hit
13965439,21995,21|136|322|852|877|14713|22319|24833|26243|27899|28927|30654|33255|33352|36511|39534|42249,17,Beginner,3,16,3,22,2,2,2,2,2,level_tuned_product_hybrid,32867|21995|39195|31378|106|20431|3784|48735|59095|18|5690|59062,101,Ao Haru Ride,One Piece | Hunter x Hunter | Paradise Kiss | Gokinjo Monogatari | Nana | Kamisama Hajimemashita | Tokyo Ghoul | Ansatsu Kyoushitsu,"Bungou Stray Dogs 2nd Season | Ao Haru Ride | Beastars | Owari no Seraph: Kyuuketsuki Shahar | Hana yori Dango | Hoozuki no Reitetsu | Evangelion Movie 2: Ha | Chibi Revenger | Tensei shitara Dainana Ouji Datta node, Kimama ni Majutsu wo Kiwamemasu 2nd Season | Initial D Fourth Stage | Nodame Cantabile Finale | Gachiakuta",both_hit
14047323,31043,20|121|153|245|269|355|430|486|552|1210|1313|1535|1575|1604|1735|2158|2904|4898|6793|7674,89,Casual,1,2,1,31,2,1,1,1,1,level_tuned_product_hybrid,31043|5231|37347|17389|7054|10507|37105|856|41402|36816|8795|34349,101,Boku dake ga Inai Machi,Naruto | Fullmetal Alchemist | Juuni Kokuki | Great Teacher Onizuka | Bleach | Shakugan no Shana | Fullmetal Alchemist: The Conqueror of Shamballa | Kino no Tabi: The Beautiful World,Boku dake ga Inai Machi | Inazuma Eleven | Dungeon ni Deai wo Motomeru no wa Machigatteiru Darou ka II | Kingdom 2nd Season | Kaichou wa Maid-sama! | Inazuma Eleven Go | Grand Blue | Utawarerumono | Mairimashita! Iruma-kun 2nd Season | Godzilla 2: Kessen Kidou Zoushoku Toshi | Panty & Stocking with Garterbelt | Diamond no Ace: Second Season OVA,both_hit
14063728,34544,1|6|7|19|43|59|97|145|158|160|164|177|199|205|226|227|239|245|283|302,257,Fan,12,11,14,39,37,14,13,14,15,level_tuned_product_hybrid,16|369|23327|36511|36649|40456|20853|43439|20903|13335|2787|1365,101,Koutetsujou no Kabaneri Movie 3: Unato Kessen,Cowboy Bebop | Trigun | Witch Hunter Robin | Monster | Koukaku Kidoutai | Chobits | Last Exile | Kareshi Kanojo no Jijou,Hachimitsu to Clover | Boogiepop wa Warawanai | Space☆Dandy 2nd Season | Tokyo Ghoul:re | Banana Fish | Kimetsu no Yaiba Movie: Mugen Ressha-hen | Hitsugi no Chaika | Shadows House | Harmonie | Fuse: Teppou Musume no Torimonochou | Shakugan no Shana II (Second) | Meitantei Conan Movie 06: Baker Street no Bourei,hybrid_failure_vs_popularity
14067308,57555,47|66|199|339|431|437|523|578|1535|4224|5114|10165|11061|12189|14813|15227|16498|16782|17895|22135,118,Casual,3,1,3,7,2,2,1,1,1,level_tuned_product_hybrid,57555|38040|49918|205|387|53149|1029|570|8857|9941|31519|31500,101,Chainsaw Man Movie: Reze-hen,Akira | Azumanga Daiou The Animation | Sen to Chihiro no Kamikakushi | Serial Experiments Lain | Howl no Ugoku Shiro | Perfect Blue | Tonari no Totoro | Hotaru no Haka,Chainsaw Man Movie: Reze-hen | Kono Subarashii Sekai ni Shukufuku wo! Movie: Kurenai Densetsu | Boku no Hero Academia 6th Season | Samurai Champloo | Haibane Renmei | Oemojisangjuui | Omoide Poroporo | Jin-Rou | Nichijou: Nichijou no 0-wa | Tiger & Bunny | Anitore! EX | High School Fleet,both_hit
14156521,325,47|120|121|199|521|532|1509|5114|6702|7054|11633|31964|33486,13,Beginner,21,13,1,22,1,2,2,1,1,level_tuned_product_hybrid,325|5525|38086|1923|24727|38993|5252|41312|52995|58015|17249|37576,101,Peach Girl,Akira | Fruits Basket | Fullmetal Alchemist | Sen to Chihiro no Kamikakushi | Mermaid Melody Pichi Pichi Pitch | Bishoujo Senshi Sailor Moon S | Mamotte! Lollipop | Fullmetal Alchemist: Brotherhood,"Peach Girl | 07-Ghost | Fate/Grand Order: Shinsei Entaku Ryouiki Camelot 2 - Paladin; Agateram | Urusei Yatsura Movie 4: Lum The Forever | Baka to Test to Shoukanjuu Ni!: Mahou Hideyoshi Hideyoshi | Karakai Jouzu no Takagi-san 2 | One Piece: Romance Dawn Story | Kami-tachi ni Hirowareta Otoko | Arifureta Shokugyou de Sekai Saikyou Season 3 | One Piece: Dai Tannou Kikaku! ""Shi no Gekai"" Trafalgar Law | Pretty Rhythm: Rainbow Live | Majutsushi Orphen Hagure Tabi",hybrid_win
14223081,31374,21|32|431|2994|33028|34612|35790|38524|38671|39565|40956|41491|48413,13,Beginner,16,29,1,1,5,5,3,2,2,level_tuned_product_hybrid,578|31374|22199|39017|41094|1538|2966|39247|18441|137|54029|33950,101,Shingeki! Kyojin Chuugakkou,"One Piece | Shinseiki Evangelion Movie: Air/Magokoro wo, Kimi ni | Howl no Ugoku Shiro | Death Note: Rewrite | Danganronpa 3: The End of Kibougamine Gakuen - Zetsubou-hen | Saiki Kusuo no Ψ-nan 2 | Tate no Yuusha no Nariagari | Shingeki no Kyojin Season 3 Part 2",Hotaru no Haka | Shingeki! Kyojin Chuugakkou | Akame ga Kill! | Kyokou Suiri | Xian Wang de Richang Shenghuo | Pumpkin Scissors | Ookami to Koushinryou | Kobayashi-san Chi no Maid Dragon S | Blood Lad: Wagahai wa Neko de wa Nai | Hunter x Hunter: Original Video Animation | Wu Liuqi: Anying Suming | Black Clover: Jump Festa 2016 Special,hybrid_win
14291946,4224,1|6|19|21|30|32|43|145|223|230|245|263|264|265|268|323|459|460|461|462,285,Fan,1,12,1,16,83,5,3,1,1,level_tuned_product_hybrid,4224|31289|853|12431|2418|16706|25879|32869|16662|43299|33352|37596,101,Toradora!,"Cowboy Bebop | Trigun | Monster | One Piece | Shinseiki Evangelion | Shinseiki Evangelion Movie: Air/Magokoro wo, Kimi ni | Koukaku Kidoutai | Kareshi Kanojo no Jijou",Toradora! | One Piece: Episode of Sabo - 3 Kyoudai no Kizuna Kiseki no Saikai to Uketsugareru Ishi | Ouran Koukou Host Club | Uchuu Kyoudai | Stranger: Mukou Hadan | Kami nomi zo Shiru Sekai: Megami-hen | Working!!! | Kuroko no Basket Movie 1: Winter Cup - Kage to Hikari | Kaze Tachinu | Wonder Egg Priority | Violet Evergarden | Poputepipikku TV Special,both_hit
14299550,38691,20|199|431|512|513|523|572|1279|1735|4224|5365|9253|10408|10589|10863|11577|11757|12189|12477|14345,148,Casual,1,13,1,5,10,1,1,1,1,level_tuned_product_hybrid,38691|50307|25397|10389|22297|31580|6675|37171|3958|6444|50429|23447,101,Dr. Stone,Naruto | Sen to Chihiro no Kamikakushi | Howl no Ugoku Shiro | Majo no Takkyuubin | Tenkuu no Shiro Laputa | Tonari no Totoro | Kaze no Tani no Nausicaä | Taiyou no Ko Esteban,"Dr. Stone | Tonikaku Kawaii 2nd Season | Absolute Duo | Momo e no Tegami | Fate/stay night: Unlimited Blade Works | Ajin | Redline | Asobi Asobase | Kannagi | Tegamibachi | Aiyou de Mishi | Ano Natsu de Matteru: Bokutachi wa Koukou Saigo no Natsu wo Sugoshinagara, Ano Natsu de Matteiru.",both_hit
14644938,4722,20|21|30|32|33|44|45|111|121|136|137|138|139|199|205|223|225|232|246|249,246,Fan,15,53,7,17,62,9,8,8,8,level_tuned_product_hybrid,177|27821|38671|34034|51535|35737|2424|4722|418|52741|38936|17269,101,Skip Beat!,"Naruto | One Piece | Shinseiki Evangelion | Shinseiki Evangelion Movie: Air/Magokoro wo, Kimi ni | Kenpuu Denki Berserk | Rurouni Kenshin: Meiji Kenkaku Romantan - Tsuioku-hen | Rurouni Kenshin: Meiji Kenkaku Romantan | Corrector Yui","Tsubasa Chronicle | Fate/stay night: Unlimited Blade Works Prologue | Enen no Shouboutai | Pokemon Sun & Moon | Shingeki no Kyojin: The Final Season - Kanketsu-hen | Pluto | Suteki desu wa, Sakura-chan! Tomoyo no Cardcaptor Sakura Katsuyaku Video Nikki! | Skip Beat! | Ranma ½: Chuugoku Nekonron Daikessen! Okite Yaburi no Gekitou-hen!! | Undead Unluck | Lord El-Melloi II-sei no Jikenbo: Rail Zeppelin Grace Note - Hakamori to Neko to Majutsushi | Captain Herlock",hybrid_win
14648455,32281,20|30|154|164|199|205|431|513|523|597|1535|1575|1735|2001|2488|2904|4224|5081|5114|6114,52,Casual,1,7,1,31,1,1,1,1,1,level_tuned_product_hybrid,32281|1887|40834|34541|52865|6768|31376|18229|3420|10259|8934|32979,101,Kimi no Na wa.,Naruto | Shinseiki Evangelion | Shaman King | Mononoke Hime | Sen to Chihiro no Kamikakushi | Samurai Champloo | Howl no Ugoku Shiro | Tenkuu no Shiro Laputa,Kimi no Na wa. | Lucky☆Star | Ousama Ranking | Mary to Majo no Hana | Romantic Killer | Code Geass: Hangyaku no Lelouch R2 Special Edition - Zero Requiem | Flying Witch | Gatchaman Crowds | Shigofumi | Da Yu Hai Tang (Movie) | Star Driver: Kagayaki no Takuto | Flip Flappers,both_hit
14825012,18679,1|30|32|164|199|205|227|523|889|1535|2025|3702|5114|5630|5680|7785|7791|9253|9332|12531,50,Casual,5,1,3,35,2,1,1,2,2,level_tuned_product_hybrid,2001|18679|2904|37521|35363|1735|9513|34822|56196|6377|14355|54029,101,Kill la Kill,"Cowboy Bebop | Shinseiki Evangelion | Shinseiki Evangelion Movie: Air/Magokoro wo, Kimi ni | Mononoke Hime | Sen to Chihiro no Kamikakushi | Samurai Champloo | FLCL | Tonari no Totoro","Tengen Toppa Gurren Lagann | Kill la Kill | Code Geass: Hangyaku no Lelouch R2 | Vinland Saga | Kobayashi-san Chi no Maid Dragon: Valentine, Soshite Onsen! - Amari Kitai Shinaide Kudasai | Naruto: Shippuuden | Beelzebub | Tsuki ga Kirei | Boku no Hero Academia the Movie 4: You're Next | Zan Sayonara Zetsubou Sensei | Yama no Susume | Wu Liuqi: Anying Suming",both_hit
14901589,38524,20|1535|1735|2471|4654|5081|6213|8937|9260|9919|10087|10793|11617|11737|11741|11743|11757|11771|11887|14813,162,Fan,1,2,4,1,8,1,1,2,2,level_tuned_product_hybrid,23273|38524|9989|44942|57524|58567|19429|30321|32407|22265|37221|37964,101,Shingeki no Kyojin Season 3 Part 2,Naruto | Death Note | Naruto: Shippuuden | Doraemon (1979) | Toaru Majutsu no Index | Bakemonogatari | Toaru Kagaku no Railgun | Toaru Majutsu no Index II,Shigatsu wa Kimi no Uso | Shingeki no Kyojin Season 3 Part 2 | Ano Hi Mita Hana no Namae wo Bokutachi wa Mada Shiranai. | Shuumatsu no Walküre | Make Heroine ga Oosugiru! | Ore dake Level Up na Ken Season 2: Arise from the Shadow | Akuma no Riddle | Strike the Blood: Valkyria no Oukoku-hen | Clockwork Planet | Free! Eternal Summer | Release the Spyce | Mayonaka no Occult Koumuin,both_hit
14912435,9253,20|30|31|32|33|45|48|90|91|94|96|121|150|164|192|199|223|226|227|249,237,Fan,1,1,1,7,23,1,1,1,1,level_tuned_product_hybrid,9253|22777|528|34933|4081|304|2448|1538|19391|1264|34086|32438,101,Steins;Gate,"Naruto | Shinseiki Evangelion | Shinseiki Evangelion Movie: Shi to Shinsei | Shinseiki Evangelion Movie: Air/Magokoro wo, Kimi ni | Kenpuu Denki Berserk | Rurouni Kenshin: Meiji Kenkaku Romantan | .hack//Sign | Shin Kidou Senki Gundam Wing",Steins;Gate | Dragon Ball Kai (2014) | Pokemon Movie 01: Mewtwo no Gyakushuu | Kakegurui | Natsume Yuujinchou | Aa! Megami-sama! Movie | Koukaku Kidoutai: Stand Alone Complex 2nd GIG - Individual Eleven | Pumpkin Scissors | Shingeki no Kyojin Picture Drama | Yoroiden Samurai Troopers | Tales of Zestiria the Cross 2nd Season | Mayoiga,both_hit
14981812,23273,1|20|30|31|66|199|223|245|355|431|516|572|1195|1254|1316|1367|1535|1689|1698|1735,174,Fan,2,7,1,7,6,1,1,1,1,level_tuned_product_hybrid,23273|22147|40938|22319|28497|40834|50392|33286|34497|30778|15051|53881,101,Shigatsu wa Kimi no Uso,Cowboy Bebop | Naruto | Shinseiki Evangelion | Shinseiki Evangelion Movie: Shi to Shinsei | Azumanga Daiou The Animation | Sen to Chihiro no Kamikakushi | Dragon Ball | Great Teacher Onizuka,Shigatsu wa Kimi no Uso | Amagi Brilliant Park | Hige wo Soru. Soshite Joshikousei wo Hirou. | Tokyo Ghoul | Rokka no Yuusha | Ousama Ranking | Mato Seihei no Slave | Strike the Blood II | Death March kara Hajimaru Isekai Kyousoukyoku | Fairy Tail Movie 2: Dragon Cry | Love Live! School Idol Project | Arknights: Perish in Frost,both_hit
15047041,35968,431|528|1535|9756|9989|11617|14719|15051|15451|16498|19111|20899|23273|24703|25777|26055|27989|28851|30276|30831,80,Casual,3,15,3,14,60,4,4,3,4,level_tuned_product_hybrid,36098|9253|54789|35968|18617|40357|18247|5460|32038|24075|9760|40429,101,Wotaku ni Koi wa Muzukashii,Howl no Ugoku Shiro | Pokemon Movie 01: Mewtwo no Gyakushuu | Death Note | Mahou Shoujo Madoka★Magica | Ano Hi Mita Hana no Namae wo Bokutachi wa Mada Shiranai. | High School DxD | JoJo no Kimyou na Bouken (TV) | Love Live! School Idol Project,Kimi no Suizou wo Tabetai | Steins;Gate | Boku no Hero Academia 7th Season | Wotaku ni Koi wa Muzukashii | Girls & Panzer Movie | Tate no Yuusha no Nariagari Season 3 | IS: Infinite Stratos 2 | Meitantei Conan Movie 13: Shikkoku no Chaser | Show By Rock!! # | Persona 4 the Golden Animation | Hoshi wo Ou Kodomo | Bishoujo Senshi Sailor Moon Eternal Movie 2,both_hit
15165435,13629,1|5|28|29|43|44|49|72|73|80|81|82|92|95|113|121|153|158|185|199,628,Veteran,24,36,15,101,15,8,15,12,8,level_tuned_product_hybrid,53526|4382|31765|40665|2026|33433|31339|13629|29829|493|34376|51680,101,Furiko,Cowboy Bebop | Cowboy Bebop: Tengoku no Tobira | Yakitate!! Japan | Zipang | Koukaku Kidoutai | Rurouni Kenshin: Meiji Kenkaku Romantan - Tsuioku-hen | Aa! Megami-sama! | Full Metal Panic? Fumoffu,Uma Musume: Pretty Derby Season 3 | Suzumiya Haruhi no Yuuutsu (2009) | Sword Art Online Movie: Ordinal Scale | Shoujo☆Kageki Revue Starlight: Rondo Rondo Rondo | Hayate no Gotoku! | Shuumatsu no Izetta | Drifters | Furiko | Tamayura: Sotsugyou Shashin Part 2 - Hibiki | Armitage III: Poly-Matrix | Yuuki Yuuna wa Yuusha de Aru: Washio Sumi no Shou 3 - Yakusoku | Cool Doji Danshi,hybrid_win
15193057,14813,17|18|20|21|22|30|32|43|47|64|65|109|121|150|152|185|186|187|218|223,180,Fan,1,4,1,6,65,1,1,1,1,level_tuned_product_hybrid,14813|34572|2993|12413|36704|2269|2705|2924|15061|3312|4690|35198,101,Yahari Ore no Seishun Love Comedy wa Machigatteiru.,"Hungry Heart: Wild Striker | Initial D Fourth Stage | Naruto | One Piece | Tennis no Oujisama | Shinseiki Evangelion | Shinseiki Evangelion Movie: Air/Magokoro wo, Kimi ni | Koukaku Kidoutai",Yahari Ore no Seishun Love Comedy wa Machigatteiru. | Black Clover | Rosario to Vampire | Jormungand | Free! Dive to the Future | Kidou Senshi Gundam SEED Special Edition | Bakusou Kyoudai Let's & Go | ef: A Tale of Memories. | Aikatsu! | Dr. Slump | Cyborg 009 (1979) | Free! Take Your Marks,both_hit
15251361,33948,1535|4224|9624|9919|11111|14513|14719|14741|15809|16498|16592|16742|18153|18671|20159|20507|20899|21273|21863|24133,51,Casual,26,47,8,47,10,44,26,11,10,level_tuned_product_hybrid,36456|11757|18679|14713|853|33524|3455|42391|6707|33948|33362|16732,101,Hinako Note,Death Note | Toradora! | 30-sai no Hoken Taiiku | Ao no Exorcist | Another | Magi: The Labyrinth of Magic | JoJo no Kimyou na Bouken (TV) | Chuunibyou demo Koi ga Shitai!,Boku no Hero Academia 3rd Season | Sword Art Online | Kill la Kill | Kamisama Hajimemashita | Ouran Koukou Host Club | Sakamoto desu ga? Sakamoto deshita? | To LOVE-Ru | Osomatsu-san 3rd Season | Kuroshitsuji II | Hinako Note | Starmyu 2nd Season | Kiniro Mosaic,hybrid_win
15353413,57609,1|6|33|97|153|202|205|245|249|467|486|523|801|1017|1018|1566|1571|1650|1651|1652,506,Veteran,96,81,29,101,18,49,91,66,56,level_tuned_product_hybrid,54918|62432|42994|39617|60310|40046|55825|61271|59005|48470|617|54730,101,Megumi no Daigo: Kyuukoku no Orange Recaps,Cowboy Bebop | Trigun | Kenpuu Denki Berserk | Last Exile | Juuni Kokuki | Wolf's Rain | Samurai Champloo | Great Teacher Onizuka,Tokyo Revengers: Tenjiku-hen | Jingai Kyoushitsu no Ningengirai Kyoushi | Jashin-chan Dropkick X | Yakusoku no Neverland 2nd Season | Mairimashita! Iruma-kun 4th Season | Id:Invaded | Jigokuraku 2nd Season | NEET Kunoichi to Nazeka Dousei Hajimemashita: Nazeka Beach de Dogimagi Shimashita/Nazeka Moto Koutou Youma to Nakayoku Narimashita | Leviathan | D_Cide Traumerei the Animation | Juubee Ninpuuchou | Kinnikuman: Kanpeki Choujin Shiso-hen,both_miss
15382588,15379,20|226|356|442|594|761|889|918|936|1074|1519|1535|1735|2144|2472|2951|4134|4437|4901|6325,61,Casual,8,18,1,30,35,5,3,3,3,level_tuned_product_hybrid,37492|8675|15379|1526|34100|13677|251|32281|12471|45576|52461|306,101,Kotoura-san,Naruto | Elfen Lied | Fate/stay night | Naruto Movie 1: Dai Katsugeki!! Yuki Hime Ninpouchou Dattebayo! | Naruto: Takigakure no Shitou - Ore ga Eiyuu Dattebayo! | Naruto: Akaki Yotsuba no Clover wo Sagase | Black Lagoon | Gintama,Steins;Gate 0: Kesshou Takei no Valentine - Bittersweet Intermedio | Seitokai Yakuindomo | Kotoura-san | Pokemon Movie 08: Mew to Hadou no Yuusha Lucario | Fate/kaleid liner Prisma☆Illya Movie: Sekka no Chikai | Ao no Exorcist Movie Special | Kyou kara Maou! | Kimi no Na wa. | Eureka Seven AO | Mushoku Tensei: Isekai Ittara Honki Dasu Part 2 | Rougo ni Sonaete Isekai de 8-manmai no Kinka wo Tamemasu | Abenobashi Mahou☆Shoutengai,both_hit
