case_type,interpretation_hint,userID,user_level,profile_size,holdout_animeID,heldout_title,heldout_catalog_score,popularity_baseline_rank,metadata_content_rank,graph_related_rank,people_staff_affinity_rank,latent_svd_rank,full_product_hybrid_rank,tuned_product_hybrid_rank,level_tuned_product_hybrid_rank,level_tuned_product_hybrid_rank,metadata_content_holdout_model_score,graph_related_holdout_model_score,people_staff_affinity_holdout_model_score,latent_svd_holdout_model_score,full_product_hybrid_holdout_model_score,tuned_product_hybrid_holdout_model_score,level_tuned_product_hybrid_holdout_model_score,level_tuned_product_hybrid_holdout_model_score,top1_animeID,top1_title,top12_titles,candidate_pool_size
strong_personalization_case,Profile-level tuned product hybrid recovered a liked title that popularity did not place in the visible 12-item row.,307981654,Casual,111,1120,Pokemon Movie 05: Mizu no Miyako no Mamorigami Latias to Latios,7.18,14,3,5,2,1,1,1,1,1,6281.4267578125,4.884906768798828,5534.716796875,0.41802453994750977,0.8677347898483276,0.7813426852226257,0.8127914071083069,0.8127914071083069,1120,Pokemon Movie 05: Mizu no Miyako no Mamorigami Latias to Latios,Pokemon Movie 05: Mizu no Miyako no Mamorigami Latias to Latios | Magi: The Labyrinth of Magic | Uramichi Oniisan | Suzuka | Hoshi wo Ou Kodomo | Umi ga Kikoeru | Hoozuki no Reitetsu | Aa! Megami-sama! Sorezore no Tsubasa | Build Divide: Code Black | Koukaku Kidoutai: Stand Alone Complex 2nd GIG | Idaten Jump | Little Witch Academia,101
strong_personalization_case,Profile-level tuned product hybrid recovered a liked title that popularity did not place in the visible 12-item row.,317256286,Casual,53,37985,Aggressive Retsuko (ONA) 2nd Season,7.72,18,7,3,46,4,2,1,1,1,3696.6123046875,13.3862943649292,467.0278625488281,0.10331577062606812,0.7095329761505127,0.739140510559082,0.7507973909378052,0.7507973909378052,37985,Aggressive Retsuko (ONA) 2nd Season,Aggressive Retsuko (ONA) 2nd Season | K-On! | Nichijou | Pokemon Movie 06: Nanayo no Negaiboshi Jirachi | Saiki Kusuo no Ψ-nan: Kanketsu-hen | Akame ga Kill! | Dragon Ball Z | Baki: Dai Raitaisai-hen | High Score Girl II | K-On!: Live House! | Uzaki-chan wa Asobitai! | Sennen Joyuu,101
strong_personalization_case,Profile-level tuned product hybrid recovered a liked title that popularity did not place in the visible 12-item row.,2139357796,Fan,169,9917,Pokemon Movie 14 White: Victini to Kuroki Eiyuu Zekrom,6.67,21,19,5,1,1,1,1,1,1,6599.81298828125,5.786294460296631,10767.04296875,0.3622676432132721,0.7687455415725708,0.6895772218704224,0.7647588849067688,0.7647588849067688,9917,Pokemon Movie 14 White: Victini to Kuroki Eiyuu Zekrom,Pokemon Movie 14 White: Victini to Kuroki Eiyuu Zekrom | 3-gatsu no Lion | Saihate no Paladin | Pokemon: Pikachu no Fuyuyasumi (2001) | Digimon Adventure tri. 5: Kyousei | Boku no Kokoro no Yabai Yatsu | Tottoko Hamtarou | Suzumiya Haruhi no Yuuutsu (2009) | IDOLiSH7 | Koro-sensei Quest! | Seto no Hanayome OVA | Chihayafuru 2,101
strong_personalization_case,Profile-level tuned product hybrid recovered a liked title that popularity did not place in the visible 12-item row.,23496123,Fan,168,1709,Pokemon: Mewtwo! Ware wa Koko ni Ari,7.09,23,20,9,7,1,1,1,1,1,7860.92626953125,6.400000095367432,6064.681640625,0.2959228754043579,0.727742075920105,0.6518045663833618,0.7141903638839722,0.7141903638839722,1709,Pokemon: Mewtwo! Ware wa Koko ni Ari,Pokemon: Mewtwo! Ware wa Koko ni Ari | Stranger: Mukou Hadan | Black Bullet | Dororo | Pokemon Movie 17: Hakai no Mayu to Diancie | Digimon Frontier | Kimetsu no Yaiba | Denpa Onna to Seishun Otoko | Inferno Cop | Rockman.EXE | Witchblade | Murder Princess,101
strong_personalization_case,Profile-level tuned product hybrid recovered a liked title that popularity did not place in the visible 12-item row.,29474180,Fan,284,894,Dragon Ball Z Movie 01: Ora no Gohan wo Kaese!!,6.63,23,21,7,8,1,2,2,1,1,10766.5849609375,8.663397789001465,8120.41162109375,0.3930929899215698,0.7656515836715698,0.7566412687301636,0.8058605790138245,0.8058605790138245,894,Dragon Ball Z Movie 01: Ora no Gohan wo Kaese!!,Dragon Ball Z Movie 01: Ora no Gohan wo Kaese!! | Inuyashiki | Tokyo Revengers: Tenjiku-hen | Plastic Memories | Corpse Party: Tortured Souls - Bougyakusareta Tamashii no Jukyou | Tondemo Skill de Isekai Hourou Meshi | Shokugeki no Souma | Tongari Boushi no Atelier | Suzumiya Haruhi no Yuuutsu | Meitantei Conan Movie 13: Shikkoku no Chaser | Radiant | Street Fighter II V,101
strong_personalization_case,Profile-level tuned product hybrid recovered a liked title that popularity did not place in the visible 12-item row.,33140490,Casual,85,42603,Boku no Hero Academia: Ikinokore! Kesshi no Survival Kunren,7.17,13,25,3,1,1,2,1,1,1,3595.482666015625,6.425351619720459,10511.9638671875,0.14762672781944275,0.8079970479011536,0.7647379636764526,0.829902172088623,0.829902172088623,42603,Boku no Hero Academia: Ikinokore! Kesshi no Survival Kunren,Boku no Hero Academia: Ikinokore! Kesshi no Survival Kunren | Gekkan Shoujo Nozaki-kun | Beastars 2nd Season | Haibane Renmei | Bakuten!! | Code Geass: Fukkatsu no Lelouch | Kakegurui Picture Drama | Juubee Ninpuuchou | Love Live! The School Idol Movie | Bishoujo Senshi Sailor Moon Eternal Movie 1 | Hetalia Axis Powers | Black Blood Brothers,101
strong_personalization_case,Profile-level tuned product hybrid recovered a liked title that popularity did not place in the visible 12-item row.,33696600,Fan,317,36726,Yuragi-sou no Yuuna-san,6.97,13,10,3,17,3,3,1,1,1,16190.5888671875,18.21875,5329.49365234375,0.3097054064273834,0.6566716432571411,0.686976432800293,0.7075568437576294,0.7075568437576294,36726,Yuragi-sou no Yuuna-san,Yuragi-sou no Yuuna-san | Ore no Imouto ga Konnani Kawaii Wake ga Nai. | Kami nomi zo Shiru Sekai II | Shinsekai yori | Quanzhi Gaoshou | Mieruko-chan | Kotoura-san | Naruto | Machikado Mazoku: 2-choume | Nakitai Watashi wa Neko wo Kaburu | Hitsugi no Chaika: Nerawareta Hitsugi/Yomigaeru Iseki | Kaguya-sama wa Kokurasetai: First Kiss wa Owaranai,101
strong_personalization_case,Profile-level tuned product hybrid recovered a liked title that popularity did not place in the visible 12-item row.,2096599444,Casual,104,40752,Bishounen Tanteidan,7.06,18,6,1,12,3,2,1,1,1,5903.8583984375,14.065668106079102,1718.1461181640625,0.049560561776161194,0.7711337804794312,0.8637407422065735,0.8675347566604614,0.8675347566604614,40752,Bishounen Tanteidan,Bishounen Tanteidan | Vivy: Fluorite Eye's Song | Bakuman. 2nd Season | Yojouhan Shinwa Taikei | Kizumonogatari II: Nekketsu-hen | Kanon Kazahana | Narutaru: Mukuro Naru Hoshi Tama Taru Ko | Hayate no Gotoku! | Chuubyou Gekihatsu Boy | Nichijou: Original Jikai Yokoku | Goku Sayonara Zetsubou Sensei | Ryuugajou Nanana no Maizoukin,101
strong_personalization_case,Profile-level tuned product hybrid recovered a liked title that popularity did not place in the visible 12-item row.,1801605118,Casual,127,53879,Kamonohashi Ron no Kindan Suiri,7.51,15,12,1,14,1,1,1,1,1,6392.3486328125,17.49481964111328,2968.62060546875,0.23898831009864807,0.8258516788482666,0.9250425100326538,0.9441196918487549,0.9441196918487549,53879,Kamonohashi Ron no Kindan Suiri,Kamonohashi Ron no Kindan Suiri | Doukyuusei | Somali to Mori no Kamisama | Danganronpa 3: The End of Kibougamine Gakuen - Mirai-hen | Kanojo ga Koushaku-tei ni Itta Riyuu | Dead Mount Death Play | Gankutsuou | Phantom: Requiem for the Phantom | Arknights: Prelude to Dawn | Kuroko no Basket 2nd Season NG-shuu | Ginga Eiyuu Densetsu | Watashi ga Motenai no wa Dou Kangaetemo Omaera ga Warui!,101
strong_personalization_case,Profile-level tuned product hybrid recovered a liked title that popularity did not place in the visible 12-item row.,1811424644,Casual,91,780,Meitantei Conan Movie 02: 14-banme no Target,7.88,21,22,2,5,1,1,1,1,1,3380.818359375,8.468425750732422,3885.776123046875,0.18698525428771973,0.8082306385040283,0.9071487188339233,0.9428900480270386,0.9428900480270386,780,Meitantei Conan Movie 02: 14-banme no Target,Meitantei Conan Movie 02: 14-banme no Target | Gokushufudou | Hyouka | Babylon | Meitantei Conan Movie 08: Ginyoku no Time Travel Recap | Eyeshield 21 | Given | Doraemon Movie 25: Nobita no Wan Nyan Jikuuden | Gachiakuta | Doraemon: Kaette Kita Doraemon | Pokemon (2019): Natsuyasumi Chokuzen 1-jikan Special | Ninja to Gokudou,101
strong_personalization_case,Profile-level tuned product hybrid recovered a liked title that popularity did not place in the visible 12-item row.,1811796620,Beginner,31,45560,Orient,6.62,22,18,1,1,7,1,1,1,1,1344.16015625,7.135494232177734,1789.806640625,0.012816982343792915,0.7405692934989929,0.8305025696754456,0.8305025696754456,0.8305025696754456,45560,Orient,"Orient | Nagi no Asu kara | Arslan Senki (TV) | Fairy Tail OVA | Subarashiki Kono Sekai The Animation | Working!!! | Tokyo Ghoul:re | Tensei shitara Dainana Ouji Datta node, Kimama ni Majutsu wo Kiwamemasu | Akatsuki no Yona OVA | To LOVE-Ru OVA | Kami no Tou: Ouji no Kikan | Kono Yo no Hate de Koi wo Utau Shoujo YU-NO",101
strong_personalization_case,Profile-level tuned product hybrid recovered a liked title that popularity did not place in the visible 12-item row.,1813248607,Casual,64,14511,Minami-ke Tadaima,7.65,20,2,1,1,1,1,1,1,1,3451.408447265625,8.158883094787598,2550.8115234375,0.14717695116996765,0.9180724620819092,0.9639220237731934,0.9823619723320007,0.9823619723320007,14511,Minami-ke Tadaima,Minami-ke Tadaima | Mushishi | Girls & Panzer: Saishuushou Part 3 | Hayate no Gotoku! Can't Take My Eyes Off You | Joshikausei | Miss Monochrome The Animation 2 | Morita-san wa Mukuchi | Go! Go! 575 | Dr. Stone: New World Part 2 | Higurashi no Naku Koro ni Kira | Aikatsu Friends! | To Heart 2,101
strong_personalization_case,Profile-level tuned product hybrid recovered a liked title that popularity did not place in the visible 12-item row.,332029344,Fan,164,33047,Fate/Extra: Last Encore,6.31,16,11,3,5,1,3,2,1,1,8775.48828125,21.23857879638672,8424.6015625,0.232469379901886,0.8485302329063416,0.8742231726646423,0.9056432247161865,0.9056432247161865,33047,Fate/Extra: Last Encore,Fate/Extra: Last Encore | Durarara!! | Enen no Shouboutai | Jibaku Shounen Hanako-kun | Toriko | Hinamatsuri | Persona 3 the Movie 4: Winter of Rebirth | Mairimashita! Iruma-kun 3rd Season | Grisaia no Rakuen | Baby Steps 2nd Season | Little Busters! Refrain | Accel World EX,101
strong_personalization_case,Profile-level tuned product hybrid recovered a liked title that popularity did not place in the visible 12-item row.,333154886,Casual,63,139,Hunter x Hunter: Greed Island Final,8.25,14,27,2,7,1,2,1,1,1,2158.89453125,7.386294364929199,1720.87255859375,0.108952596783638,0.8638149499893188,0.9310544729232788,0.9463075399398804,0.9463075399398804,139,Hunter x Hunter: Greed Island Final,Hunter x Hunter: Greed Island Final | Ichiban Ushiro no Daimaou | Log Horizon 2nd Season | One Piece Movie 07: Karakuri-jou no Mecha Kyohei | Omamori Himari | Infinite Dendrogram | Shichisei no Subaru | WWW.Working!! | Shaman King Specials | Ichigo 100%: Koi ga Hajimaru?! Satsuei Gasshuku - Yureru Kokoro ga Higashi e Nishi e | Kuroko no Basket NG-shuu | Youkoso Jitsuryoku Shijou Shugi no Kyoushitsu e 3rd Season,101
strong_personalization_case,Profile-level tuned product hybrid recovered a liked title that popularity did not place in the visible 12-item row.,333887976,Casual,84,967,Hokuto no Ken,7.96,27,14,1,49,8,7,1,1,1,4613.96240234375,21.278186798095703,610.9238891601562,0.045028429478406906,0.6396803259849548,0.7666906118392944,0.7717318534851074,0.7717318534851074,967,Hokuto no Ken,Hokuto no Ken | Kiznaiver | Shinsekai yori | Kami nomi zo Shiru Sekai | Inazuma Eleven | Fate/Grand Order: Zettai Majuu Sensen Babylonia | World Trigger | Hyouka | Dandadan 2nd Season | Vampire Hunter D (2000) | One Piece Film: Gold | One Piece Film: Red,101
strong_personalization_case,Profile-level tuned product hybrid recovered a liked title that popularity did not place in the visible 12-item row.,298136445,Veteran,570,33605,Ling Qi,7.2,27,26,5,54,3,4,5,1,1,16074.6162109375,7.608870506286621,2038.811767578125,0.2501470744609833,0.5529288649559021,0.5243590474128723,0.6787740588188171,0.6787740588188171,33605,Ling Qi,"Ling Qi | Little Witch Academia (TV) | Kono Danshi, Ningyo Hiroimashita. | Boku no Hero Academia the Movie 1: Futari no Hero | Shingeki no Kyojin Season 3 | Kitsutsuki Tanteidokoro | Akane-banashi | Double Decker! Doug & Kirill | Brotherhood: Final Fantasy XV | Zatsu Tabi: That's Journey | Kunoichi Tsubaki no Mune no Uchi | Naruto",101
strong_personalization_case,Profile-level tuned product hybrid recovered a liked title that popularity did not place in the visible 12-item row.,1819247856,Fan,269,48542,Do It Yourself!!,7.46,15,19,1,34,1,1,1,1,1,11397.6376953125,28.47581672668457,1998.334228515625,0.38978099822998047,0.8337996006011963,0.9288660287857056,0.9385837316513062,0.9385837316513062,48542,Do It Yourself!!,Do It Yourself!! | Uchuu Patrol Luluco | Ookami Kodomo no Ame to Yuki | Hibike! Euphonium 3 | Dagashi Kashi | Sakura Trick | Mairimashita! Iruma-kun | Sorairo Utility (TV) | Kaguya-hime no Monogatari | Kirei ni Shitemoraemasu ka. | Tamayura | Re:Zero kara Hajimeru Isekai Seikatsu 3rd Season,101
strong_personalization_case,Profile-level tuned product hybrid recovered a liked title that popularity did not place in the visible 12-item row.,1819536660,Fan,218,12119,Natsu-iro Kiseki,7.05,23,2,1,9,2,1,1,1,1,13595.6298828125,19.774120330810547,3751.80517578125,0.16551247239112854,0.8689732551574707,0.9281816482543945,0.9341629147529602,0.9341629147529602,12119,Natsu-iro Kiseki,Natsu-iro Kiseki | Strike Witches Movie | Strike Witches OVA | Kimi no Iru Machi | Mahoraba: Heartful Days | Dennou Coil | Darling in the FranXX | Momo e no Tegami | Kino no Tabi: The Beautiful World - The Animated Series | Isekai Izakaya: Koto Aitheria no Izakaya Nobu | True Tears: Mini Chara 4-koma Gekijou | Aa! Megami-sama! (2011),101
strong_personalization_case,Profile-level tuned product hybrid recovered a liked title that popularity did not place in the visible 12-item row.,1820613878,Fan,157,38337,Gochuumon wa Usagi desu ka? Bloom,7.92,14,18,1,1,1,1,1,1,1,6070.5361328125,14.75460433959961,7471.146484375,0.184635192155838,0.8534202575683594,0.9357165098190308,0.977203905582428,0.977203905582428,38337,Gochuumon wa Usagi desu ka? Bloom,Gochuumon wa Usagi desu ka? Bloom | Baka to Test to Shoukanjuu | Kemono Friends | Boku no Hero Academia 2nd Season | K-On!: Ura-On! | Seiyuu Radio no Uraomote | Kaijuu 8-gou | Aria the Natural | Takunomi. | Inazuma Eleven: Ares no Tenbin | Mou Ippon! | Kamichu!,101
strong_personalization_case,Profile-level tuned product hybrid recovered a liked title that popularity did not place in the visible 12-item row.,1821294085,Veteran,1260,11837,Zetman,6.83,14,6,2,10,5,5,3,1,1,57551.32421875,22.73348617553711,22727.421875,0.21737337112426758,0.5302538275718689,0.5433250665664673,0.578046441078186,0.578046441078186,11837,Zetman,Zetman | Shokugeki no Souma: Shin no Sara | Kubo-san wa Mob wo Yurusanai | High Score Girl II | Kuroiwa Medaka ni Watashi no Kawaii ga Tsuujinai | Tasokare Hotel | Gantz 2nd Stage | Birdie Wing: Golf Girls' Story Season 2 | Beck | Dekiru Neko wa Kyou mo Yuuutsu | Hachigatsu no Cinderella Nine | Kanojo to Kanojo no Neko: Everything Flows,101
strong_personalization_case,Profile-level tuned product hybrid recovered a liked title that popularity did not place in the visible 12-item row.,1827972620,Veteran,743,36906,Jashin-chan Dropkick,7.07,22,2,4,65,4,4,3,1,1,51114.78125,18.717693328857422,2139.6181640625,0.42004406452178955,0.5645960569381714,0.487323522567749,0.6707562208175659,0.6707562208175659,36906,Jashin-chan Dropkick,Jashin-chan Dropkick | Tensai Ouji no Akaji Kokka Saisei Jutsu | Horimiya | Hikikomari Kyuuketsuki no Monmon | Just Because! | Tsugu Tsugumomo | Tsuujou Kougeki ga Zentai Kougeki de Ni-kai Kougeki no Okaasan wa Suki desu ka? Namiuchigiwa no Okaasan wa Suki desu ka? | Hananoi-kun to Koi no Yamai | Nisekoi: | BNA | Mushoku no Eiyuu: Betsu ni Skill Nanka Iranakatta n da ga | Tu Bian Yingxiong Leaf,101
strong_personalization_case,Profile-level tuned product hybrid recovered a liked title that popularity did not place in the visible 12-item row.,1834546752,Casual,58,31389,Fate/stay night: Unlimited Blade Works 2nd Season - Sunny Day,7.47,13,43,8,1,1,1,1,1,1,1378.8731689453125,2.0,2891.66015625,0.17671479284763336,0.7432045340538025,0.6449992656707764,0.7284280061721802,0.7284280061721802,31389,Fate/stay night: Unlimited Blade Works 2nd Season - Sunny Day,Fate/stay night: Unlimited Blade Works 2nd Season - Sunny Day | Sakamoto desu ga? | Servant x Service | Vivy: Fluorite Eye's Song | Kanojo to Kanojo no Neko: Everything Flows | Mangaka-san to Assistant-san to The Animation Specials | Mirai Nikki (TV): Ura Mirai Nikki | Konjiki no Gash Bell!! | Tamako Market | Tatoeba Last Dungeon Mae no Mura no Shounen ga Joban no Machi de Kurasu Youna Monogatari | One Piece: Yume no Soccer Ou! | Gnosia,101
strong_personalization_case,Profile-level tuned product hybrid recovered a liked title that popularity did not place in the visible 12-item row.,291947321,Fan,329,10686,Naruto: Honoo no Chuunin Shiken! Naruto vs. Konohamaru!!,7.18,22,22,3,1,1,1,1,1,1,8355.9951171875,5.094344615936279,14046.4638671875,0.4245379567146301,0.8052907586097717,0.7136639356613159,0.7366461753845215,0.7366461753845215,10686,Naruto: Honoo no Chuunin Shiken! Naruto vs. Konohamaru!!,Naruto: Honoo no Chuunin Shiken! Naruto vs. Konohamaru!! | Tensei shitara Ken deshita | Pokemon: Utae Meloetta - Rinka no Mi wo Sagase! | One Piece Fan Letter | Mob Psycho 100: Reigen - Shirarezaru Kiseki no Reinouryokusha | Mob Psycho 100: Dai Ikkai Rei toka Soudansho Ian Ryokou - Kokoro Mitasu Iyashi no Tabi | Cike Wu Liuqi | High School DxD | Shin Samurai-den Yaiba | No Game No Life Specials | Nanatsu no Taizai: Mokushiroku no Yonkishi | Jewelpet,101
strong_personalization_case,Profile-level tuned product hybrid recovered a liked title that popularity did not place in the visible 12-item row.,1801103202,Fan,296,57944,"Party kara Tsuihou sareta Sono Chiyushi, Jitsu wa Saikyou ni Tsuki",5.71,34,15,2,37,2,2,1,1,1,12536.970703125,17.1303653717041,2603.864501953125,0.2821981608867645,0.594731867313385,0.6844223141670227,0.7218729257583618,0.7218729257583618,57944,"Party kara Tsuihou sareta Sono Chiyushi, Jitsu wa Saikyou ni Tsuki","Party kara Tsuihou sareta Sono Chiyushi, Jitsu wa Saikyou ni Tsuki | Undead Girl Murder Farce | Koe no Katachi | Kakushigoto | Ijiranaide, Nagatoro-san 2nd Attack | Rikei ga Koi ni Ochita no de Shoumei shitemita. | Tasokare Hotel | Bungou Stray Dogs 2nd Season | Yamada-kun to 7-nin no Majo | Yuusha no Kuzu | One Punch Man 2nd Season Specials | Granblue Fantasy The Animation Season 2",101
strong_personalization_case,Profile-level tuned product hybrid recovered a liked title that popularity did not place in the visible 12-item row.,1791223107,Casual,106,80,Kidou Senshi Gundam,7.78,17,3,1,9,1,1,1,1,1,8801.4345703125,21.717613220214844,1868.25,0.15517348051071167,0.8943862915039062,0.9501399993896484,0.9429523944854736,0.9429523944854736,80,Kidou Senshi Gundam,Kidou Senshi Gundam | Fushigi Yuugi | InuYasha Movie 3: Tenka Hadou no Ken | Bishoujo Senshi Sailor Moon Crystal | xxxHOLiC Movie: Manatsu no Yoru no Yume | Tenjou Tenge: The Ultimate Fight | Kidou Senkan Nadesico: The Prince of Darkness | Bishoujo Senshi Sailor Moon R: Make Up! Sailor Senshi | Armitage III: Poly-Matrix | Gyakkyou Burai Kaiji: Hakairoku-hen | .hack//G.U. Returner | Hungry Heart: Wild Striker,101
strong_personalization_case,Profile-level tuned product hybrid recovered a liked title that popularity did not place in the visible 12-item row.,357539174,Beginner,39,21563,Kamigami no Asobi,6.99,26,1,1,13,4,1,1,1,1,3618.080810546875,10.154401779174805,1593.489013671875,0.10003490000963211,0.8182965517044067,0.8838038444519043,0.8838038444519043,0.8838038444519043,21563,Kamigami no Asobi,"Kamigami no Asobi | Gakuen Alice | Sekaiichi Hatsukoi | Satsuriku no Tenshi | Kami no Tou | Bleach: Sennen Kessen-hen | Sugar Apple Fairy Tale Part 2 | Kimi ni Todoke: Kataomoi | Overlord IV | Kamichama Karin | Natsu e no Tunnel, Sayonara no Deguchi | Ultra Maniac",101
strong_personalization_case,Profile-level tuned product hybrid recovered a liked title that popularity did not place in the visible 12-item row.,360713797,Beginner,27,57647,Uma Musume: Pretty Derby - Shin Jidai no Tobira,8.64,13,2,1,2,2,1,1,1,1,2186.63720703125,19.220884323120117,759.8536987304688,0.10035481303930283,0.8689996004104614,0.9086747169494629,0.9086747169494629,0.9086747169494629,57647,Uma Musume: Pretty Derby - Shin Jidai no Tobira,Uma Musume: Pretty Derby - Shin Jidai no Tobira | Dungeon Meshi | Love Live! The School Idol Movie | Sewayaki Kitsune no Senko-san | Summer Pockets | Saenai Heroine no Sodatekata Fine | Sakura Trick | Kaichou wa Maid-sama! | Saki: Zenkoku-hen | Endro~! | Harmonie | Fangkai Nage Nuwu,101
strong_personalization_case,Profile-level tuned product hybrid recovered a liked title that popularity did not place in the visible 12-item row.,361438598,Casual,86,1526,Pokemon Movie 08: Mew to Hadou no Yuusha Lucario,7.34,14,6,7,1,1,1,1,1,1,3624.05712890625,2.4000000953674316,3335.1533203125,0.3471989035606384,0.8107633590698242,0.7287343144416809,0.7900177240371704,0.7900177240371704,1526,Pokemon Movie 08: Mew to Hadou no Yuusha Lucario,Pokemon Movie 08: Mew to Hadou no Yuusha Lucario | Ahiru no Sora | Shirobako | Kami nomi zo Shiru Sekai: Megami-hen | Blue Lock | Kakumeiki Valvrave | Hajime no Ippo: Boxer no Kobushi | Tensei shitara Slime Datta Ken | Mirai Nikki | Bouken Ou Beet | Battle Spirits: Heroes | Burn the Witch,101
strong_personalization_case,Profile-level tuned product hybrid recovered a liked title that popularity did not place in the visible 12-item row.,362361759,Casual,94,45055,Taishou Otome Otogibanashi,7.79,13,5,1,32,1,1,1,1,1,5388.14794921875,14.330278396606445,787.8336181640625,0.10924530774354935,0.8748118877410889,0.9394161105155945,0.9251150488853455,0.9251150488853455,45055,Taishou Otome Otogibanashi,Taishou Otome Otogibanashi | Kobayashi-san Chi no Maid Dragon S: Nippon no Omotenashi - Attend wa Dragon desu | Kotarou wa Hitorigurashi | Odd Taxi | Kara no Kyoukai Movie 1: Fukan Fuukei | Naruto: Shippuuden | Bokura no Ame-iro Protocol | Super Danganronpa 2.5: Komaeda Nagito to Sekai no Hakaisha | Sakura Trick | Anne Happy♪ | Alma-chan wa Kazoku ni Naritai | Yuu☆Yuu☆Hakusho,101
strong_personalization_case,Profile-level tuned product hybrid recovered a liked title that popularity did not place in the visible 12-item row.,368740069,Veteran,1340,53397,Tsuyokute New Saga,6.57,25,14,7,15,1,1,1,1,1,42204.640625,10.981080055236816,20920.9609375,0.6833068132400513,0.6936812400817871,0.645609974861145,0.7640880942344666,0.7640880942344666,53397,Tsuyokute New Saga,Tsuyokute New Saga | Nomad: Megalo Box 2 | Maoyuu Maou Yuusha | Tsurezure Children | Akanesasu Shoujo | Human Bug Daigaku | Cowboy Bebop | Yoru wa Neko to Issho Season 2 | Re:Zero kara Hajimeru Break Time 4th Season | Katarina to Manabou | Mahou Shoujo Lyrical Nanoha StrikerS | Miira no Kaikata,101
strong_personalization_case,Profile-level tuned product hybrid recovered a liked title that popularity did not place in the visible 12-item row.,1816073384,Fan,460,1367,Meitantei Conan Movie 08: Ginyoku no Magician,8.05,21,33,1,6,1,1,1,1,1,12984.130859375,24.732757568359375,17630.748046875,0.5479382872581482,0.8146076202392578,0.918938398361206,0.9578195810317993,0.9578195810317993,1367,Meitantei Conan Movie 08: Ginyoku no Magician,"Meitantei Conan Movie 08: Ginyoku no Magician | Salaryman ga Isekai ni Ittara Shitennou ni Natta Hanashi | Himesama ""Goumon"" no Jikan desu | Ishura | Kingdom 3rd Season | Haikyuu!! Lev Genzan! | Ookami Kodomo no Ame to Yuki | Black★Rock Shooter (TV) | Druaga no Tou: The Aegis of Uruk | Tsubasa: Tokyo Revelations | Free! Movie 3: Road to the World - Yume | Summer Pockets",101
strong_personalization_case,Profile-level tuned product hybrid recovered a liked title that popularity did not place in the visible 12-item row.,1816534917,Fan,256,49858,Shinigami Bocchan to Kuro Maid 2nd Season,7.63,14,7,2,10,3,3,1,1,1,13388.71875,19.836746215820312,5286.67236328125,0.13454672694206238,0.6618756651878357,0.744527280330658,0.7543733716011047,0.7543733716011047,49858,Shinigami Bocchan to Kuro Maid 2nd Season,"Shinigami Bocchan to Kuro Maid 2nd Season | Saiki Kusuo no Ψ-nan 2 | K-On!! | Mirai Nikki (TV) | Haikyuu!! | Kore wa Zombie desu ka? of the Dead | Joshiraku | ""Bungaku Shoujo"" Memoire | The iDOLM@STER | One Piece: Gyojin Tou-hen | Murai no Koi | Tsuki ga Michibiku Isekai Douchuu",101
strong_personalization_case,Profile-level tuned product hybrid recovered a liked title that popularity did not place in the visible 12-item row.,1136081203,Casual,81,34392,One Room,5.57,28,13,3,36,3,3,2,1,1,3650.693603515625,4.6931471824646,461.9540710449219,0.036563389003276825,0.7206423282623291,0.7699920535087585,0.8015500903129578,0.8015500903129578,34392,One Room,"One Room | Dog Days | Banana Fish | Gakkou no Kaidan | Uchi no Kaisha no Chiisai Senpai no Hanashi | Steel Ball Run: JoJo no Kimyou na Bouken | Wind Breaker | Gunjou no Magmell | Kanojo, Okarishimasu Petit 2nd Season | Romantic Killer | One Piece Movie 04: Dead End no Bouken | Youkoso Jitsuryoku Shijou Shugi no Kyoushitsu e 4th Season: 2-nensei-hen 1 Gakki",101
strong_personalization_case,Profile-level tuned product hybrid recovered a liked title that popularity did not place in the visible 12-item row.,1106428363,Casual,83,3515,Saint Seiya: Meiou Hades Elysion-hen,7.6,21,20,2,4,1,1,1,1,1,2892.480224609375,8.0,2551.288330078125,0.3059743046760559,0.8437932133674622,0.9179197549819946,0.9476289749145508,0.9476289749145508,3515,Saint Seiya: Meiou Hades Elysion-hen,Saint Seiya: Meiou Hades Elysion-hen | Campione! Matsurowanu Kamigami to Kamigoroshi no Maou | Gantz 2nd Stage | Shin Tenchi Muyou! | Nurarihyon no Mago | Strike the Blood | Mirai Nikki: Redial | One Piece 3D: Mugiwara Chase | Kidou Senshi Gundam 00 Special Edition | Magia Record: Mahou Shoujo Madoka☆Magica Gaiden | Aa! Megami-sama! Movie | Assault Lily: Bouquet,101
strong_personalization_case,Profile-level tuned product hybrid recovered a liked title that popularity did not place in the visible 12-item row.,1107332040,Casual,77,32899,Watashi ga Motete Dousunda,6.92,13,25,5,8,1,2,3,1,1,3066.5205078125,6.699500560760498,3871.25927734375,0.18558931350708008,0.7608427405357361,0.6885355710983276,0.742861270904541,0.742861270904541,32899,Watashi ga Motete Dousunda,Watashi ga Motete Dousunda | Clannad | Jibaku Shounen Hanako-kun | Bakuman. | Darker than Black: Kuro no Keiyakusha | Super Lovers | Akuma no Riddle | Inazuma Eleven | Tsuritama | Shingeki no Kyojin Movie 1: Guren no Yumiya | Tight-rope | Otome Youkai Zakuro,101
strong_personalization_case,Profile-level tuned product hybrid recovered a liked title that popularity did not place in the visible 12-item row.,1111066251,Fan,313,61943,Haibara-kun no Tsuyokute Seishun New Game,6.61,31,12,1,59,5,5,1,1,1,12936.517578125,14.618666648864746,1354.1646728515625,0.10535787791013718,0.6305439472198486,0.7740212082862854,0.7892135977745056,0.7892135977745056,61943,Haibara-kun no Tsuyokute Seishun New Game,Haibara-kun no Tsuyokute Seishun New Game | Magi: Sinbad no Bouken (TV) | Cider no You ni Kotoba ga Wakiagaru | Boruto: Naruto the Movie - Naruto ga Hokage ni Natta Hi | Full Metal Panic? Fumoffu | Chuunibyou demo Koi ga Shitai! Movie: Take On Me | Jibaku Shounen Hanako-kun 2 | Shokugeki no Souma: Ni no Sara OVA | Gundam Build Fighters | Love Live! Sunshine!! 2nd Season | Kakushigoto Movie | Xiehou Ta de Shaonu Shidai,101
strong_personalization_case,Profile-level tuned product hybrid recovered a liked title that popularity did not place in the visible 12-item row.,1155411522,Casual,95,27957,Steins;Gate: Soumei Eichi no Cognitive Computing,7.44,15,53,11,6,1,1,2,1,1,2353.617431640625,3.3025851249694824,4157.07470703125,0.16396865248680115,0.7141680717468262,0.6338494420051575,0.7073489427566528,0.7073489427566528,27957,Steins;Gate: Soumei Eichi no Cognitive Computing,Steins;Gate: Soumei Eichi no Cognitive Computing | D.Gray-man | Saint Seiya: Meiou Hades Juuni Kyuu-hen | Clannad: After Story | Blame! Movie | Gin no Saji | Ousama Game The Animation | Kuroko no Basket: Baka ja Katenai no yo! | Mairimashita! Iruma-kun | Casshern Sins | Babylon | InuYasha: Kanketsu-hen,101
strong_personalization_case,Profile-level tuned product hybrid recovered a liked title that popularity did not place in the visible 12-item row.,1155724469,Casual,58,10357,Jinrui wa Suitai Shimashita,7.7,18,16,3,20,3,2,2,1,1,2641.846923828125,7.624619007110596,812.5761108398438,0.07715499401092529,0.7275433540344238,0.7550275325775146,0.7861602902412415,0.7861602902412415,10357,Jinrui wa Suitai Shimashita,Jinrui wa Suitai Shimashita | Summer Wars | Aria the Animation | Aku no Hana | Nakitai Watashi wa Neko wo Kaburu | Tonikaku Kawaii | Asagao to Kase-san. | Sora no Method | Assault Lily: Bouquet | Fate/Prototype | Inugami-san to Nekoyama-san: Nekoyama-san to Onsen Ryokou | Date A Live III,101
strong_personalization_case,Profile-level tuned product hybrid recovered a liked title that popularity did not place in the visible 12-item row.,1083623248,Fan,362,53865,Yozakura-san Chi no Daisakusen,7.58,17,8,3,4,1,1,1,1,1,18197.560546875,11.724417686462402,7759.861328125,0.588097333908081,0.753377377986908,0.7118702530860901,0.7703235745429993,0.7703235745429993,53865,Yozakura-san Chi no Daisakusen,Yozakura-san Chi no Daisakusen | Kanojo mo Kanojo | Fantasy Bishoujo Juniku Ojisan to | Renmei Kuugun Koukuu Mahou Ongakutai Luminous Witches | Love Live! The School Idol Movie | Yama no Susume: Next Summit | Tensei shitara Slime Datta Ken OVA | Tonikaku Kawaii: SNS | Tonari no Kaibutsu-kun | Hikari no Ou | BanG Dream! Movie: Episode of Roselia - I: Yakusoku | Inugami-san to Nekoyama-san,101
strong_personalization_case,Profile-level tuned product hybrid recovered a liked title that popularity did not place in the visible 12-item row.,1089110005,Beginner,12,2923,Shugo Chara!,7.41,13,1,1,5,1,1,1,1,1,1606.275146484375,9.822819709777832,433.493408203125,0.024751190096139908,0.908215343952179,0.9607961177825928,0.9607961177825928,0.9607961177825928,2923,Shugo Chara!,Shugo Chara! | Nisemonogatari | Ao no Exorcist Movie | Romeo x Juliet | Paradise Kiss | Higurashi no Naku Koro ni Kaku: Outbreak | Binbougami ga! | SSSS.Gridman | Kemono Friends | Shirobako | Slayers Try | BanG Dream! Asonjatta!,101
strong_personalization_case,Profile-level tuned product hybrid recovered a liked title that popularity did not place in the visible 12-item row.,2072461069,Fan,198,26,Texhnolyze,7.76,17,1,1,33,2,1,1,1,1,17559.837890625,57.11949920654297,1351.7352294921875,0.2501083016395569,0.8183461427688599,0.8750610947608948,0.8432104587554932,0.8432104587554932,26,Texhnolyze,Texhnolyze | Black Lagoon: Roberta's Blood Trail | Goku Sayonara Zetsubou Sensei | Break Blade Movie 4: Sanka no Chi | 91 Days | Galaxy Angel | Bokusatsu Tenshi Dokuro-chan 2 | Coyote Ragtime Show | Kaleido Star: Aratanaru Tsubasa - Extra Stage | Naruto: Shippuuden Movie 6 - Road to Ninja | Kidou Senshi Gundam 00: Tenshi-tachi no Kiseki | Gokujou Seitokai,101
strong_personalization_case,Profile-level tuned product hybrid recovered a liked title that popularity did not place in the visible 12-item row.,1118795561,Casual,78,2154,Tekkon Kinkreet,7.94,18,8,1,75,2,2,1,1,1,5574.849609375,6.674561500549316,17.431652069091797,0.09000270068645477,0.7736514806747437,0.8819435238838196,0.8824688792228699,0.8824688792228699,2154,Tekkon Kinkreet,"Tekkon Kinkreet | Zom 100: Zombie ni Naru made ni Shitai 100 no Koto | Redline | Ginga Tetsudou no Yoru | Gate: Jieitai Kanochi nite, Kaku Tatakaeri | Umineko no Naku Koro ni | Bishoujo Senshi Sailor Moon Crystal | Steins;Gate 0: Kesshou Takei no Valentine - Bittersweet Intermedio | Inaka Isha | 11eyes | Dead Mount Death Play | Captain Herlock",101
strong_personalization_case,Profile-level tuned product hybrid recovered a liked title that popularity did not place in the visible 12-item row.,1121892122,Casual,136,902,Dragon Ball Z Movie 09: Ginga Girigiri!! Bucchigiri no Sugoi Yatsu,7.13,15,36,6,1,1,1,1,1,1,4819.482421875,5.108050346374512,5247.2861328125,0.43393418192863464,0.7902307510375977,0.7193921804428101,0.7886824011802673,0.7886824011802673,902,Dragon Ball Z Movie 09: Ginga Girigiri!! Bucchigiri no Sugoi Yatsu,Dragon Ball Z Movie 09: Ginga Girigiri!! Bucchigiri no Sugoi Yatsu | 86 | Aharen-san wa Hakarenai | Kawaikereba Hentai demo Suki ni Natte Kuremasu ka? | Kami nomi zo Shiru Sekai | Yofukashi no Uta Season 2 | To LOVE-Ru Darkness 2nd | Shoujo☆Kageki Revue Starlight | Digimon Tamers | Yahari Ore no Seishun Love Comedy wa Machigatteiru. OVA | Yuu☆Yuu☆Hakusho: Two Shots/Noru ka Soru ka | Toradora!: Bentou no Gokui,101
strong_personalization_case,Profile-level tuned product hybrid recovered a liked title that popularity did not place in the visible 12-item row.,1121898075,Beginner,20,39617,Yakusoku no Neverland 2nd Season,5.24,14,2,1,8,4,3,1,1,1,1423.1573486328125,4.0,978.6614379882812,0.01912575215101242,0.6214405298233032,0.7043810486793518,0.7043810486793518,0.7043810486793518,39617,Yakusoku no Neverland 2nd Season,Yakusoku no Neverland 2nd Season | Vinland Saga | Kono Oto Tomare! | Great Pretender | Fruits Basket 2nd Season | Psycho-Pass | Mushishi | Keijo!!!!!!!! | Isekai no Seikishi Monogatari | Saishuu Heiki Kanojo | Gakusen Toshi Asterisk 2nd Season | Mahoutsukai no Yome Season 2 Part 2,101
strong_personalization_case,Profile-level tuned product hybrid recovered a liked title that popularity did not place in the visible 12-item row.,1125949997,Casual,128,34430,Meitantei Conan Movie 21: Karakurenai no Love Letter,7.68,31,9,3,6,1,1,1,1,1,6559.39697265625,11.526591300964355,4194.70654296875,0.1535797417163849,0.8213728070259094,0.8568929433822632,0.8828962445259094,0.8828962445259094,34430,Meitantei Conan Movie 21: Karakurenai no Love Letter,Meitantei Conan Movie 21: Karakurenai no Love Letter | Carole & Tuesday | Bakuman. | High Card | Sora yori mo Tooi Basho | Pokemon Advanced Generation | Ansatsu Kyoushitsu: Kagaijugyou-hen | Yu☆Gi☆Oh! Movie: Chou Yuugou! Toki wo Koeta Kizuna | Rainbow: Nisha Rokubou no Shichinin | Shuumatsu Nani Shitemasu ka? Isogashii desu ka? Sukutte Moratte Ii desu ka? | Kodomo no Omocha (TV) | Kidou Senshi Gundam AGE,101
strong_personalization_case,Profile-level tuned product hybrid recovered a liked title that popularity did not place in the visible 12-item row.,1126669732,Casual,57,39491,Psycho-Pass 3,7.44,13,3,1,1,3,2,1,1,1,5977.22119140625,10.91572380065918,5600.33203125,0.10258810222148895,0.867761492729187,0.9012023210525513,0.9074491858482361,0.9074491858482361,39491,Psycho-Pass 3,"Psycho-Pass 3 | Fate/stay night Movie: Heaven's Feel - I. Presage Flower | Vinland Saga Season 2 | Golden Kamuy 3rd Season | Kara no Kyoukai Movie 7: Satsujin Kousatsu (Go) | Hunter x Hunter | Ranpo Kitan: Game of Laplace | Date A Live III | Magic Kaito 1412 | Kono Naka ni Hitori, Imouto ga Iru!: Ani, Imouto, Koibito | Zettai Karen Children | Choujigen Game Neptune The Animation: Yakusoku no Eien - True End",101
strong_personalization_case,Profile-level tuned product hybrid recovered a liked title that popularity did not place in the visible 12-item row.,1133579893,Fan,161,6372,Higashi no Eden Movie I: The King of Eden,7.53,16,5,5,30,1,1,2,1,1,10043.1455078125,8.0,2054.399658203125,0.2992362380027771,0.7404712438583374,0.6591074466705322,0.7015770673751831,0.7015770673751831,6372,Higashi no Eden Movie I: The King of Eden,Higashi no Eden Movie I: The King of Eden | Nichijou | Shinseiki Evangelion | Zero no Tsukaima F | Acchi Kocchi | Onegai☆Teacher: Himitsu na Futari | Fairy Tail: Final Series | Yakitate!! Japan | Enen no Shouboutai: Ni no Shou | Gintama: Yorinuki Gintama-san on Theater 2D | D.Gray-man Hallow | Naruto: Shippuuden Movie 1,101
strong_personalization_case,Profile-level tuned product hybrid recovered a liked title that popularity did not place in the visible 12-item row.,1134613885,Fan,240,1965,Sola,7.17,27,9,1,18,3,3,1,1,1,13231.4765625,32.84660339355469,4349.173828125,0.16644242405891418,0.7858176231384277,0.8709385991096497,0.8693057298660278,0.8693057298660278,1965,Sola,Sola | Kobayashi-san Chi no Maid Dragon | Corpse Party: Tortured Souls - Bougyakusareta Tamashii no Jukyou | Jibaku Shounen Hanako-kun | Ichiban Ushiro no Daimaou Specials | Sakurako-san no Ashimoto ni wa Shitai ga Umatteiru | Lucky☆Star | Nabari no Ou | Sasami-san@Ganbaranai | Hanaukyou Maid-tai | Queen's Blade: Gyokuza wo Tsugu Mono | Aoi Sekai no Chuushin de,101
strong_personalization_case,Profile-level tuned product hybrid recovered a liked title that popularity did not place in the visible 12-item row.,2112091883,Veteran,508,61942,Vigilante: Boku no Hero Academia Illegals 2nd Season,7.39,14,14,6,14,1,1,1,1,1,19388.798828125,7.40119743347168,11316.6328125,0.4449719786643982,0.7250715494155884,0.633391261100769,0.7808544635772705,0.7808544635772705,61942,Vigilante: Boku no Hero Academia Illegals 2nd Season,Vigilante: Boku no Hero Academia Illegals 2nd Season | Mini Dragon Specials | Ao no Exorcist: Yuki no Hate-hen | Honey Lemon Soda | Boogiepop wa Warawanai (2019) | Baccano! Specials | Baki: Dai Raitaisai-hen | Drifters (OVA) | Koro-sensei Quest! | Nakanohito Genome [Jikkyouchuu] | Gochuumon wa Usagi desu ka? Bloom | Sayonara Watashi no Cramer,101
strong_personalization_case,Profile-level tuned product hybrid recovered a liked title that popularity did not place in the visible 12-item row.,2115164597,Fan,379,58131,Shiunji-ke no Kodomotachi,7.05,17,10,3,3,1,1,1,1,1,17585.998046875,26.286903381347656,10704.1796875,0.43259891867637634,0.8154359459877014,0.8061832785606384,0.840977132320404,0.840977132320404,58131,Shiunji-ke no Kodomotachi,"Shiunji-ke no Kodomotachi | Katainaka no Ossan, Kensei ni Naru | Kikansha no Mahou wa Tokubetsu desu | Kaguya-sama wa Kokurasetai? Tensai-tachi no Renai Zunousen OVA | Danshi Koukousei no Nichijou | Ao no Exorcist | Hal | Renai Boukun | True Tears | Boku no Hero Academia the Movie 1: Futari no Hero | Dungeon no Naka no Hito | Synduality: Noir",101
strong_personalization_case,Profile-level tuned product hybrid recovered a liked title that popularity did not place in the visible 12-item row.,43727378,Beginner,15,11751,Senki Zesshou Symphogear,7.05,28,1,1,1,5,2,1,1,1,2466.53173828125,5.386294364929199,2910.943115234375,0.009878069162368774,0.7588497996330261,0.8015493154525757,0.8015493154525757,0.8015493154525757,11751,Senki Zesshou Symphogear,"Senki Zesshou Symphogear | Vanitas no Karte | Keijo!!!!!!!! | Danganronpa 3: The End of Kibougamine Gakuen - Zetsubou-hen | Toaru Majutsu no Index Movie: Endymion no Kiseki | Nurarihyon no Mago | Grancrest Senki | Strike Witches: Road to Berlin | Yahari Ore no Seishun Love Comedy wa Machigatteiru. Kan: Dakara, Shishunki wa Owarazu ni, Seishun wa Tsuzuiteiku. | The iDOLM@STER Cinderella Girls 2nd Season | Nobunaga the Fool | Kimi ni Todoke",101
strong_personalization_case,Profile-level tuned product hybrid recovered a liked title that popularity did not place in the visible 12-item row.,44009727,Fan,197,8476,Otome Youkai Zakuro,7.42,25,18,2,4,1,1,1,1,1,5944.1279296875,12.793859481811523,7580.80126953125,0.1777690351009369,0.7775965332984924,0.7955927848815918,0.8473025560379028,0.8473025560379028,8476,Otome Youkai Zakuro,"Otome Youkai Zakuro | Devilman: Crybaby | Kimi ni Todoke: Kataomoi | Macross F | Tsubasa: Shunraiki | Yondemasu yo, Azazel-san. Z | Oshiete! Galko-chan | Dandadan | Bounen no Xamdou | Sekkou Boys | Free! Movie 5: The Final Stroke - Kouhen | Kono Oto Tomare! Part 2",101
strong_personalization_case,Profile-level tuned product hybrid recovered a liked title that popularity did not place in the visible 12-item row.,47226175,Casual,79,9734,K-On!!: Keikaku!,7.86,13,11,2,2,1,1,2,1,1,3285.0859375,5.896507740020752,4283.208984375,0.18654698133468628,0.8068062663078308,0.7625570297241211,0.8105567693710327,0.8105567693710327,9734,K-On!!: Keikaku!,K-On!!: Keikaku! | Hellsing Ultimate | Stranger: Mukou Hadan | Danna ga Nani wo Itteiru ka Wakaranai Ken | Naruto Movie 2: Dai Gekitotsu! Maboroshi no Chiteiiseki Dattebayo! | Bokusatsu Tenshi Dokuro-chan 2 | Fairy Tail Movie 1: Houou no Miko - Hajimari no Asa | Binzume Yousei | Higurashi no Naku Koro ni Kai Specials | Bounen no Xamdou | Kaginado Season 2 | Sarusuberi: Miss Hokusai,101
strong_personalization_case,Profile-level tuned product hybrid recovered a liked title that popularity did not place in the visible 12-item row.,50329244,Fan,217,880,Aa! Megami-sama! Sorezore no Tsubasa,7.54,24,22,4,16,1,2,1,1,1,7627.46142578125,4.6931471824646,3665.072509765625,0.1296789050102234,0.7759392261505127,0.7471680045127869,0.7933117151260376,0.7933117151260376,880,Aa! Megami-sama! Sorezore no Tsubasa,Aa! Megami-sama! Sorezore no Tsubasa | Tenchi Muyou! Ryououki | Jigoku Shoujo Futakomori | Kono Subarashii Sekai ni Shukufuku wo! 2: Kono Subarashii Geijutsu ni Shukufuku wo! | Nekopara | Break Blade Movie 1: Kakusei no Toki | Azur Lane | Captain Tsubasa | Edomae Elf | Fate/Apocrypha | Bakuten Shoot Beyblade | Hachimitsu to Clover II,101
strong_personalization_case,Profile-level tuned product hybrid recovered a liked title that popularity did not place in the visible 12-item row.,50339325,Casual,122,31327,Shokugeki no Souma OVA,7.32,13,33,7,1,1,1,4,1,1,3752.6337890625,2.4000000953674316,6548.1513671875,0.19207671284675598,0.7669668793678284,0.6632099747657776,0.7387399673461914,0.7387399673461914,31327,Shokugeki no Souma OVA,Shokugeki no Souma OVA | Skip to Loafer | Takt Op. Destiny | Kimi wa Houkago Insomnia | Renai Boukun | Sakamoto desu ga? | Mawaru Penguindrum | Tenchi Muyou! Ryououki | Deadman Wonderland | Raise wa Tanin ga Ii | Aa! Megami-sama! | Rurouni Kenshin DVD-BOX Special Ending,101
strong_personalization_case,Profile-level tuned product hybrid recovered a liked title that popularity did not place in the visible 12-item row.,51479752,Fan,349,39705,One Punch Man 2nd Season Specials,7.39,14,21,8,4,1,1,1,1,1,11099.2470703125,4.4794416427612305,12462.849609375,0.2640005946159363,0.7842404246330261,0.7406019568443298,0.8065895438194275,0.8065895438194275,39705,One Punch Man 2nd Season Specials,One Punch Man 2nd Season Specials | Kumichou Musume to Sewagakari | Tonikaku Kawaii: Joshikou-hen | C: The Money of Soul and Possibility Control | Yoru wa Mijikashi Arukeyo Otome | Code Geass: Hangyaku no Lelouch R2 Special Edition - Zero Requiem | Psycho-Pass: Sinners of the System Case.3 - Onshuu no Kanata ni＿＿ | Tonari no Seki-kun | Bungou Stray Dogs: Hitori Ayumu | Mugen no Juunin: Immortal | Golden Kamuy: Barato no Youjinbou/Kaiki! Nazo no Kyodai Tori | Needless,101
strong_personalization_case,Profile-level tuned product hybrid recovered a liked title that popularity did not place in the visible 12-item row.,2097936018,Fan,150,31338,Hundred,6.3,15,8,1,43,1,1,1,1,1,8505.2001953125,17.060340881347656,1136.28125,0.37356144189834595,0.8388828039169312,0.9311196804046631,0.9366446733474731,0.9366446733474731,31338,Hundred,"Hundred | Shiguang Dailiren | 86 | Domestic na Kanojo | Uchiage Hanabi, Shita kara Miru ka? Yoko kara Miru ka? | Look Back | To Heart 2 | Nisemonogatari | Gunsmith Cats | Tenshi no Tamago | Papa no Iukoto wo Kikinasai!: Pokkapoka | Dark Gathering",101
strong_personalization_case,Profile-level tuned product hybrid recovered a liked title that popularity did not place in the visible 12-item row.,2131127078,Beginner,20,57390,Wonderful Precure!,7.63,45,1,1,8,9,1,1,1,1,2819.3349609375,7.218875885009766,375.5439453125,0.006284633185714483,0.7219476699829102,0.8116650581359863,0.8116650581359863,0.8116650581359863,57390,Wonderful Precure!,Wonderful Precure! | Show By Rock!! | Fate/Zero 2nd Season | Vampire Dormitory | Uchuu Patrol Luluco | Sugar Apple Fairy Tale Part 2 | Baccano! | Binan Koukou Chikyuu Bouei-bu Love! Love! | Yami no Matsuei | Hetalia: The World Twinkle | Night Walker: Mayonaka no Tantei | Ranma ½: Yomigaeru Kioku,101
strong_personalization_case,Profile-level tuned product hybrid recovered a liked title that popularity did not place in the visible 12-item row.,2129467152,Casual,136,90,Shin Kidou Senki Gundam Wing,7.66,15,2,1,2,3,2,1,1,1,7790.86279296875,15.883916854858398,4573.97998046875,0.1220415011048317,0.6773430109024048,0.7330698370933533,0.7128782272338867,0.7128782272338867,90,Shin Kidou Senki Gundam Wing,Shin Kidou Senki Gundam Wing | Evangelion Movie 1: Jo | Rockman.EXE | Suzumiya Haruhi no Yuuutsu (2009) | Free! Eternal Summer | Hataraku Maou-sama! | Kaitou Saint Tail | Trinity Blood | Africa no Salaryman (TV) | JoJo no Kimyou na Bouken: Phantom Blood | Tennis no Oujisama Movie 1: Futari no Samurai - The First Game | Mai-Otome,101
strong_personalization_case,Profile-level tuned product hybrid recovered a liked title that popularity did not place in the visible 12-item row.,2144994217,Casual,79,12117,Meitantei Conan Movie 16: 11-ninme no Striker,7.7,29,10,1,4,1,1,1,1,1,3812.083740234375,15.623041152954102,3858.555419921875,0.2592998743057251,0.8535016775131226,0.936445415019989,0.955453097820282,0.955453097820282,12117,Meitantei Conan Movie 16: 11-ninme no Striker,"Meitantei Conan Movie 16: 11-ninme no Striker | Shokugeki no Souma: San no Sara - Tootsuki Ressha-hen | .hack//Sign | Komi-san wa, Comyushou desu. | One Piece Film: Gold | Ansatsu Kyoushitsu: Jump Festa 2013 Special | Kindaichi Shounen no Jikenbo Returns | B-Project: Kodou*Ambitious | Nil Admirari no Tenbin | Free! Eternal Summer: Kindan no All Hard! | Nobunaga Concerto | Fushigi Yuugi: Dai Ni Bu",101
hybrid_failure_vs_popularity,Popularity found the holdout but the profile-level tuned product hybrid missed the visible row.,2132005292,Beginner,20,37517,Happy Sugar Life,6.75,5,3,101,19,14,7,13,13,13,1426.1204833984375,0.0,439.55706787109375,0.006280483677983284,0.5184573531150818,0.39228323101997375,0.39228323101997375,0.39228323101997375,49220,Isekai Ojisan,Isekai Ojisan | Karin | Saigo ni Hitotsu dake Onegai shitemo Yoroshii deshou ka | Aru Majo ga Shinu Made | Fugou Keiji: Balance:Unlimited | Kono Subarashii Sekai ni Shukufuku wo! 3: Bonus Stage | Last Exile | Alien 9 | Wu Liuqi: Xuanwu Guo Pian | Love Hina | RideBack | Tsugumomo,101
hybrid_failure_vs_popularity,Popularity found the holdout but the profile-level tuned product hybrid missed the visible row.,29329287,Fan,326,52973,Megami no Café Terrace,7.32,8,12,10,48,10,10,9,13,13,12902.5302734375,4.043051242828369,2123.998291015625,0.11158543825149536,0.37524932622909546,0.30035844445228577,0.3044704794883728,0.3044704794883728,59845,Kaoru Hana wa Rin to Saku,Kaoru Hana wa Rin to Saku | Cowboy Bebop | Shinchou Yuusha: Kono Yuusha ga Ore Tueee Kuse ni Shinchou Sugiru | Steins;Gate | Tensei shitara Ken deshita | Arslan Senki (TV): Fuujin Ranbu | Boushoku no Berserk | Toujima Tanzaburou wa Kamen Rider ni Naritai | Shijou Saikyou no Deshi Kenichi OVA | Neko no Ongaeshi | Class no Daikirai na Joshi to Kekkon suru Koto ni Natta. | Diamond no Ace: Second Season OVA,101
hybrid_failure_vs_popularity,Popularity found the holdout but the profile-level tuned product hybrid missed the visible row.,371522125,Beginner,16,20159,Pokemon: The Origin,7.74,9,49,101,55,8,10,13,13,13,315.6730651855469,0.0,45.541263580322266,0.00733574852347374,0.5361188054084778,0.4298931956291199,0.4298931956291199,0.4298931956291199,1920,Urusei Yatsura Movie 1: Only You,"Urusei Yatsura Movie 1: Only You | Shin Evangelion Movie:|| | JoJo no Kimyou na Bouken Part 3: Stardust Crusaders - Egypt-hen | Switch | Sousou no Frieren | Fumetsu no Anata e | Mawaru Penguindrum | Hetalia: The World Twinkle | Undead Girl Murder Farce | Kono Danshi, Mahou ga Oshigoto desu. | Psycho-Pass: Sinners of the System Case.1 - Tsumi to Batsu | K: Seven Stories Movie 4 - Lost Small World - Ori no Mukou ni",101
hybrid_failure_vs_popularity,Popularity found the holdout but the profile-level tuned product hybrid missed the visible row.,332538160,Casual,145,32491,Kanojo to Kanojo no Neko: Everything Flows,7.66,8,52,12,36,12,13,12,13,13,3064.8115234375,1.7917594909667969,1431.1904296875,0.023451589047908783,0.335904061794281,0.26071736216545105,0.27134594321250916,0.27134594321250916,37520,Dororo,"Dororo | JoJo no Kimyou na Bouken | Seishun Buta Yarou wa Yumemiru Shoujo no Yume wo Minai | Re-Main | Gaikotsu Kishi-sama, Tadaima Isekai e Odekakechuu | Mob Psycho Mini | Fate/stay night TV Reproduction | Corpse Party: Missing Footage | Yowamushi Pedal: New Generation | Pokemon XY | Slime Taoshite 300-nen, Shiranai Uchi ni Level Max ni Nattemashita | Kuroshitsuji Recap",101
hybrid_failure_vs_popularity,Popularity found the holdout but the profile-level tuned product hybrid missed the visible row.,1679741442,Fan,247,2104,Seto no Hanayome,7.65,9,36,6,31,9,11,11,13,13,6970.6708984375,8.119696617126465,2436.954833984375,0.08355863392353058,0.3230646848678589,0.25965356826782227,0.2473570704460144,0.2473570704460144,31964,Boku no Hero Academia,Boku no Hero Academia | Dead Leaves | Seirei no Moribito | JoJo no Kimyou na Bouken Part 3: Stardust Crusaders - Egypt-hen | Yami Shibai | Ajin Part 2 | Kamigami no Asobi | Shigofumi | RahXephon | Chirin no Suzu | Itsudatte Bokura no Koi wa 10 cm Datta. | Supernatural The Animation,101
hybrid_failure_vs_popularity,Popularity found the holdout but the profile-level tuned product hybrid missed the visible row.,1715716689,Fan,486,50410,One Piece Film: Red,7.82,7,16,19,16,7,11,11,13,13,18959.556640625,2.4000000953674316,9745.1796875,0.09241920709609985,0.4269154667854309,0.32413437962532043,0.3158332109451294,0.3158332109451294,60098,Boku no Hero Academia: Final Season,"Boku no Hero Academia: Final Season | Mushishi Zoku Shou: Odoro no Michi | Casshern Sins | JoJo no Kimyou na Bouken Part 5: Ougon no Kaze | Shangri-La Frontier: Kusoge Hunter, Kamige ni Idoman to su 2nd Season | Jiisan Baasan Wakagaeru | Onegai☆Teacher | Shingeki no Kyojin OVA | Tokyo Ravens | Love All Play | Konjiki no Gash Bell!! | Trillion Game",101
hybrid_failure_vs_popularity,Popularity found the holdout but the profile-level tuned product hybrid missed the visible row.,469860950,Casual,66,2167,Clannad,7.99,3,1,6,17,100,12,7,13,13,5764.46923828125,10.927376747131348,1412.253173828125,-0.08994883298873901,0.3921252489089966,0.3284686207771301,0.23686815798282623,0.23686815798282623,21557,Omoide no Marnie,"Omoide no Marnie | The God of High School | Ousama Ranking | Owari no Seraph | Seishun Buta Yarou wa Yumemiru Shoujo no Yume wo Minai | Kimi to, Nami ni Noretara | Lazarus | Tondemo Skill de Isekai Hourou Meshi | Yahari Ore no Seishun Love Comedy wa Machigatteiru. OVA | Corpse Party: Tortured Souls - Bougyakusareta Tamashii no Jukyou | Kami nomi zo Shiru Sekai | Gakusen Toshi Asterisk",101
hybrid_failure_vs_popularity,Popularity found the holdout but the profile-level tuned product hybrid missed the visible row.,444880766,Fan,220,1689,Byousoku 5 Centimeter,7.55,4,25,4,74,10,9,8,13,13,8318.41796875,15.643987655639648,360.7783508300781,0.06301058828830719,0.42453715205192566,0.3486097753047943,0.3234696090221405,0.3234696090221405,31964,Boku no Hero Academia,Boku no Hero Academia | Zoku Natsume Yuujinchou | Mashle | Ajin Part 2 | Kimetsu no Yaiba: Yuukaku-hen | Nomad: Megalo Box 2 | Gakuen Heaven | 7 Seeds | Baka to Test to Shoukanjuu Ni! | Serial Experiments Lain | Amnesia | Saiyuuki Reload Blast,101
hybrid_failure_vs_popularity,Popularity found the holdout but the profile-level tuned product hybrid missed the visible row.,1855028740,Fan,165,32380,Kono Subarashii Sekai ni Shukufuku wo!: Kono Subarashii Choker ni Shukufuku wo!,7.83,3,10,13,13,7,5,10,13,13,8979.2490234375,2.4000000953674316,4332.3828125,0.03860267996788025,0.43342864513397217,0.3171824514865875,0.29197534918785095,0.29197534918785095,27631,God Eater,God Eater | Kill la Kill | Kubikiri Cycle: Aoiro Savant to Zaregotozukai | Mairimashita! Iruma-kun 2nd Season | Schwarzesmarken | Bubuki Buranki | Kaginado Season 2 | Love Hina | Hachimitsu to Clover | Kimi no Koto ga Daidaidaidaidaisuki na 100-nin no Kanojo | Plastic Neesan | Mushishi Zoku Shou 2nd Season,101
hybrid_failure_vs_popularity,Popularity found the holdout but the profile-level tuned product hybrid missed the visible row.,1755183213,Fan,452,25159,Inou-Battle wa Nichijou-kei no Naka de,7.04,4,9,8,2,82,11,12,13,13,23381.892578125,13.956009864807129,16614.73046875,-0.004005685448646545,0.387758731842041,0.31474825739860535,0.3000115156173706,0.3000115156173706,578,Hotaru no Haka,Hotaru no Haka | Mononoke | Texhnolyze | Nageki no Bourei wa Intai shitai | Boku no Kokoro no Yabai Yatsu | Sword Art Online: Extra Edition | Darker than Black: Kuro no Keiyakusha Gaiden | Michiko to Hatchin | Magic Maker: Isekai Mahou no Tsukurikata | Kidou Senshi Gundam | Hanebado! | Saenai Heroine no Sodatekata,101
hybrid_failure_vs_popularity,Popularity found the holdout but the profile-level tuned product hybrid missed the visible row.,1789732128,Fan,189,10800,Chihayafuru,8.17,4,8,23,9,9,6,10,13,13,9725.2265625,0.6931471824645996,5182.3642578125,0.0453350767493248,0.5012115836143494,0.37758949398994446,0.37442299723625183,0.37442299723625183,7674,Bakuman.,Bakuman. | Shimoneta to Iu Gainen ga Sonzai Shinai Taikutsu na Sekai | Koi to Yobu ni wa Kimochi Warui | Long Zu | Sword Art Online: Alicization - War of Underworld Reflection | Sekai Seifuku: Bouryaku no Zvezda | Hikikomari Kyuuketsuki no Monmon | Kaichou wa Maid-sama!: Omake da yo! | Rokujouma no Shinryakusha!? | Sugar Apple Fairy Tale Part 2 | Ore no Imouto ga Konnani Kawaii Wake ga Nai. Specials | Harmonie,101
hybrid_failure_vs_popularity,Popularity found the holdout but the profile-level tuned product hybrid missed the visible row.,1886767421,Veteran,546,5525,07-Ghost,7.18,11,41,1,12,27,8,4,13,13,13714.3642578125,15.027222633361816,15389.3037109375,0.031596072018146515,0.407533198595047,0.5276398658752441,0.40869301557540894,0.40869301557540894,38414,Re:Zero kara Hajimeru Isekai Seikatsu - Hyouketsu no Kizuna,Re:Zero kara Hajimeru Isekai Seikatsu - Hyouketsu no Kizuna | Monster Musume no Iru Nichijou | Imawa no Kuni no Alice | Fairy Tail: 100-nen Quest | Nisekoi OVA | Youjuu Toshi | Nisekoi: | Shingeki no Bahamut: Genesis - Roundup | Tensei shitara Slime Datta Ken 2nd Season: Kanwa - Veldora Nikki 2 | Suisei no Gargantia Specials | Kakurenbo | JoJo no Kimyou na Bouken: Phantom Blood,101
hybrid_failure_vs_popularity,Popularity found the holdout but the profile-level tuned product hybrid missed the visible row.,554654240,Beginner,11,33206,Kobayashi-san Chi no Maid Dragon,7.9,2,5,5,27,58,12,13,13,13,626.2294311523438,1.3862943649291992,140.5570831298828,-0.00012726662680506706,0.3546924889087677,0.27609381079673767,0.27609381079673767,0.27609381079673767,1604,Katekyou Hitman Reborn!,Katekyou Hitman Reborn! | Dragon Ball Super | Goblin Slayer | Log Horizon | Tensei shitara Slime Datta Ken | Deadman Wonderland: Akai Knife Tsukai | Higurashi no Naku Koro ni Gou | Aishiteruze Baby★★ | Seitokai Yakuindomo* | Koori Zokusei Danshi to Cool na Douryou Joshi | Kyuuketsuhime Miyu (TV) | Prince of Stride: Alternative,101
hybrid_failure_vs_popularity,Popularity found the holdout but the profile-level tuned product hybrid missed the visible row.,1345674248,Beginner,47,33489,Little Witch Academia (TV),7.81,4,34,9,36,100,17,13,13,13,1421.2655029296875,3.7841897010803223,531.4440307617188,-0.014984406530857086,0.25728029012680054,0.24053575098514557,0.24053575098514557,0.24053575098514557,39547,Yahari Ore no Seishun Love Comedy wa Machigatteiru. Kan,Yahari Ore no Seishun Love Comedy wa Machigatteiru. Kan | Special A | Banana Fish | Denpa-teki na Kanojo | Hellsing Ultimate | Tonari no Seki-kun | Shinigami Bocchan to Kuro Maid | Demi-chan wa Kataritai | Cross Ange: Tenshi to Ryuu no Rondo | Kizumonogatari III: Reiketsu-hen | Pandora Hearts | Inu to Hasami wa Tsukaiyou,101
hybrid_failure_vs_popularity,Popularity found the holdout but the profile-level tuned product hybrid missed the visible row.,1666992681,Fan,165,52955,Mahoutsukai no Yome Season 2,7.77,10,2,5,3,96,7,8,13,13,12963.060546875,8.060442924499512,5457.2197265625,-0.012302413582801819,0.4642241597175598,0.32511016726493835,0.28982147574424744,0.28982147574424744,1575,Code Geass: Hangyaku no Lelouch,Code Geass: Hangyaku no Lelouch | Wotaku ni Koi wa Muzukashii | Toradora! | Shiki | Okinawa de Suki ni Natta Ko ga Hougen Sugite Tsurasugiru | Akuyaku Reijou Level 99: Watashi wa Ura-Boss desu ga Maou dewa Arimasen | Gokukoku no Brynhildr | Shakunetsu Kabaddi | Jigoku Shoujo | Needy Girl Overdose | Isekai Shoukan wa Nidome desu | Strike the Blood II,101
hybrid_failure_vs_popularity,Popularity found the holdout but the profile-level tuned product hybrid missed the visible row.,1449557981,Veteran,1178,44069,Xian Wang de Richang Shenghuo 2,7.37,10,27,10,79,10,11,11,13,13,34628.63671875,10.484906196594238,190.3223419189453,0.2059653103351593,0.42125168442726135,0.3329605758190155,0.3434999883174896,0.3434999883174896,52274,Nokemono-tachi no Yoru,Nokemono-tachi no Yoru | Kekkai Sensen | Jidou Hanbaiki ni Umarekawatta Ore wa Meikyuu wo Samayou 2nd Season | Dragon Ball Super | Orient | Shine Post | 5-toubun no Hanayome* | Houkago Saikoro Club | Shin Shinka no Mi: Shiranai Uchi ni Kachigumi Jinsei | Saihate no Paladin: Michiyuki | Afro Samurai | Ginga Eiyuu Densetsu: Die Neue These - Sakubou,101
hybrid_failure_vs_popularity,Popularity found the holdout but the profile-level tuned product hybrid missed the visible row.,1062581320,Casual,53,51213,Kinsou no Vermeil: Gakeppuchi Majutsushi wa Saikyou no Yakusai to Mahou Sekai wo Tsukisusumu,6.79,12,7,14,15,11,11,14,13,13,3015.144775390625,1.0986123085021973,1297.2056884765625,0.036604344844818115,0.5307775139808655,0.4348428249359131,0.4390089809894562,0.4390089809894562,52299,Ore dake Level Up na Ken,Ore dake Level Up na Ken | Suki tte Ii na yo. | Eiga Daisuki Pompo-san | Karasu wa Aruji wo Erabanai | Kimetsu no Yaiba Movie: Mugen Ressha-hen | Class de 2-banme ni Kawaii Onnanoko to Tomodachi ni Natta | Date A Live IV | 5-toubun no Hanayome∽ | Dark Gathering | Tensei shitara Slime Datta Ken 3rd Season | Otonari no Tenshi-sama ni Itsunomanika Dame Ningen ni Sareteita Ken 2 | Fruits Basket: Prelude,101
hybrid_failure_vs_popularity,Popularity found the holdout but the profile-level tuned product hybrid missed the visible row.,122512838,Fan,429,36475,Sword Art Online Alternative: Gun Gale Online,7.01,1,27,7,24,64,13,11,13,13,13882.3681640625,7.896552562713623,6592.27001953125,-0.001896888017654419,0.3476673364639282,0.3063661456108093,0.27932170033454895,0.27932170033454895,13659,Ore no Imouto ga Konnani Kawaii Wake ga Nai.,Ore no Imouto ga Konnani Kawaii Wake ga Nai. | Mahouka Koukou no Rettousei 3rd Season | Fantasy Bishoujo Juniku Ojisan to | Tokyo Magnitude 8.0 | Kami no Tou: Koubou-sen | Dragon Ball Z Movie 09: Ginga Girigiri!! Bucchigiri no Sugoi Yatsu | Umineko no Naku Koro ni | Bubble | 5-toubun no Hanayome* | Kami nomi zo Shiru Sekai: 4-nin to Idol | Inferno Cop | Wu Liuqi: Xuanwu Guo Pian,101
hybrid_failure_vs_popularity,Popularity found the holdout but the profile-level tuned product hybrid missed the visible row.,1926535704,Veteran,807,30347,Nanatsu no Taizai OVA,7.47,5,26,24,3,7,7,11,13,13,25364.345703125,2.4000000953674316,28477.849609375,0.2559821605682373,0.419266939163208,0.30699974298477173,0.365789532661438,0.365789532661438,60371,Seihantai na Kimi to Boku,Seihantai na Kimi to Boku | Pluto | Fumetsu no Anata e | Gridman Universe | Ponkotsu Fuuki Iin to Skirt-take ga Futekisetsu na JK no Hanashi | Kingdom | BanG Dream! Ave Mujica | Pokemon Diamond & Pearl | Under Ninja | Zankyou no Terror | Oroka na Tenshi wa Akuma to Odoru | Game Center Shoujo to Ibunka Kouryuu,101
hybrid_failure_vs_popularity,Popularity found the holdout but the profile-level tuned product hybrid missed the visible row.,1951439703,Beginner,33,50265,Spy x Family,8.41,1,3,8,10,95,6,13,13,13,2858.290771484375,0.6931471824645996,872.5179443359375,-0.0048010461032390594,0.406607985496521,0.26061785221099854,0.26061785221099854,0.26061785221099854,31737,Gakusen Toshi Asterisk 2nd Season,Gakusen Toshi Asterisk 2nd Season | Overlord IV | Ishura | Ao no Exorcist: Kyoto Fujouou-hen | Shinsekai yori | Orient | Gegege no Kitarou (2018) | Kurenai no Buta | Nanatsu no Taizai: Mokushiroku no Yonkishi | Gintama: Shiroyasha Koutan | One Piece: Episode of Alabasta - Prologue | Orient: Awajishima Gekitou-hen,101
hybrid_failure_vs_popularity,Popularity found the holdout but the profile-level tuned product hybrid missed the visible row.,121808155,Casual,128,59,Chobits,7.39,6,8,15,38,9,7,10,13,13,8487.806640625,2.4849066734313965,1104.2296142578125,0.05166987329721451,0.44148388504981995,0.3225507140159607,0.3004686236381531,0.3004686236381531,11757,Sword Art Online,Sword Art Online | Clannad | Nozomanu Fushi no Boukensha | Devilman: Crybaby | No.6 | Ninja Kamui | Shinsekai yori | Eris no Seihai | Karakai Jouzu no Takagi-san Movie | Kami no Tou: Koubou-sen | Toumei Otoko to Ningen Onna: Sonouchi Fuufu ni Naru Futari | K-On!,101
hybrid_failure_vs_popularity,Popularity found the holdout but the profile-level tuned product hybrid missed the visible row.,85632766,Fan,187,40356,Tate no Yuusha no Nariagari Season 2,6.53,8,19,15,4,10,10,13,13,13,7536.0166015625,4.0,7870.962890625,0.04792330786585808,0.3174533545970917,0.22770559787750244,0.21267442405223846,0.21267442405223846,34618,Blend S,Blend S | Kono Subarashii Sekai ni Shukufuku wo! 2 | Haikyuu!! To the Top Part 2 | Ookami to Koushinryou | Arte | Tamon-kun Ima Docchi!? | Dandadan | Boku no Hero Academia 5th Season | Isekai wa Smartphone to Tomo ni. | Senki Zesshou Symphogear | Amagami SS | Black Lagoon,101
hybrid_failure_vs_popularity,Popularity found the holdout but the profile-level tuned product hybrid missed the visible row.,70205367,Casual,112,40540,Sword Art Online: Alicization - War of Underworld 2nd Season,7.51,5,6,10,3,13,7,10,13,13,7480.82958984375,3.4339871406555176,5525.0380859375,0.06383001804351807,0.3839651942253113,0.2764107584953308,0.2642752230167389,0.2642752230167389,50265,Spy x Family,"Spy x Family | Make Heroine ga Oosugiru! | Kotonoha no Niwa | Date A Live II | Isekai Quartet | Plunderer | Rougo ni Sonaete Isekai de 8-manmai no Kinka wo Tamemasu | Saikyou Tank no Meikyuu Kouryaku: Tairyoku 9999 no Rare Skill-mochi Tank, Yuusha Party wo Tsuihou sareru | Salaryman ga Isekai ni Ittara Shitennou ni Natta Hanashi | Saikyou no Shienshoku ""Wajutsushi"" de Aru Ore wa Sekai Saikyou Clan wo Shitagaeru | Shinigami Bocchan to Kuro Maid 2nd Season | Jaku-Chara Tomozaki-kun 2nd Stage",101
hybrid_failure_vs_popularity,Popularity found the holdout but the profile-level tuned product hybrid missed the visible row.,1248030976,Casual,83,34566,Boruto: Naruto Next Generations,5.97,11,11,6,9,47,7,8,13,13,4731.79931640625,9.368881225585938,2907.662353515625,0.0010201185941696167,0.3712589740753174,0.2863925099372864,0.25768953561782837,0.25768953561782837,13601,Psycho-Pass,Psycho-Pass | Naruto | Jigoku Shoujo | Gokukoku no Brynhildr | C³ | Dragon Quest: Dai no Daibouken (2020) | Carnival Phantasm | One Piece: Yume no Soccer Ou! | Saint Seiya: Kamigami no Atsuki Tatakai | Gunnm | Batman: Gotham Knight | Street Fighter Zero The Animation,101
hybrid_failure_vs_popularity,Popularity found the holdout but the profile-level tuned product hybrid missed the visible row.,859825151,Fan,499,49818,Guimi Zhi Zhu: Xiaochou Pian,8.61,10,2,8,86,11,7,11,13,13,35179.2890625,11.885537147521973,14.78944206237793,0.13985274732112885,0.46050822734832764,0.3710380494594574,0.3294859528541565,0.3294859528541565,18897,Nisekoi,Nisekoi | Shingeki no Kyojin OVA | Tongari Boushi no Atelier | Chuunibyou demo Koi ga Shitai! | Jiisan Baasan Wakagaeru | Chuunibyou demo Koi ga Shitai! Movie: Take On Me | Ameku Takao no Suiri Karte | Canaan | Mushishi | Urasekai Picnic | Uma Musume: Cinderella Gray Part 2 | Girls & Panzer: Saishuushou Part 2,101
hybrid_failure_vs_popularity,Popularity found the holdout but the profile-level tuned product hybrid missed the visible row.,1112118717,Beginner,14,16870,The Last: Naruto the Movie,7.8,5,7,101,20,93,9,13,13,13,803.9776611328125,0.0,248.1392822265625,-0.001273849979043007,0.3599836826324463,0.22255605459213257,0.22255605459213257,0.22255605459213257,9253,Steins;Gate,Steins;Gate | Steins;Gate Movie: Fuka Ryouiki no Déjà vu | 3-gatsu no Lion | Higurashi no Naku Koro ni Kai | Kuroshitsuji: Kishuku Gakkou-hen | Angel Beats! | World Trigger 2nd Season | Nanatsu no Taizai: Funnu no Shinpan | Servamp | Dog Days'' | Kaguya-sama wa Kokurasetai? Tensai-tachi no Renai Zunousen OVA | Kuuchuu Buranko,101
hybrid_failure_vs_popularity,Popularity found the holdout but the profile-level tuned product hybrid missed the visible row.,1200191329,Beginner,23,10165,Nichijou,8.47,5,27,21,59,11,15,13,13,13,1158.566650390625,0.6931471824645996,138.66184997558594,0.015916170552372932,0.24492286145687103,0.17639556527137756,0.17639556527137756,0.17639556527137756,42203,Re:Zero kara Hajimeru Isekai Seikatsu 2nd Season Part 2,Re:Zero kara Hajimeru Isekai Seikatsu 2nd Season Part 2 | Hunter x Hunter | JoJo no Kimyou na Bouken Part 5: Ougon no Kaze | Code Geass: Fukkatsu no Lelouch | Haikyuu!! Karasuno Koukou vs. Shiratorizawa Gakuen Koukou | Trigun Stampede | Code Geass: Boukoku no Akito 2 - Hikisakareshi Yokuryuu | Sono Bisque Doll wa Koi wo Suru | Rurouni Kenshin: Meiji Kenkaku Romantan - Tsuioku-hen | Sekai Seifuku: Bouryaku no Zvezda | Re:Zero kara Hajimeru Break Time | Project A-Ko,101
hybrid_failure_vs_popularity,Popularity found the holdout but the profile-level tuned product hybrid missed the visible row.,1220250319,Beginner,46,21647,Tamako Love Story,7.91,5,40,101,40,5,10,13,13,13,1236.652587890625,0.0,671.6175537109375,0.024273104965686798,0.3259320855140686,0.24580731987953186,0.24580731987953186,0.24580731987953186,28223,Death Parade,"Death Parade | Hikaru ga Shinda Natsu | Magia Record: Mahou Shoujo Madoka☆Magica Gaiden | Koori Zokusei Danshi to Cool na Douryou Joshi | Eikoku Koi Monogatari Emma | Berserk | Hataraku Saibou | Muchuu sa, Kimi ni. | Yami Shibai | Kai Byoui Ramune | Boku no Hero Academia: UA Heroes Battle | Ibara no Ou",101
hybrid_failure_vs_popularity,Popularity found the holdout but the profile-level tuned product hybrid missed the visible row.,1223762265,Veteran,587,1132,Digimon Frontier,7.18,10,8,6,25,11,10,8,13,13,24694.81640625,11.046435356140137,6228.8056640625,0.12095411121845245,0.36185744404792786,0.2993697226047516,0.31397774815559387,0.31397774815559387,41899,Ore dake Haireru Kakushi Dungeon,Ore dake Haireru Kakushi Dungeon | Yuu☆Yuu☆Hakusho | Atri: My Dear Moments | Aru Majo ga Shinu Made | Sentai Red Isekai de Boukensha ni Naru | Nanatsu no Taizai: Kamigami no Gekirin | Synduality: Noir | Akkun to Kanojo | Ao no Orchestra | JoJo no Kimyou na Bouken (TV) | Suzuka | Sakura Trick,101
hybrid_failure_vs_popularity,Popularity found the holdout but the profile-level tuned product hybrid missed the visible row.,704803511,Beginner,25,1943,Paprika,8.05,4,2,11,80,38,11,13,13,13,2460.358642578125,2.079441547393799,21.21613311767578,0.0008204318583011627,0.48929041624069214,0.38718798756599426,0.38718798756599426,0.38718798756599426,47194,Summertime Render,Summertime Render | Gokukoku no Brynhildr | Grisaia no Kajitsu | Sekaiichi Hatsukoi | Dantalian no Shoka | Hetalia Axis Powers | Isekai Quartet 2 | Karneval (TV) | Persona 4 the Animation | Maria†Holic | Uruwashi no Yoi no Tsuki | Kannazuki no Miko,101
hybrid_failure_vs_popularity,Popularity found the holdout but the profile-level tuned product hybrid missed the visible row.,682357563,Casual,63,24133,Taimadou Gakuen 35 Shiken Shoutai,6.79,11,9,14,31,8,9,7,13,13,3736.322265625,0.6931471824645996,809.1182861328125,0.018286053091287613,0.4625765085220337,0.3556804060935974,0.37048813700675964,0.37048813700675964,6547,Angel Beats!,Angel Beats! | Made in Abyss: Retsujitsu no Ougonkyou | Akatsuki no Yona | Seirei no Moribito | Bokutachi wa Benkyou ga Dekinai | Gochuumon wa Usagi desu ka?? | Shaman King (2021) | Kidou Tenshi Angelic Layer | K: Return of Kings | Kaibutsu Oujo | Bishoujo Senshi Sailor Moon Cosmos Movie | Queen's Blade: Utsukushiki Toushi-tachi,101
hybrid_failure_vs_popularity,Popularity found the holdout but the profile-level tuned product hybrid missed the visible row.,2050052692,Fan,435,523,Tonari no Totoro,8.25,1,28,10,65,7,9,8,13,13,12849.8564453125,5.730099678039551,1084.1666259765625,0.16639851033687592,0.501954197883606,0.3963567018508911,0.37559381127357483,0.37559381127357483,58939,Sakamoto Days,Sakamoto Days | Summertime Render | Saihate no Paladin | Grisaia no Meikyuu: Caprice no Mayu 0 | Baccano! Specials | Yu☆Gi☆Oh! Movie: Chou Yuugou! Toki wo Koeta Kizuna | Campione! Matsurowanu Kamigami to Kamigoroshi no Maou | Cider no You ni Kotoba ga Wakiagaru | Sword Art Online: Extra Edition | Youjo Senki: Senkyou Houkoku | Tate no Yuusha no Nariagari Season 4 | No Guns Life,101
hybrid_failure_vs_popularity,Popularity found the holdout but the profile-level tuned product hybrid missed the visible row.,1882498291,Fan,424,376,"Elfen Lied: Tooriame nite Arui wa, Shoujo wa Ikani Shite Sono Shinjou ni Itatta ka? - Regenschauer",7.12,10,3,25,51,9,9,9,14,14,24340.197265625,2.4000000953674316,1489.414306640625,0.09132672101259232,0.48015904426574707,0.359291136264801,0.3288024961948395,0.3288024961948395,41120,Fugou Keiji: Balance:Unlimited,Fugou Keiji: Balance:Unlimited | Gleipnir | Tensei shitara Slime Datta Ken 2nd Season | Nerawareta Gakuen | Harmonie | Kishuku Gakkou no Juliet | Aho Girl | HaruChika: Haruta to Chika wa Seishun suru | Kagewani | Sengoku Night Blood | ef: A Tale of Melodies. | Groove Adventure Rave,101
hybrid_failure_vs_popularity,Popularity found the holdout but the profile-level tuned product hybrid missed the visible row.,1911249387,Casual,118,41109,Log Horizon: Entaku Houkai,7.08,12,19,101,12,9,12,16,14,14,5136.1533203125,0.0,3473.845458984375,0.026102039963006973,0.3871975839138031,0.2857939302921295,0.3024442195892334,0.3024442195892334,18115,Magi: The Kingdom of Magic,"Magi: The Kingdom of Magic | Maou Gakuin no Futekigousha: Shijou Saikyou no Maou no Shiso, Tensei shite Shison-tachi no Gakkou e Kayou | Toki wo Kakeru Shoujo | Karakuri Circus | Howl no Ugoku Shiro | Mugen no Juunin | Tate no Yuusha no Nariagari Season 3 | Ao no Exorcist: Yosuga-hen | Kimi ni Todoke | Mo Dao Zu Shi | Beck | Air Movie",101
hybrid_failure_vs_popularity,Popularity found the holdout but the profile-level tuned product hybrid missed the visible row.,249518086,Casual,92,50631,"Komi-san wa, Comyushou desu. 2nd Season",7.97,5,19,7,34,14,11,12,14,14,4110.7109375,4.0,1093.3233642578125,0.028735145926475525,0.28803303837776184,0.20025120675563812,0.17927424609661102,0.17927424609661102,37521,Vinland Saga,"Vinland Saga | Mushishi Zoku Shou | Dragon Ball Super: Broly | Bishoujo Senshi Sailor Moon | Dragon Ball Z Movie 09: Ginga Girigiri!! Bucchigiri no Sugoi Yatsu | Haikyuu!! vs. ""Akaten"" | Log Horizon | Lupin III (2015) | Bakuten Shoot Beyblade | Shinreigari | Wind Breaker | Kidou Shinseiki Gundam X",101
hybrid_failure_vs_popularity,Popularity found the holdout but the profile-level tuned product hybrid missed the visible row.,1485764031,Beginner,20,20159,Pokemon: The Origin,7.74,12,43,101,14,10,13,14,14,14,522.5406494140625,0.0,463.6854553222656,0.026026621460914612,0.4263380467891693,0.32323113083839417,0.32323113083839417,0.32323113083839417,31043,Boku dake ga Inai Machi,"Boku dake ga Inai Machi | Gungrave | FLCL | Hyouka | Blue Lock vs. U-20 Japan | Sakamoto Days | Shinchou Yuusha: Kono Yuusha ga Ore Tueee Kuse ni Shinchou Sugiru | Chihayafuru | Zetman | Sentouin, Haken shimasu! | Kaguya-sama wa Kokurasetai? Tensai-tachi no Renai Zunousen OVA | Last Exile",101
hybrid_failure_vs_popularity,Popularity found the holdout but the profile-level tuned product hybrid missed the visible row.,1392087059,Fan,200,1313,Digimon Adventure 02,7.24,12,4,7,32,19,10,10,14,14,11366.1552734375,6.131226539611816,2510.115234375,0.027667131274938583,0.3816292881965637,0.2683316171169281,0.22754575312137604,0.22754575312137604,46569,Jigokuraku,Jigokuraku | IDOLiSH7 | Gakkougurashi! | Tensei shitara Slime Datta Ken | Sakamoto Days Part 2 | Free! Dive to the Future: Soushun no Build-up! | Magic Knight Rayearth | Akuyaku Reijou Level 99: Watashi wa Ura-Boss desu ga Maou dewa Arimasen | Suzumiya Haruhi no Yuuutsu | Kuroshitsuji Recap | Lucky☆Star | Gakuen Handsome,101
hybrid_failure_vs_popularity,Popularity found the holdout but the profile-level tuned product hybrid missed the visible row.,763660633,Casual,145,50380,Paripi Koumei,8.09,3,15,24,42,9,7,13,14,14,6778.158203125,0.6931471824645996,1502.3797607421875,0.023086272180080414,0.5064688324928284,0.37828317284584045,0.37085428833961487,0.37085428833961487,40052,Great Pretender,"Great Pretender | Tokyo Ghoul: ""Jack"" | AKB0048 | Cardcaptor Sakura: Clear Card-hen | .hack//Roots | Sugar Sugar Rune | Hunter x Hunter Movie 2: The Last Mission | Ansatsu Kyoushitsu: Jump Festa 2013 Special | Champignon no Majo | BanG Dream! Ave Mujica | D-Frag! | Hyakko",101
hybrid_failure_vs_popularity,Popularity found the holdout but the profile-level tuned product hybrid missed the visible row.,766362708,Casual,143,48483,Mieruko-chan,7.37,4,25,8,16,101,18,14,14,14,6045.12890625,4.382026672363281,4050.378173828125,-0.042176589369773865,0.2673320472240448,0.20226439833641052,0.17118029296398163,0.17118029296398163,40839,"Kanojo, Okarishimasu","Kanojo, Okarishimasu | Baka to Test to Shoukanjuu | Blend S | Radiant | Bungou Stray Dogs 3rd Season | Subarashiki Kono Sekai The Animation | Higurashi no Naku Koro ni Kai | NieR:Automata Ver1.1a | Nanatsu no Maken ga Shihai suru | Masamune-kun no Revenge R | Maou 2099 | Shoujo☆Kageki Revue Starlight",101
hybrid_failure_vs_popularity,Popularity found the holdout but the profile-level tuned product hybrid missed the visible row.,946853379,Veteran,694,481,Yu☆Gi☆Oh! Duel Monsters,7.51,6,49,8,30,7,11,8,14,14,16064.505859375,16.93535804748535,9996.9697265625,0.25825265049934387,0.3727804720401764,0.348112553358078,0.35449594259262085,0.35449594259262085,33486,Boku no Hero Academia 2nd Season,Boku no Hero Academia 2nd Season | Denpa Onna to Seishun Otoko | Made in Abyss: Retsujitsu no Ougonkyou | Durarara!! Specials | Boku no Hero Academia: Sukue! Kyuujo Kunren! | Danganronpa 3: The End of Kibougamine Gakuen - Mirai-hen | Penguin Highway | Corpse Party: Tortured Souls - Bougyakusareta Tamashii no Jukyou | Dungeon Meshi | Ooya-san wa Shishunki! | Boku no Kokoro no Yabai Yatsu | Kidou Senshi Gundam: Tekketsu no Orphans,101
hybrid_failure_vs_popularity,Popularity found the holdout but the profile-level tuned product hybrid missed the visible row.,40714509,Casual,149,44,Rurouni Kenshin: Meiji Kenkaku Romantan - Tsuioku-hen,8.69,7,24,3,50,24,15,7,14,14,3641.205810546875,8.689464569091797,423.67779541015625,0.014266669750213623,0.3782932758331299,0.354860782623291,0.3173218071460724,0.3173218071460724,14131,Girls & Panzer,"Girls & Panzer | Kino no Tabi: The Beautiful World - The Animated Series | Bakemonogatari | Kuma Kuma Kuma Bear | Yuri!!! on Ice | Ramen Daisuki Koizumi-san | Sabage-bu! Specials | Lostorage Conflated WIXOSS | Takamiya Nasuno desu! Teekyuu Spin-off | Robot Girls Z | D-Frag!* | Tamayura: More Aggressive - Ichinichi dake no Shuugakuryokou, nanode",101
hybrid_failure_vs_popularity,Popularity found the holdout but the profile-level tuned product hybrid missed the visible row.,1094613839,Casual,95,40591,Kaguya-sama wa Kokurasetai? Tensai-tachi no Renai Zunousen,8.61,1,15,101,25,7,8,13,14,14,5166.31005859375,0.0,2091.098876953125,0.09586399793624878,0.3901350200176239,0.2584601044654846,0.2348933219909668,0.2348933219909668,38414,Re:Zero kara Hajimeru Isekai Seikatsu - Hyouketsu no Kizuna,"Re:Zero kara Hajimeru Isekai Seikatsu - Hyouketsu no Kizuna | Isekai Quartet 2 | Yofukashi no Uta | One Piece Movie 04: Dead End no Bouken | Goblin Slayer II | Kaifuku Jutsushi no Yarinaoshi | Kami-tachi ni Hirowareta Otoko | One Piece Movie 09: Episode of Chopper Plus - Fuyu ni Saku, Kiseki no Sakura | Megalo Box | Jashin-chan Dropkick | Great Pretender: Razbliuto | Kidou Senshi Gundam: GQuuuuuuX",101
hybrid_failure_vs_popularity,Popularity found the holdout but the profile-level tuned product hybrid missed the visible row.,1011972435,Veteran,599,36563,Megalo Box,7.87,1,28,7,41,10,8,9,14,14,21028.287109375,8.094344139099121,4684.67578125,0.18358977138996124,0.5204403400421143,0.4560692012310028,0.44567781686782837,0.44567781686782837,58913,Hikaru ga Shinda Natsu,Hikaru ga Shinda Natsu | Marriagetoxin | Ousama Ranking: Yuuki no Takarabako | Kizetsu Yuusha to Ansatsu Hime | Nanatsu no Taizai: Kamigami no Gekirin | Heike Monogatari | Heya Camp△: Sauna to Gohan to Sanrin Bike | High Score Girl: Extra Stage | Gal to Kyouryuu | Kotoura-san | Hotel Inhumans | World Trigger,101
hybrid_failure_vs_popularity,Popularity found the holdout but the profile-level tuned product hybrid missed the visible row.,941137926,Beginner,28,30,Shinseiki Evangelion,8.37,2,1,3,51,99,11,14,14,14,3004.681640625,3.178053855895996,257.5319519042969,-0.030528143048286438,0.428026020526886,0.3111712634563446,0.3111712634563446,0.3111712634563446,28999,Charlotte,Charlotte | Violet Evergarden | Digimon Adventure tri. 1: Saikai | Shingeki no Bahamut: Genesis | Fuuka | Kuroko no Basket: Saikou no Present desu | Isekai Quartet 2 | Gakusen Toshi Asterisk 2nd Season | Gintama. Porori-hen | Bleach: Memories in the Rain | Yowamushi Pedal: New Generation | Kimi wo Aishita Hitori no Boku e,101
hybrid_failure_vs_popularity,Popularity found the holdout but the profile-level tuned product hybrid missed the visible row.,1020125357,Beginner,10,39790,Adachi to Shimamura,7.09,11,12,101,4,16,11,14,14,14,315.0589904785156,0.0,266.49603271484375,0.004993611015379429,0.364957332611084,0.2331646829843521,0.2331646829843521,0.2331646829843521,10408,Hotarubi no Mori e,Hotarubi no Mori e | 5-toubun no Hanayome | Chitose Get You!! | Ani ni Tsukeru Kusuri wa Nai! | SK∞ | Madan no Ou to Vanadis | Kara no Kyoukai Movie 4: Garan no Dou | Jaku-Chara Tomozaki-kun | Fortune Arterial: Akai Yakusoku | Hatsukoi Monster | Oniichan wa Oshimai! | 5-toubun no Hanayome∽,101
hybrid_failure_vs_popularity,Popularity found the holdout but the profile-level tuned product hybrid missed the visible row.,1021005478,Beginner,17,32182,Mob Psycho 100,8.49,1,2,3,5,101,18,14,14,14,1690.011474609375,5.703782558441162,827.9065551757812,-0.055908702313899994,0.40249189734458923,0.3421226441860199,0.3421226441860199,0.3421226441860199,22199,Akame ga Kill!,Akame ga Kill! | Hyouka | Date A Live II | Fate/Apocrypha | Gintama': Enchousen | Dragon Quest: Dai no Daibouken (TV) | Dragon Ball Movie 1: Shen Long no Densetsu | Aku no Hana | Mahou Shoujo Madoka★Magica Movie 1: Hajimari no Monogatari | Norn9: Norn+Nonet | Happy Sugar Life | Golden Boy,101
hybrid_failure_vs_popularity,Popularity found the holdout but the profile-level tuned product hybrid missed the visible row.,1074829267,Veteran,586,32686,Keijo!!!!!!!!,6.9,3,30,5,14,24,13,11,14,14,19914.171875,16.205350875854492,12854.169921875,0.017372451722621918,0.3865888714790344,0.39985570311546326,0.33639031648635864,0.33639031648635864,55887,"Kekkon suru tte, Hontou desu ka","Kekkon suru tte, Hontou desu ka | Tamon-kun Ima Docchi!? | Enen no Shouboutai: San no Shou Part 2 | Leadale no Daichi nite | Tiger & Bunny | MM! | Overlord Movie 3: Sei Oukoku-hen | Trigun Stampede | Kiniro Mosaic | Choujin Koukousei-tachi wa Isekai demo Yoyuu de Ikinuku you desu! | Kakuriyo no Yadomeshi | Kyoukai no Kanata: Shinonome",101
hybrid_failure_vs_popularity,Popularity found the holdout but the profile-level tuned product hybrid missed the visible row.,1981159449,Beginner,41,39565,Boku no Hero Academia the Movie 2: Heroes:Rising,7.93,2,20,101,3,73,12,14,14,14,1400.2950439453125,0.0,2502.837890625,-0.00032928213477134705,0.3853222131729126,0.24334917962551117,0.24334917962551117,0.24334917962551117,2966,Ookami to Koushinryou,"Ookami to Koushinryou | Kawaikereba Hentai demo Suki ni Natte Kuremasu ka? | Berserk: Ougon Jidai-hen III - Kourin | Fairy Tail: Final Series | Shangri-La Frontier: Kusoge Hunter, Kamige ni Idoman to su | Fairy Tail Movie 1: Houou no Miko | Beelzebub-jou no Okinimesu mama. | Berserk: Ougon Jidai-hen - Memorial Edition | Houkago Saikoro Club | Gankutsuou | Kiniro no Corda: Primo Passo | Higashi no Eden",101
hybrid_failure_vs_popularity,Popularity found the holdout but the profile-level tuned product hybrid missed the visible row.,288111507,Veteran,575,37786,Yagate Kimi ni Naru,7.88,5,10,12,41,10,9,10,14,14,27592.8359375,8.658692359924316,4955.21142578125,0.13319909572601318,0.33973249793052673,0.2475789338350296,0.3085961937904358,0.3085961937904358,38000,Kimetsu no Yaiba,Kimetsu no Yaiba | Hinamatsuri | Koi to Senkyo to Chocolate | Date A Live II: Kurumi Star Festival | Utawarerumono | Kamisama no Inai Nichiyoubi | Hikaru no Go | Haikyuu!! Riku vs. Kuu | Lucky☆Star | Gundam Build Divers Re:Rise 2nd Season | Dragonaut: The Resonance | Eikoku Koi Monogatari Emma: Molders-hen,101
hybrid_failure_vs_popularity,Popularity found the holdout but the profile-level tuned product hybrid missed the visible row.,1808063468,Veteran,802,37475,Kishuku Gakkou no Juliet,7.45,4,30,7,9,8,6,7,14,14,26943.88671875,13.204201698303223,20397.029296875,0.27842259407043457,0.5150337219238281,0.40383976697921753,0.4477147161960602,0.4477147161960602,9756,Mahou Shoujo Madoka★Magica,Mahou Shoujo Madoka★Magica | Shiguang Dailiren II | Kimetsu no Yaiba: Katanakaji no Sato-hen | Kijin Gentoushou | Kunoichi Tsubaki no Mune no Uchi | Sennen Joyuu | Kimi ni Todoke | Bishoujo Senshi Sailor Moon SuperS | Meitantei Conan: Zero no Tea Time | Tensei Akujo no Kuro Rekishi | Kuroshitsuji Movie: Book of the Atlantic | Jidou Hanbaiki ni Umarekawatta Ore wa Meikyuu wo Samayou 3rd Season,101
hybrid_failure_vs_popularity,Popularity found the holdout but the profile-level tuned product hybrid missed the visible row.,1504991351,Veteran,567,11761,Medaka Box,7.01,12,49,4,12,10,10,6,14,14,11019.001953125,17.782657623291016,9823.630859375,0.09499207139015198,0.4083031117916107,0.3955588936805725,0.3661974370479584,0.3661974370479584,11577,Steins;Gate Movie: Fuka Ryouiki no Déjà vu,Steins;Gate Movie: Fuka Ryouiki no Déjà vu | Yuri!!! on Ice | Tteotda Keunyeo!! | Black Clover | Make Heroine ga Oosugiru! | Sola | Fantastic Children | Recorder to Randoseru Do♪ | Animation Seisaku Shinkou Kuromi-chan 2 | Yama no Susume: Kabe tte Kowakunai no? | Master Keaton | Date A Live II,101
hybrid_failure_vs_popularity,Popularity found the holdout but the profile-level tuned product hybrid missed the visible row.,578696560,Casual,73,164,Mononoke Hime,8.67,2,1,9,101,16,7,11,14,14,5570.2294921875,3.4011974334716797,0.0,0.017345130443572998,0.5367434620857239,0.3989631235599518,0.34273892641067505,0.34273892641067505,30230,Diamond no Ace: Second Season,Diamond no Ace: Second Season | Clannad: After Story | Bakuten Shoot Beyblade | Bocchi the Rock! | Chuunibyou demo Koi ga Shitai! Ren | Hotaru no Haka | Re:Monster | Kyuukyoku Shinka shita Full Dive RPG ga Genjitsu yori mo Kusoge Dattara | Nichijou | Accel World EX | Serial Experiments Lain | Wu Liuqi: Zui Qiang Fa Xing Shi,101
hybrid_failure_vs_popularity,Popularity found the holdout but the profile-level tuned product hybrid missed the visible row.,1359756312,Casual,120,877,Nana,8.57,6,14,9,27,14,10,12,14,14,6810.5791015625,2.7725887298583984,2075.172119140625,0.011704158037900925,0.38902559876441956,0.2998126447200775,0.27377521991729736,0.27377521991729736,21881,Sword Art Online II,Sword Art Online II | Highschool of the Dead | Urusei Yatsura (2022) | Shoujo☆Kageki Revue Starlight | Soredemo Ayumu wa Yosetekuru | Dragon Ball Z Movie 02: Kono Yo de Ichiban Tsuyoi Yatsu | Mary to Majo no Hana | Azumanga Daiou The Animation | Tsue to Tsurugi no Wistoria | Danganronpa 3: The End of Kibougamine Gakuen - Mirai-hen | Dragon Ball Movie 4: Saikyou e no Michi | Akagami no Shirayuki-hime,101
hybrid_failure_vs_popularity,Popularity found the holdout but the profile-level tuned product hybrid missed the visible row.,1603702623,Veteran,610,25879,Working!!!,7.94,10,22,18,7,11,12,12,14,14,19420.10546875,5.098612308502197,24200.7421875,0.16196928918361664,0.3993653655052185,0.290585994720459,0.3243931829929352,0.3243931829929352,9989,Ano Hi Mita Hana no Namae wo Bokutachi wa Mada Shiranai.,Ano Hi Mita Hana no Namae wo Bokutachi wa Mada Shiranai. | Strike the Blood: Valkyria no Oukoku-hen | Muv-Luv Alternative: Total Eclipse | Ookami-san to Shichinin no Nakama-tachi | Kami nomi zo Shiru Sekai II | Prince of Stride: Alternative | Haikyuu!! Riku vs. Kuu | Yuru Camp△ | Noragami OVA | Boushoku no Berserk | Kanojo ga Flag wo Oraretara: Christmas? Sonna Mono ga Boku ni Tsuuyou Suru to Omou no ka? | Nisemonogatari,101
hybrid_failure_vs_popularity,Popularity found the holdout but the profile-level tuned product hybrid missed the visible row.,628039316,Fan,166,53888,Spy x Family Movie: Code: White,8.1,6,2,3,5,17,6,7,14,14,13499.20703125,7.265429496765137,4859.95068359375,0.016785793006420135,0.41162657737731934,0.29318276047706604,0.2661025822162628,0.2661025822162628,35120,Devilman: Crybaby,Devilman: Crybaby | Noragami OVA | School Rumble | Cardcaptor Sakura Movie 1 | Fate/Grand Order: Shuukyoku Tokuiten - Kani Jikan Shinden Solomon | Violet Evergarden Gaiden: Eien to Jidou Shuki Ningyou | Romeo x Juliet | Seikimatsu Occult Gakuin | Medarot | Kyuuketsuhime Miyu | Argento Soma | Miira no Kaikata,101
hybrid_failure_vs_popularity,Popularity found the holdout but the profile-level tuned product hybrid missed the visible row.,1613465607,Fan,312,38483,Ore wo Suki nano wa Omae dake ka yo,7.29,4,6,14,28,12,8,12,14,14,15088.416015625,4.969813346862793,3994.788330078125,0.035141490399837494,0.4521295428276062,0.4058276414871216,0.3756506145000458,0.3756506145000458,8937,Toaru Majutsu no Index II,Toaru Majutsu no Index II | Code:Breaker | Osomatsu-san | Pokemon Movie 08: Mew to Hadou no Yuusha Lucario | Zoku Sayonara Zetsubou Sensei | Diamond no Ace: Second Season | Rakudai Kishi no Cavalry | Hajime no Ippo: Boxer no Kobushi | Nagato Yuki-chan no Shoushitsu | Top wo Nerae! & Top wo Nerae 2! Gattai Movie!! | Oniichan dakedo Ai sae Areba Kankeinai yo ne! | Pokemon Crystal: Raikou Ikazuchi no Densetsu,101
hybrid_failure_vs_popularity,Popularity found the holdout but the profile-level tuned product hybrid missed the visible row.,1759049492,Casual,104,35484,Osake wa Fuufu ni Natte kara,6.95,9,38,17,41,20,17,14,14,14,3089.141357421875,0.6931471824645996,666.5545043945312,0.004782496020197868,0.3670029640197754,0.3391936123371124,0.3679998517036438,0.3679998517036438,30885,Noragami Aragoto OVA,Noragami Aragoto OVA | Chuunibyou demo Koi ga Shitai! Kirameki no... Slapstick Noel | Kono Subarashii Sekai ni Shukufuku wo! 3: Bonus Stage | Pokemon XY | Kageki Shoujo!! | Soredemo Sekai wa Utsukushii | Shingeki no Kyojin Season 3 Specials | AI no Idenshi | Yamada-kun to 7-nin no Majo: Mou Hitotsu no Suzaku-sai | Le Chevalier D'Eon | Mob kara Hajimaru Tansaku Eiyuutan | Towa no Quon 2: Konton no Ranbu,101
hybrid_failure_vs_popularity,Popularity found the holdout but the profile-level tuned product hybrid missed the visible row.,1570492154,Fan,350,40620,Uramichi Oniisan,7.7,7,50,3,2,30,16,12,14,14,8200.966796875,15.458584785461426,18283.44921875,0.02047075144946575,0.4295734763145447,0.36127403378486633,0.35380086302757263,0.35380086302757263,227,FLCL,"FLCL | Digimon Adventure Movie | Aku no Hana | Nisekoi OVA | Steins;Gate Movie: Fuka Ryouiki no Déjà vu | Midori no Hibi | Boogiepop wa Warawanai | Ore no Nounai Sentakushi ga, Gakuen Love Comedy wo Zenryoku de Jama Shiteiru | Ore ga Ojousama Gakkou ni ""Shomin Sample"" Toshite Gets♥Sareta Ken | Kuroko no Basket Movie 4: Last Game | One Piece Movie 04: Dead End no Bouken | Rurouni Kenshin: Meiji Kenkaku Romantan - Shin Kyoto-hen",101
hybrid_failure_vs_popularity,Popularity found the holdout but the profile-level tuned product hybrid missed the visible row.,490572750,Casual,141,14527,Medaka Box Abnormal,7.38,10,32,12,9,45,13,13,14,14,4517.109375,4.0,6241.318359375,0.003625020384788513,0.31778866052627563,0.25308841466903687,0.2815353274345398,0.2815353274345398,38826,Tenki no Ko,Tenki no Ko | Tokyo Revengers | Jigoku Shoujo | Days | Kimetsu no Yaiba: Mugen Ressha-hen | Kamisama no Inai Nichiyoubi | Umi ga Kikoeru | Kakegurui×× | Working!! | Hinomaruzumou | Shingeki no Kyojin: Chronicle | Mushrambo,101
hybrid_failure_vs_popularity,Popularity found the holdout but the profile-level tuned product hybrid missed the visible row.,451802144,Beginner,43,50410,One Piece Film: Red,7.82,10,17,101,11,13,11,14,14,14,2042.8555908203125,0.0,1077.1455078125,0.009128708392381668,0.30621758103370667,0.20580051839351654,0.20580051839351654,0.20580051839351654,23755,Nanatsu no Taizai,Nanatsu no Taizai | 86 Part 2 | K-On! Movie | Pupa | Nijiiro Days | Pokemon XY&Z | Kyoukai no Kanata Movie 1: I'll Be Here - Kako-hen | Gangsta. | Myself; Yourself | Aggressive Retsuko (ONA) 3rd Season | Ranma ½ | Tsukimonogatari,101
hard_failure_rank_over_50,The held-out liked title was buried; this is a systematic failure candidate.,180476619,Casual,110,20457,"Inari, Konkon, Koi Iroha.",7.19,14,21,34,44,94,26,35,51,51,5022.5927734375,0.6931471824645996,760.881591796875,-0.007976390421390533,0.3567710220813751,0.25740155577659607,0.24228304624557495,0.24228304624557495,13659,Ore no Imouto ga Konnani Kawaii Wake ga Nai.,Ore no Imouto ga Konnani Kawaii Wake ga Nai. | Spy x Family Part 2 | Mieruko-chan | Dragon Ball | Little Busters! | Corpse Party: Missing Footage | Naruto: Shippuuden Movie 3 - Hi no Ishi wo Tsugu Mono | Blame! Movie | Fuuka | Narutaru: Mukuro Naru Hoshi Tama Taru Ko | JoJo no Kimyou na Bouken Part 3: Stardust Crusaders - Egypt-hen | Ibara no Ou,101
hard_failure_rank_over_50,The held-out liked title was buried; this is a systematic failure candidate.,562287953,Fan,189,5157,Alexander Senki Movie,6.03,101,62,101,39,59,79,66,51,51,3143.9853515625,0.0,864.3201293945312,0.0034598358906805515,0.2639828622341156,0.256740540266037,0.32335570454597473,0.32335570454597473,861,xxxHOLiC,xxxHOLiC | Full Metal Panic! | Baki | Digimon Adventure: | Meitantei Conan Movie 10: Tantei-tachi no Requiem | Da Yu Hai Tang (Movie) | Battle Fighters Garou Densetsu 2 | Gyakkyou Burai Kaiji: Hakairoku-hen | Shinryaku! Ika Musume | Macross II: Lovers Again | Teekyuu | Higurashi no Naku Koro ni Special: Nekogoroshi-hen,101
hard_failure_rank_over_50,The held-out liked title was buried; this is a systematic failure candidate.,1757842604,Fan,212,40969,Jintian Kaishi Zuo Mingxing,6.94,66,23,101,101,54,53,48,51,51,7067.80810546875,0.0,0.0,0.004042032174766064,0.3291516900062561,0.2828373908996582,0.3105678856372833,0.3105678856372833,19023,"Wake Up, Girls!","Wake Up, Girls! | Masamune-kun no Revenge | Saijaku Tamer wa Gomi Hiroi no Tabi wo Hajimemashita. | Dumbbell Nan Kilo Moteru? | Raise wa Tanin ga Ii | Chi. Chikyuu no Undou ni Tsuite | Umineko no Naku Koro ni | Nisekoi: | Vampire Knight | Maison Ikkoku | Btooom! | Nekopara OVA",101
hard_failure_rank_over_50,The held-out liked title was buried; this is a systematic failure candidate.,1412636384,Casual,70,37525,Babylon,6.73,16,3,101,17,90,15,28,52,52,6850.65576171875,0.0,2228.052734375,-0.009844699874520302,0.47586673498153687,0.3345654308795929,0.32490697503089905,0.32490697503089905,430,Fullmetal Alchemist: The Conqueror of Shamballa,Fullmetal Alchemist: The Conqueror of Shamballa | Otonari ni Ginga | Rurouni Kenshin: Meiji Kenkaku Romantan - Tsuioku-hen | Zero no Tsukaima F | Mononoke Hime | Stranger: Mukou Hadan | Cool Doji Danshi | Chuukou Ikkan!! Kimetsu Gakuen Monogatari: Kimetsu no Utage Tokubetsu-hen | Burn the Witch #0.8 | Bishoujo Senshi Sailor Moon SuperS | Code Geass: Hangyaku no Lelouch - Kiseki no Birthday | Kyuukyoku Shinka shita Full Dive RPG ga Genjitsu yori mo Kusoge Dattara,101
hard_failure_rank_over_50,The held-out liked title was buried; this is a systematic failure candidate.,1145734468,Fan,263,31297,"Tokyo Ghoul: ""Pinto""",7.2,14,41,26,28,100,27,43,54,54,8467.375,1.0,4402.91357421875,-0.05483236908912659,0.19082103669643402,0.09403327852487564,0.06708250939846039,0.06708250939846039,8841,Kore wa Zombie desu ka?,"Kore wa Zombie desu ka? | Umineko no Naku Koro ni | Netoge no Yome wa Onnanoko ja Nai to Omotta? | Ajin | Isekai Quartet | IS: Infinite Stratos Encore - Koi ni Kogareru Rokujuusou | Toradora!: Bentou no Gokui | Love Lab | Bokusatsu Tenshi Dokuro-chan 2 | Chuunibyou demo Koi ga Shitai! Lite | Komi-san wa, Comyushou desu. | Towa no Quon 1: Utakata no Kaben",101
hard_failure_rank_over_50,The held-out liked title was buried; this is a systematic failure candidate.,442894141,Casual,81,4742,Papa to Odorou,6.52,72,96,101,66,32,88,78,55,55,536.8228149414062,0.0,63.07611846923828,0.001479199156165123,0.24736915528774261,0.2295176237821579,0.25854888558387756,0.25854888558387756,10271,Gyakkyou Burai Kaiji: Hakairoku-hen,Gyakkyou Burai Kaiji: Hakairoku-hen | Shuumatsu Nani Shitemasu ka? Isogashii desu ka? Sukutte Moratte Ii desu ka? | Needless | Shinpi no Sekai El-Hazard (TV) | Nyan Koi! | Non Non Biyori Nonstop | IDOLiSH7 | Chi. Chikyuu no Undou ni Tsuite | Nihon Animator Mihonichi | Mayonaka no Occult Koumuin | Kiddy Grade | Kidou Senshi Gundam SEED Destiny Final Plus: Erabareta Mirai,101
hard_failure_rank_over_50,The held-out liked title was buried; this is a systematic failure candidate.,604593607,Casual,67,48252,"Ore, Tsushima",6.93,41,68,101,41,94,63,64,56,56,1140.753662109375,0.0,866.8734130859375,-0.007567699067294598,0.1516410857439041,0.10838428139686584,0.11909271776676178,0.11909271776676178,35120,Devilman: Crybaby,Devilman: Crybaby | Kimi no Suizou wo Tabetai | Owari no Seraph: Nagoya Kessen-hen | Munou na Nana | Mairimashita! Iruma-kun 2nd Season | Kotarou wa Hitorigurashi | Blue Lock vs. U-20 Japan | 3-gatsu no Lion | Date A Live II | Major S6 | Cheer Danshi!! | Ore no Imouto ga Konnani Kawaii Wake ga Nai Specials,101
hard_failure_rank_over_50,The held-out liked title was buried; this is a systematic failure candidate.,737185763,Casual,89,36848,Aishen Qiaokeli-ing...II,7.02,38,16,101,101,94,37,44,56,56,4444.6669921875,0.0,0.0,-0.011747220531105995,0.26993024349212646,0.2047373205423355,0.2125258892774582,0.2125258892774582,39587,Re:Zero kara Hajimeru Isekai Seikatsu 2nd Season,Re:Zero kara Hajimeru Isekai Seikatsu 2nd Season | Kimi ni Todoke | 3-gatsu no Lion | Noragami Aragoto | .hack//Sign | Code Geass: Hangyaku no Lelouch | Akebi-chan no Sailor-fuku | Berserk: Ougon Jidai-hen III - Kourin | Bleach: Sennen Kessen-hen | Darker than Black: Kuro no Keiyakusha - Sakura no Hana no Mankai no Shita | Koroshi Ai | Hibike! Euphonium 3,101
hard_failure_rank_over_50,The held-out liked title was buried; this is a systematic failure candidate.,1363283253,Fan,218,57031,Vampire Dormitory,6.22,35,7,101,39,88,26,30,56,56,11792.060546875,0.0,1164.3634033203125,-0.005305466242134571,0.28096500039100647,0.18980740010738373,0.1737845242023468,0.1737845242023468,5681,Summer Wars,Summer Wars | Naruto: Shippuuden | Mawaru Penguindrum | Just Because! | Jaku-Chara Tomozaki-kun 2nd Stage | Initial D Fourth Stage | Sayonara Zetsubou Sensei | Fujimoto Tatsuki 17-26 | Highschool of the Dead | Kuroshitsuji: Book of Murder | Mahouka Koukou no Rettousei: Tsuioku-hen | Kao ni Denai Kashiwada-san to Kao ni Deru Oota-kun,101
hard_failure_rank_over_50,The held-out liked title was buried; this is a systematic failure candidate.,1691015668,Veteran,593,488,Ichigo Mashimaro,7.64,18,70,7,32,28,28,26,56,56,10380.8349609375,10.707859992980957,5158.7646484375,0.027454715222120285,0.22978851199150085,0.18286734819412231,0.21036271750926971,0.21036271750926971,2251,Baccano!,Baccano! | Re:Zero kara Hajimeru Isekai Seikatsu - Hyouketsu no Kizuna | Koukyuu no Karasu | Overlord Movie 2: Shikkoku no Eiyuu | Date A Live II: Kurumi Star Festival | Boku no Hero Academia the Movie 1: Futari no Hero Specials | Arifureta Shokugyou de Sekai Saikyou Season 3 | One Piece: Innen no Log! Mugiwara no Ichimi to Cipher Pol | Mahou Shoujo Madoka★Magica Movie 3: Hangyaku no Monogatari | Inu-Ou | Ai no Utagoe wo Kikasete | Baccano! Specials,101
hard_failure_rank_over_50,The held-out liked title was buried; this is a systematic failure candidate.,645438391,Fan,383,1481,"Urusei Yatsura: Haru da, Tobidase!",6.66,66,37,101,70,56,57,57,56,56,12392.32421875,0.0,555.2783813476562,0.0017729485407471657,0.18268407881259918,0.15139414370059967,0.17928555607795715,0.17928555607795715,19,Monster,"Monster | Ore no Nounai Sentakushi ga, Gakuen Love Comedy wo Zenryoku de Jama Shiteiru | Trigun Stampede | Tonari no Seki-kun | Code Geass: Boukoku no Akito 2 - Hikisakareshi Yokuryuu | Yagate Kimi ni Naru | Burn the Witch #0.8 | Gunsmith Cats | Robotics;Notes | Oniichan wa Oshimai! | IS: Infinite Stratos | Full Metal Panic! Invisible Victory",101
hard_failure_rank_over_50,The held-out liked title was buried; this is a systematic failure candidate.,15353413,Veteran,506,57609,Megumi no Daigo: Kyuukoku no Orange Recaps,5.93,96,81,29,101,49,91,66,56,56,6821.5869140625,1.2000000476837158,0.0,0.006098678335547447,0.18115009367465973,0.17675639688968658,0.23674584925174713,0.23674584925174713,54918,Tokyo Revengers: Tenjiku-hen,Tokyo Revengers: Tenjiku-hen | Jingai Kyoushitsu no Ningengirai Kyoushi | Jashin-chan Dropkick X | Yakusoku no Neverland 2nd Season | Mairimashita! Iruma-kun 4th Season | Id:Invaded | Jigokuraku 2nd Season | NEET Kunoichi to Nazeka Dousei Hajimemashita: Nazeka Beach de Dogimagi Shimashita/Nazeka Moto Koutou Youma to Nakayoku Narimashita | Leviathan | D_Cide Traumerei the Animation | Juubee Ninpuuchou | Kinnikuman: Kanpeki Choujin Shiso-hen,101
hard_failure_rank_over_50,The held-out liked title was buried; this is a systematic failure candidate.,597607501,Veteran,1041,33201,Ojisan to Marshmallow: Hige-san to Yume Mashmallow,6.03,30,74,23,57,36,46,43,58,58,12681.3798828125,2.4000000953674316,1882.3953857421875,0.034683708101511,0.12595447897911072,0.10063169151544571,0.2180362492799759,0.2180362492799759,136,Hunter x Hunter,Hunter x Hunter | Kage no Jitsuryokusha ni Naritakute! 2nd Season | Accel World EX | Tenchi Muyou! Ryououki: Omatsuri Zenjitsu no Yoru! | Daa! Daa! Daa! | Tenchi Muyou! Ryououki 3rd Season: Tenchi Seirou naredo Namitakashi? | Tenshi na Konamaiki | Devilman | One Piece Characters Log | Kidou Senshi Gundam MS IGLOO: 1-nen Sensou Hiroku | Rokumon Tengai Mon Colle Knights | Crayon Shin-chan Movie 08: Arashi wo Yobu Jungle,101
hard_failure_rank_over_50,The held-out liked title was buried; this is a systematic failure candidate.,807789073,Fan,273,53633,Bullbuster,6.15,55,51,101,50,88,63,64,59,59,5418.5595703125,0.0,1651.8343505859375,-0.0025642262771725655,0.1578870415687561,0.13507431745529175,0.17443713545799255,0.17443713545799255,5114,Fullmetal Alchemist: Brotherhood,"Fullmetal Alchemist: Brotherhood | Pokemon XY&Z | Yozakura-san Chi no Daisakusen | Sentouin, Haken shimasu! | Senpai ga Uzai Kouhai no Hanashi | Shijou Saikyou no Deshi Kenichi | Back Street Girls: Gokudolls | Kishibe Rohan wa Ugokanai | Yasei no Last Boss ga Arawareta! | Kamiarizuki no Kodomo | Pokemon XY: Sora no Hahen | Stranger: Mukou Hadan",101
hard_failure_rank_over_50,The held-out liked title was buried; this is a systematic failure candidate.,645792077,Veteran,739,5225,Lupin III: Pilot Film,6.36,56,64,20,79,58,64,49,59,59,11164.1337890625,4.797895431518555,546.12744140625,0.020570598542690277,0.16763664782047272,0.1628430336713791,0.28525298833847046,0.28525298833847046,11979,Mahou Shoujo Madoka★Magica Movie 2: Eien no Monogatari,"Mahou Shoujo Madoka★Magica Movie 2: Eien no Monogatari | Hidamari Sketch | Pokemon Movie 03: Kesshoutou no Teiou Entei | Komi-san wa, Comyushou desu. | Papa no Iukoto wo Kikinasai! | Kakegurui | 5-toubun no Hanayome ∬ | Tsuujou Kougeki ga Zentai Kougeki de Ni-kai Kougeki no Okaasan wa Suki desu ka? | Dekiru Neko wa Kyou mo Yuuutsu | Koukaku no Pandora | Kokkoku | Soul Eater NOT!",101
hard_failure_rank_over_50,The held-out liked title was buried; this is a systematic failure candidate.,1667313870,Beginner,35,5717,Kiniro no Corda: Secondo Passo,7.11,42,92,101,6,92,44,59,59,59,223.82078552246094,0.0,1537.972900390625,-0.005623559933155775,0.33522671461105347,0.26545360684394836,0.26545360684394836,0.26545360684394836,50392,Mato Seihei no Slave,Mato Seihei no Slave | Satsuriku no Tenshi | Devil May Cry | Gintama: The Final | Beastars | Initial D Third Stage | Free! Dive to the Future | Saint Seiya: Meiou Hades Juuni Kyuu-hen | Redline | Killing Bites | One Piece: Yume no Soccer Ou! | Kidou Senshi Gundam 00 Second Season,101
hard_failure_rank_over_50,The held-out liked title was buried; this is a systematic failure candidate.,1973550229,Veteran,668,1252,Fushigi no Umi no Nadia: Original Movie,5.27,85,25,101,72,70,64,68,59,59,24999.04296875,0.0,1223.4637451171875,0.0005473527126014233,0.14963895082473755,0.11922399699687958,0.22222907841205597,0.22222907841205597,37450,Seishun Buta Yarou wa Bunny Girl Senpai no Yume wo Minai,Seishun Buta Yarou wa Bunny Girl Senpai no Yume wo Minai | Kimi no Suizou wo Tabetai | Koi to Uso | Dungeon Meshi | Overlord | Tengen Toppa Gurren Lagann | Black★Rock Shooter (OVA) | Ikoku Meiro no Croisée The Animation | Sword Art Online: Alicization - War of Underworld 2nd Season | Aki no Kanade | Uta∽Kata | Kanojo mo Kanojo,101
hard_failure_rank_over_50,The held-out liked title was buried; this is a systematic failure candidate.,2096823372,Veteran,1807,6163,Kuroshitsuji Recap,7.18,23,22,52,11,27,17,25,61,61,50566.421875,1.2000000476837158,30450.294921875,0.1153872087597847,0.3524797260761261,0.2671204209327698,0.3581025302410126,0.3581025302410126,34822,Tsuki ga Kirei,Tsuki ga Kirei | Chainsaw Man Movie: Reze-hen | Banana Fish | Senki Zesshou Symphogear | Kami nomi zo Shiru Sekai: 4-nin to Idol | Golgo 13 | Tetsuwan Birdy | Boku no Chikyuu wo Mamotte | Tenchi Muyou! Ryououki | Project ARMS | Wakaokami wa Shougakusei! Movie | Black Jack 21,101
hard_failure_rank_over_50,The held-out liked title was buried; this is a systematic failure candidate.,1476103001,Casual,52,15613,Hakkenden: Touhou Hakken Ibun,7.38,17,43,21,17,90,42,57,61,61,1340.1893310546875,0.6931471824645996,1300.1221923828125,-0.008915945887565613,0.2874847650527954,0.2211693674325943,0.23564575612545013,0.23564575612545013,48561,Jujutsu Kaisen 0 Movie,Jujutsu Kaisen 0 Movie | Yubisaki to Renren | Inu to Hasami wa Tsukaiyou | Overlord Movie: Ple Ple Pleiades | Jujutsu Kaisen: Shimetsu Kaiyuu - Zenpen | Akebi-chan no Sailor-fuku | Hayate no Gotoku! Heaven Is a Place on Earth | RahXephon | Zombieland Saga | Heroic Age | Poputepipikku TV Special | Dennou Coil,101
hard_failure_rank_over_50,The held-out liked title was buried; this is a systematic failure candidate.,565272026,Fan,208,53379,Uchi no Kaisha no Chiisai Senpai no Hanashi,6.9,16,45,101,26,70,30,38,61,61,5458.0048828125,0.0,2328.429931640625,0.0009622052311897278,0.1985274851322174,0.12498264759778976,0.1310693919658661,0.1310693919658661,23755,Nanatsu no Taizai,Nanatsu no Taizai | [Oshi no Ko] 3rd Season | Shingeki no Kyojin OVA | Kono Subarashii Sekai ni Bakuen wo! | Shingeki! Kyojin Chuugakkou | Re:Monster | Blue Period | Hyouka: Motsubeki Mono wa | Re:Zero kara Hajimeru Break Time | Doraemon Movie 31: Shin Nobita to Tetsujin Heidan - Habatake Tenshi-tachi | Aria the Animation | Corpse Party: Missing Footage,101
hard_failure_rank_over_50,The held-out liked title was buried; this is a systematic failure candidate.,821187645,Veteran,507,21671,Keroro,6.9,62,90,101,46,71,67,66,62,62,4541.9638671875,0.0,4376.56640625,-0.0032755760475993156,0.1716924011707306,0.1488923877477646,0.22249113023281097,0.22249113023281097,52973,Megami no Café Terrace,Megami no Café Terrace | Freezing Vibration | Tenki no Ko | Mayoiga | Ryza no Atelier: Tokoyami no Joou to Himitsu no Kakurega | Grappler Baki: Saidai Tournament-hen | Devilman: Crybaby | Ginga Eiyuu Densetsu: Die Neue These - Gekitotsu | Garo: Honoo no Kokuin | Made in Abyss Movie 2: Hourou Suru Tasogare | Bakemonogatari | Fullmetal Alchemist: The Conqueror of Shamballa,101
hard_failure_rank_over_50,The held-out liked title was buried; this is a systematic failure candidate.,965643016,Fan,189,42220,Condom Battler Gorou,6.56,67,92,101,101,40,81,78,63,63,1859.1474609375,0.0,0.0,-0.0007716371910646558,0.10958843678236008,0.0995207354426384,0.12104188650846481,0.12104188650846481,41457,86,"86 | Josee to Tora to Sakana-tachi | Wotaku ni Koi wa Muzukashii | Kishibe Rohan wa Ugokanai | Fate/stay night Movie: Unlimited Blade Works | Dungeon ni Deai wo Motomeru no wa Machigatteiru Darou ka | Happy Sugar Life | Oroka na Tenshi wa Akuma to Odoru | Houkago Shounen Hanako-kun | Hataraku Saibou!! Saikyou no Teki, Futatabi. Karada no Naka wa ""Chou"" Oosawagi! | Code Geass: Hangyaku no Lelouch I - Koudou | Otome Game no Hametsu Flag shika Nai Akuyaku Reijou ni Tensei shiteshimatta...",101
hard_failure_rank_over_50,The held-out liked title was buried; this is a systematic failure candidate.,1178032233,Casual,103,3306,Aoki Honoo,4.66,88,34,101,64,56,69,67,63,63,2861.131103515625,0.0,103.02719116210938,0.0036276066675782204,0.34287840127944946,0.3145509660243988,0.36576318740844727,0.36576318740844727,36028,Golden Kamuy,Golden Kamuy | Detroit Metal City | Katekyou Hitman Reborn! | Ashita no Nadja | Jewelpet | Ie Naki Ko | Keijo!!!!!!!! | Stop!! Hibari-kun! | Dagashi Kashi | Osomatsu-san Special | KanColle Movie | Selector Destructed WIXOSS Movie,101
hard_failure_rank_over_50,The held-out liked title was buried; this is a systematic failure candidate.,1563294075,Veteran,915,50010,Meitantei Conan: Hannin no Hanzawa-san,6.88,42,57,101,21,31,44,44,63,63,15610.6142578125,0.0,9450.59765625,0.06491453945636749,0.2370070070028305,0.18582744896411896,0.30577781796455383,0.30577781796455383,901,"Dragon Ball Z Movie 08: Moetsukiro!! Nessen, Ressen, Chougekisen","Dragon Ball Z Movie 08: Moetsukiro!! Nessen, Ressen, Chougekisen | Casshern Sins | Princess Tutu | Macross II: Lovers Again | Slayers Premium | Mitsuami no Kamisama | 3x3 Eyes: Seima Densetsu | Attack No.1 | Kanojo, Okarishimasu | Flanders no Inu | 1000-nen Joou: Queen Millennia | Tekken: Blood Vengeance",101
hard_failure_rank_over_50,The held-out liked title was buried; this is a systematic failure candidate.,2065821947,Fan,322,5147,Comic Party Revolution OVA,6.41,86,77,101,80,50,87,83,64,64,4615.92626953125,0.0,246.01568603515625,-0.0018760545644909143,0.11850650608539581,0.10255755484104156,0.12028734385967255,0.12028734385967255,10793,Guilty Crown,Guilty Crown | Shuumatsu no Izetta | Big Order (TV) | Akiba's Trip The Animation | Jigokuraku | Kurogane no Linebarrels | Princess Connect! Re:Dive | Tetsuwan Birdy Decode | Tu Bian Yingxiong X | Major S3 | Mahou Sensei Negima! Movie: Anime Final | Naruto: Shippuuden Movie 2 - Kizuna,101
hard_failure_rank_over_50,The held-out liked title was buried; this is a systematic failure candidate.,602423913,Veteran,1230,51349,Mahoutsukai Reimeiki Mini Anime,5.6,90,95,101,76,67,97,88,66,66,8035.4892578125,0.0,181.00299072265625,0.022592972964048386,0.11147630959749222,0.12657131254673004,0.2599063813686371,0.2599063813686371,34798,Yuru Camp△,Yuru Camp△ | Girls & Panzer | Lord El-Melloi II-sei no Jikenbo: Rail Zeppelin Grace Note - Hakamori to Neko to Majutsushi | Love Live! Superstar!! 2nd Season | Rurouni Kenshin: Meiji Kenkaku Romantan (2023) | Mini Dragon | Dragon Crisis! | Yuuki Yuuna wa Yuusha de Aru: Hidamari | Otome Youkai Zakuro | Dragon Ball Super: Super Hero | Deep Insanity: The Lost Child | Ookiku Furikabutte,101
hard_failure_rank_over_50,The held-out liked title was buried; this is a systematic failure candidate.,2022490755,Fan,151,32601,12-sai.: Chicchana Mune no Tokimeki,6.42,39,73,101,39,69,56,64,67,67,2317.43212890625,0.0,1354.9124755859375,-0.003846239298582077,0.2308626025915146,0.17575617134571075,0.18942135572433472,0.18942135572433472,16664,Kaguya-hime no Monogatari,Kaguya-hime no Monogatari | Somali to Mori no Kamisama | World Trigger | Luo Xiaohei Zhanji (Movie) | Shuumatsu no Walküre III | Seirei no Moribito | Kai Byoui Ramune | 3-gatsu no Lion 2nd Season | Shadows House | Star Wars: Visions | Re:Zero kara Hajimeru Break Time | Magatsu Wahrheit: Zuerst,101
hard_failure_rank_over_50,The held-out liked title was buried; this is a systematic failure candidate.,1674326813,Veteran,550,9796,Atashin'chi 3D Movie: Jounetsu no Chou Chounouryoku Haha Dai Bousou,6.4,101,96,101,101,77,99,95,69,69,3390.75927734375,0.0,0.0,0.005495269782841206,0.043477028608322144,0.07048112154006958,0.21263983845710754,0.21263983845710754,32686,Keijo!!!!!!!!,Keijo!!!!!!!! | Hunter x Hunter (2011) | Amanchu! Advance | Hakata Tonkotsu Ramens | Ani ni Tsukeru Kusuri wa Nai! 5 | Sekkou Boys | Kandagawa Jet Girls | Sabikui Bisco | Shingeki no Bahamut: Genesis | Beastars 2nd Season | Shoujo☆Kageki Revue Starlight: Rondo Rondo Rondo | Kurage no Shokudou,101
hard_failure_rank_over_50,The held-out liked title was buried; this is a systematic failure candidate.,1852434273,Casual,148,4186,Koukaku no Regios,7.27,15,54,8,12,100,37,33,69,69,3372.364013671875,4.382026672363281,3807.8251953125,-0.04697013646364212,0.2166205793619156,0.14914686977863312,0.12333215773105621,0.12333215773105621,5630,Higashi no Eden,Higashi no Eden | Youjo Senki | Kami nomi zo Shiru Sekai: 4-nin to Idol | Blue Period | The iDOLM@STER | Binbougami ga! | Hibike! Euphonium: Kakedasu Monaka | Major S3 | Guilty Crown: Lost Christmas - An Episode of Port Town | Phi Brain: Kami no Puzzle | Kakegurui Twin | Working'!! Announcement Specials,101
hard_failure_rank_over_50,The held-out liked title was buried; this is a systematic failure candidate.,1042608162,Fan,273,38923,Sinbi Apartment: Ghost Ball Bimil,6.88,82,59,101,74,63,76,75,70,70,5252.52587890625,0.0,347.9603576660156,-0.0021606809459626675,0.13265259563922882,0.11879931390285492,0.1500306874513626,0.1500306874513626,49782,Shadows House 2nd Season,Shadows House 2nd Season | Colorful (Movie) | Mirai no Mirai | Persona 4 the Animation | City The Animation | Toaru Kagaku no Railgun S | Shuumatsu no Walküre II | One Piece Film: Gold | Digimon Adventure Movie | Nabari no Ou | Rurouni Kenshin: Meiji Kenkaku Romantan - Seisou-hen | Hokuto no Ken Movie,101
hard_failure_rank_over_50,The held-out liked title was buried; this is a systematic failure candidate.,1929398230,Casual,69,23057,Yukidoke,4.01,96,100,101,101,57,100,98,73,73,400.5836181640625,0.0,0.0,-0.0009543613996356726,0.06807048618793488,0.07776255160570145,0.11304300278425217,0.11304300278425217,22535,Kiseijuu: Sei no Kakuritsu,"Kiseijuu: Sei no Kakuritsu | Boku no Hero Academia 5th Season | Fairy Tail (2014) | Magi: The Labyrinth of Magic | Happy Sugar Life | Makai Ouji: Devils and Realist | Kaichou wa Maid-sama!: Goshujinsama to Asonjao♥ | Meitantei Conan | Cool Doji Danshi | Arslan Senki (TV) | Wei, Kanjian Erduo La! 2 | Lost Song",101
hard_failure_rank_over_50,The held-out liked title was buried; this is a systematic failure candidate.,1051196198,Beginner,26,3036,Tobe! Isami,7.33,86,71,101,73,54,84,74,74,74,344.34429931640625,0.0,16.977794647216797,0.0013085234677419066,0.1934831589460373,0.2048218846321106,0.2048218846321106,0.2048218846321106,8074,Highschool of the Dead,"Highschool of the Dead | Shoujo Kakumei Utena | Harukana Receive | Wolf's Rain | X | Sekai Saikou no Ansatsusha, Isekai Kizoku ni Tensei suru | Fumetsu no Anata e | Ajin Part 1: Shoudou | Psycho-Pass Movie 1 | Look Back | Shoumetsu Toshi | Toaru Kagaku no Railgun S",101
hard_failure_rank_over_50,The held-out liked title was buried; this is a systematic failure candidate.,1343165294,Beginner,23,33187,Katsudou Shashin,5.5,61,97,101,101,43,81,74,74,74,140.92385864257812,0.0,0.0,0.0004469199338927865,0.08280680328607559,0.0705154687166214,0.0705154687166214,0.0705154687166214,40591,Kaguya-sama wa Kokurasetai? Tensai-tachi no Renai Zunousen,"Kaguya-sama wa Kokurasetai? Tensai-tachi no Renai Zunousen | Kiseijuu: Sei no Kakuritsu | Komi-san wa, Comyushou desu. | Nagi no Asu kara | Platinum End | Uma Musume: Pretty Derby | BanG Dream! Ave Mujica | Trigun Stampede | Fate/Grand Order: Shinsei Entaku Ryouiki Camelot 2 - Paladin; Agateram | Densetsu Kyojin Ideon: Hatsudou-hen | Gantz:O | Love Live! Sunshine!! The School Idol Movie: Over the Rainbow",101
hard_failure_rank_over_50,The held-out liked title was buried; this is a systematic failure candidate.,1154078052,Veteran,583,21523,Baku Tech! Bakugan Gachi,5.82,91,89,101,82,69,94,91,76,76,4839.85498046875,0.0,6.797611713409424,0.0005317118484526873,0.121648408472538,0.12553684413433075,0.23491796851158142,0.23491796851158142,48926,"Komi-san wa, Comyushou desu.","Komi-san wa, Comyushou desu. | Chuunibyou demo Koi ga Shitai! | Mugyutto! Black Clover | Rewrite | Akuma no Riddle | Bungou Stray Dogs 4th Season | Gabriel DropOut Specials | Bakuman. Deraman. | Isekai no Seikishi Monogatari | Saint Seiya Recap | Majo no Tabitabi | Chuunibyou demo Koi ga Shitai! Movie: Take On Me Mini-Drama - Koukai Chokuzen no... Kaiko Gekijou",101
hard_failure_rank_over_50,The held-out liked title was buried; this is a systematic failure candidate.,1562354783,Fan,173,50593,"Natsu e no Tunnel, Sayonara no Deguchi",7.99,15,17,101,82,97,27,39,76,76,8070.787109375,0.0,164.5657958984375,-0.021316874772310257,0.292683869600296,0.201120525598526,0.19863906502723694,0.19863906502723694,14741,Chuunibyou demo Koi ga Shitai!,Chuunibyou demo Koi ga Shitai! | Clannad | Summertime Render | Drifters | Log Horizon 2nd Season | Ore dake Level Up na Ken Season 2: Arise from the Shadow | Gintama° | Yuusha-kei ni Shosu: Choubatsu Yuusha 9004-tai Keimu Kiroku | Full Metal Panic! | Amagi Brilliant Park | Kengan Ashura | Chi. Chikyuu no Undou ni Tsuite,101
hard_failure_rank_over_50,The held-out liked title was buried; this is a systematic failure candidate.,871116740,Veteran,531,37932,Quanzhi Gaoshou 2,7.89,18,47,15,85,39,33,28,77,77,11274.4873046875,6.70805025100708,212.078857421875,0.015970811247825623,0.1931929588317871,0.16310101747512817,0.17990894615650177,0.17990894615650177,25777,Shingeki no Kyojin Season 2,"Shingeki no Kyojin Season 2 | Boku dake ga Inai Machi | Medaka Box | Tengen Toppa Gurren Lagann Movie 2: Lagann-hen | Mitsudomoe | Carole & Tuesday | Nurarihyon no Mago: Sennen Makyou | Koukaku Kidoutai Arise: Ghost in the Shell - Border:2 Ghost Whispers | Onegai☆Teacher: Himitsu na Futari | Iriya no Sora, UFO no Natsu | Moshidora | Wagaya no Oinari-sama.",101
hard_failure_rank_over_50,The held-out liked title was buried; this is a systematic failure candidate.,1885092128,Fan,189,13405,Utsu Musume Sayuri,2.02,61,55,101,101,79,68,69,78,78,3611.377197265625,0.0,0.0,0.0003504679771140218,0.2851142883300781,0.2583782374858856,0.2977067232131958,0.2977067232131958,27775,Plastic Memories,Plastic Memories | Kuroko no Basket: Tip Off | High☆Speed! Movie: Free! Starting Days | Shounen Maid | Keroro Gunsou Movie 3: Tenkuu Daikessen de Arimasu! | Legend of Basara | Psycho-Pass 3: First Inspector | Wu Liuqi: Zui Qiang Fa Xing Shi | Captain Tsubasa | Pokemon Best Wishes! Season 2 | Motto! Ojamajo Doremi: Kaeru Ishi no Himitsu | Meitantei Conan: Internet Nazo no Mail Jiken,101
hard_failure_rank_over_50,The held-out liked title was buried; this is a systematic failure candidate.,1397408519,Veteran,607,4134,"Naruto: Shippuuden - Shippuu! ""Konoha Gakuen"" Den",7.13,17,71,20,45,89,46,54,79,79,8113.82666015625,1.6931471824645996,3761.0615234375,-0.011315137147903442,0.17595380544662476,0.12076310068368912,0.16315442323684692,0.16315442323684692,34443,Baki,"Baki | Photokano | Fune wo Amu | Chihayafuru 2: Waga Miyo ni Furu Nagame Shima ni | InuYasha | Yondemasu yo, Azazel-san. | Katte ni Kaizou | Medalist | Final Fantasy VII: Advent Children Complete | Tondemo Skill de Isekai Hourou Meshi | Biohazard: Degeneration | Ansatsu Kyoushitsu: Jump Festa 2013 Special",101
hard_failure_rank_over_50,The held-out liked title was buried; this is a systematic failure candidate.,13031441,Casual,51,326,Petshop of Horrors,7.25,15,6,101,64,91,28,36,79,79,3155.01220703125,0.0,164.30328369140625,-0.007174838334321976,0.5367491841316223,0.42802563309669495,0.4459473490715027,0.4459473490715027,40174,Zombieland Saga Revenge,Zombieland Saga Revenge | Katekyou Hitman Reborn! | Kidou Senshi Gundam: Tekketsu no Orphans | Blade | Kara no Kyoukai Movie 6: Boukyaku Rokuon | Miira no Kaikata | Koi to Uso: Isshou no Koi/Koi no Kimochi | H2O: Footprints in the Sand | Satsuriku no Tenshi | Aa! Megami-sama! | Biohazard: Vendetta | Fushigi Yuugi: Dai Ni Bu,101
hard_failure_rank_over_50,The held-out liked title was buried; this is a systematic failure candidate.,2029923429,Fan,460,54760,Ryza no Atelier: Tokoyami no Joou to Himitsu no Kakurega,6.43,36,24,43,74,94,46,56,80,80,18192.521484375,0.6931471824645996,854.0861206054688,-0.023545745760202408,0.20089209079742432,0.12254385650157928,0.10620128363370895,0.10620128363370895,49220,Isekai Ojisan,Isekai Ojisan | Kaguya-sama wa Kokurasetai? Tensai-tachi no Renai Zunousen OVA | Plastic Memories | Youkoso Jitsuryoku Shijou Shugi no Kyoushitsu e 4th Season: 2-nensei-hen 1 Gakki | Karakai Jouzu no Takagi-san 3 | Kotarou wa Hitorigurashi | Fate/kaleid liner Prisma☆Illya Movie: Sekka no Chikai | Hataraku Saibou Black | Berserk: Ougon Jidai-hen - Memorial Edition | Kanojo to Kanojo no Neko: Everything Flows | Long Zu | Shiguang Dailiren: Yingdu Pian,101
hard_failure_rank_over_50,The held-out liked title was buried; this is a systematic failure candidate.,1934320981,Casual,116,5304,Akiba-chan,5.47,100,69,101,76,65,89,86,81,81,2215.5625,0.0,225.8238983154297,-0.0021075760014355183,0.08807645738124847,0.07871135324239731,0.09749773889780045,0.09749773889780045,47,Akira,Akira | School Rumble | Haikyuu!! Second Season | Code Geass: Hangyaku no Lelouch | Akagami no Shirayuki-hime | Pokemon: The Origin | Shokugeki no Souma: Ni no Sara | Koi wa Ameagari no You ni | ChäoS;HEAd | Candy☆Boy: Side Story For Archive | Mouretsu Pirates | Hidamari Sketch x 365 Specials,101
hard_failure_rank_over_50,The held-out liked title was buried; this is a systematic failure candidate.,226242588,Beginner,8,18205,World Fool News (TV),5.87,95,80,101,101,51,92,83,83,83,81.50426483154297,0.0,0.0,0.00016307739133480936,0.18542173504829407,0.17612943053245544,0.17612943053245544,0.17612943053245544,133,Green Green,Green Green | Hataraku Saibou | Vampire Knight Guilty | Sasameki Koto | Love Lab | Love Stage!! | H2O: Footprints in the Sand | Dragon Crisis! | Black Cat | Binbougami ga! | Genshiken OVA | Haikyuu!!,101
hard_failure_rank_over_50,The held-out liked title was buried; this is a systematic failure candidate.,1610752423,Veteran,1762,40372,Haikyuu!! (OVA),7.8,36,93,22,70,34,44,38,84,84,13527.1044921875,3.498612403869629,1164.3485107421875,0.13627247512340546,0.29701104760169983,0.2765994071960449,0.3432508409023285,0.3432508409023285,732,Vampire Hunter D,Vampire Hunter D | Amaama to Inazuma | Tanoshii Muumin Ikka | Blame! Movie | City Hunter 3 | Glass no Kamen (2005) | Kidou Senshi Gundam F91 | Non Non Biyori: Okinawa e Ikukoto ni Natta | Girls & Panzer | One Piece Fan Letter | Layton Mystery Tanteisha: Katri no Nazotoki File | Sexy Commando Gaiden: Sugoi yo!! Masaru-san,101
hard_failure_rank_over_50,The held-out liked title was buried; this is a systematic failure candidate.,84780893,Fan,245,2409,Gokudou-kun Manyuuki,7.45,58,18,101,54,90,48,60,86,86,9730.4208984375,0.0,1312.4283447265625,-0.006459944881498814,0.23297607898712158,0.1620410978794098,0.14487047493457794,0.14487047493457794,55701,Kimetsu no Yaiba: Hashira Geiko-hen,Kimetsu no Yaiba: Hashira Geiko-hen | Kusuriya no Hitorigoto | Omoide no Marnie | Rainbow: Nisha Rokubou no Shichinin | Ore no Imouto ga Konnani Kawaii Wake ga Nai | Sentai Daishikkaku | Ansatsu Kyoushitsu: Kagaijugyou-hen | Yamada-kun to Lv999 no Koi wo Suru | Kagewani | Code Geass: Hangyaku no Lelouch R2 Special Edition - Zero Requiem | Doukyuusei | Amnesia,101
hard_failure_rank_over_50,The held-out liked title was buried; this is a systematic failure candidate.,671170212,Casual,131,2164,Dennou Coil,8.02,22,12,5,54,96,25,34,87,87,6738.8876953125,3.5835189819335938,574.7073364257812,-0.012609977275133133,0.21085989475250244,0.13261829316616058,0.09282667189836502,0.09282667189836502,11061,Hunter x Hunter (2011),Hunter x Hunter (2011) | Ao Haru Ride OVA | Joker Game | Ao no Exorcist Movie | Campione! Matsurowanu Kamigami to Kamigoroshi no Maou | UQ Holder! Mahou Sensei Negima! 2 | Komori-san wa Kotowarenai! | Zetman | Boku no Hero Academia: Sukue! Kyuujo Kunren! | Sanrio Danshi | Dies Irae | Ozmafia!!,101
hard_failure_rank_over_50,The held-out liked title was buried; this is a systematic failure candidate.,17381616,Fan,178,59514,Sentai Red Isekai de Boukensha ni Naru,6.76,29,5,101,33,93,26,45,90,90,12044.646484375,0.0,2512.3798828125,-0.021935807541012764,0.37948697805404663,0.2446332722902298,0.21034984290599823,0.21034984290599823,121,Fullmetal Alchemist,Fullmetal Alchemist | Pokemon Best Wishes! Season 2: Episode N | Digimon Adventure: Bokura no War Game! | Hajime no Ippo: New Challenger | Undead Girl Murder Farce | Hajime no Ippo: Boxer no Kobushi | Yowamushi Pedal Movie | Joukamachi no Dandelion | Birdie Wing: Golf Girls' Story | Kuroko no Basket | Tensei shitara Slime Datta Ken 2nd Season: Kanwa - Veldora Nikki 2 | Full Metal Panic! The Second Raid Episode 00,101
hard_failure_rank_over_50,The held-out liked title was buried; this is a systematic failure candidate.,1205188277,Casual,62,50248,Birdie Wing: Golf Girls' Story,7.47,22,27,101,41,93,35,54,92,92,1973.4302978515625,0.0,368.9293518066406,-0.00921815074980259,0.3546973764896393,0.25607535243034363,0.2515818178653717,0.2515818178653717,2966,Ookami to Koushinryou,"Ookami to Koushinryou | Sword Art Online: Extra Edition | Kokoro Connect: Michi Random | Uchi no Ko no Tame naraba, Ore wa Moshikashitara Maou mo Taoseru kamo Shirenai. | Rurouni Kenshin: Meiji Kenkaku Romantan - Tsuioku-hen | Ikoku Meiro no Croisée The Animation | Ginga Tetsudou no Yoru | Little Busters! EX | Free! | Benriya Saitou-san, Isekai ni Iku | Full Metal Panic! The Second Raid Episode 00 | Mouretsu Pirates",101
hard_failure_rank_over_50,The held-out liked title was buried; this is a systematic failure candidate.,706396859,Veteran,2010,44235,Pui Pui Molcar,8.02,30,75,27,101,67,55,72,94,94,24355.86328125,4.477336883544922,0.0,0.07519281655550003,0.21695132553577423,0.17259058356285095,0.23403853178024292,0.23403853178024292,41710,Genjitsu Shugi Yuusha no Oukoku Saikenki,Genjitsu Shugi Yuusha no Oukoku Saikenki | Yu☆Gi☆Oh! Duel Monsters | Gintama | Fairy Tail: Final Series | Yuru Camp△ Season 2 | One Piece: Mamore! Saigo no Oobutai | Goblin Slayer II | Otome wa Boku ni Koishiteru: Futari no Elder The Animation | Higashi no Eden: Air Communication | Ao Haru Ride | Drifters (OVA) | Kidou Senshi Gundam SEED Special Edition,101
hard_failure_rank_over_50,The held-out liked title was buried; this is a systematic failure candidate.,432364590,Casual,78,9736,Astarotte no Omocha!,6.46,19,14,101,39,95,27,54,96,96,4655.05517578125,0.0,1003.2633056640625,-0.014120005071163177,0.3028104305267334,0.1878850907087326,0.16585074365139008,0.16585074365139008,49220,Isekai Ojisan,"Isekai Ojisan | Loop 7-kaime no Akuyaku Reijou wa, Moto Tekikoku de Jiyuu Kimama na Hanayome Seikatsu wo Mankitsu suru | Isekai Shokudou 2 | Nagi no Asu kara | Suisei no Gargantia | Suzumiya Haruhi no Shoushitsu | Aldnoah.Zero Part 2 | Tate no Yuusha no Nariagari Season 3 | Mashiro no Oto | Dragon Ball GT | Shine Post | Kaijuu 8-gou Movie",101
hard_failure_rank_over_50,The held-out liked title was buried; this is a systematic failure candidate.,1520204908,Fan,166,885,Tenshi no Tamago,7.71,14,13,26,101,97,23,35,96,96,7351.90087890625,0.6931471824645996,0.0,-0.013386411592364311,0.2112259417772293,0.12263447791337967,0.09697701036930084,0.09697701036930084,2236,Toki wo Kakeru Shoujo,"Toki wo Kakeru Shoujo | Sword Art Online Movie: Ordinal Scale | Kyoukai no Kanata | Kono Subarashii Sekai ni Shukufuku wo! | Boruto: Naruto Next Generations | Natsume Yuujinchou San | Wave!! Surfing Yappe!! (TV) | Kuroko no Basket NG-shuu | Cardcaptor Sakura | Monochrome Factor | Shinseiki Evangelion Movie: Air/Magokoro wo, Kimi ni | Karaoke Iko!",101
hard_failure_rank_over_50,The held-out liked title was buried; this is a systematic failure candidate.,179060290,Veteran,2211,11917,Major: World Series,8.28,22,75,17,24,45,37,44,96,96,28588.244140625,8.0,19477.462890625,0.07429346442222595,0.20113298296928406,0.14000234007835388,0.13746277987957,0.13746277987957,28817,Mikagura Gakuen Kumikyoku (TV),Mikagura Gakuen Kumikyoku (TV) | Takanashi Rikka Kai: Chuunibyou demo Koi ga Shitai! Movie | Koukaku Kidoutai: Stand Alone Complex | Sonny Boy | Break Blade | Caligula | Sansha Sanyou Specials | Sono Bisque Doll wa Koi wo Suru Season 2 | Zan Sayonara Zetsubou Sensei | 4-nin wa Sorezore Uso wo Tsuku | Goblin Slayer II | Boku no Hero Academia 6th Season,101
hard_failure_rank_over_50,The held-out liked title was buried; this is a systematic failure candidate.,1115426591,Fan,289,46093,Shiroi Suna no Aquatope,7.52,16,35,34,43,100,46,63,98,98,10350.4404296875,0.6931471824645996,3238.060546875,-0.07141619175672531,0.18796685338020325,0.09946714341640472,0.07699385285377502,0.07699385285377502,60543,Dandadan 2nd Season,Dandadan 2nd Season | Dorohedoro | Dungeon ni Deai wo Motomeru no wa Machigatteiru Darou ka V: Houjou no Megami-hen | Toaru Majutsu no Index | Skip to Loafer | Rurouni Kenshin: Meiji Kenkaku Romantan - Kyoto Douran | Guilty Crown | World Trigger 3rd Season | Nichijou | Peter Grill to Kenja no Jikan | Clannad | To LOVE-Ru Darkness 2nd Specials,101
hard_failure_rank_over_50,The held-out liked title was buried; this is a systematic failure candidate.,337975574,Fan,164,8460,Mirai Nikki,7.18,13,52,9,71,101,61,93,101,101,3529.066162109375,2.0,205.20706176757812,-0.024868376553058624,0.16067653894424438,0.10915155708789825,0.07606520503759384,0.07606520503759384,37765,Kidou Senshi Gundam: Senkou no Hathaway,Kidou Senshi Gundam: Senkou no Hathaway | K-On!! | Kobayashi-san Chi no Maid Dragon S | High School DxD BorN | Full Metal Panic! Invisible Victory | Mahoutsukai no Yome: Hoshi Matsu Hito | Tokyo Revengers: Seiya Kessen-hen | Enen no Shouboutai: San no Shou Part 2 | Ruri no Houseki | Persona 3 the Movie 4: Winter of Rebirth | Yuu☆Yuu☆Hakusho | Enen no Shouboutai,101
hard_failure_rank_over_50,The held-out liked title was buried; this is a systematic failure candidate.,382299807,Beginner,16,38699,Boku no Hero Academia the Movie 1: Futari no Hero Specials,7.34,15,39,101,59,101,67,101,101,101,434.8553771972656,0.0,56.33562469482422,-0.008847331628203392,0.14534229040145874,0.07353156805038452,0.07353156805038452,0.07353156805038452,29803,Overlord,Overlord | Sousei no Onmyouji | xxxHOLiC | 3-gatsu no Lion | Blood Lad | Cop Craft | Sengoku Basara | Fairy Tail Movie 1: Houou no Miko | Fairy Tail OVA | Dandadan 2nd Season | Shakugan no Shana II (Second) | Ore wo Suki nano wa Omae dake ka yo: Oretachi no Game Set,101
strong_top3_recovery,The held-out liked title was recovered almost immediately.,2146516289,Fan,183,49889,Tsuki ga Michibiku Isekai Douchuu 2nd Season,7.84,7,4,1,9,1,1,1,1,1,11955.3115234375,22.024883270263672,5178.60400390625,0.33515307307243347,0.9275065660476685,0.9658658504486084,0.9547860026359558,0.9547860026359558,49889,Tsuki ga Michibiku Isekai Douchuu 2nd Season,"Tsuki ga Michibiku Isekai Douchuu 2nd Season | Medaka Box | Honzuki no Gekokujou: Shisho ni Naru Tame ni wa Shudan wo Erandeiraremasen | Tomodachi Game | Takt Op. Destiny | Mahou Shoujo Madoka★Magica Movie 3: Hangyaku no Monogatari | Kotonoha no Niwa | Isshun de Chiryou shiteita noni Yakutatazu to Tsuihou sareta Tensai Chiyushi, Yami Healer toshite Tanoshiku Ikiru | Black★Rock Shooter (OVA) | Osomatsu-san | A-Channel | Violet Evergarden: Kitto ""Ai"" wo Shiru Hi ga Kuru no Darou",101
strong_top3_recovery,The held-out liked title was recovered almost immediately.,2140908631,Casual,71,51009,Jujutsu Kaisen 2nd Season,8.7,3,3,1,2,2,2,1,1,1,8595.2451171875,29.252914428710938,6905.23388671875,0.4786052107810974,0.8513936400413513,0.8822082281112671,0.8707697987556458,0.8707697987556458,51009,Jujutsu Kaisen 2nd Season,Jujutsu Kaisen 2nd Season | Shingeki no Kyojin: The Final Season Part 2 | Blue Period | Mo Dao Zu Shi | Gokushufudou Part 2 | BNA | Osomatsu-san | Ore no Imouto ga Konnani Kawaii Wake ga Nai | Sugar Apple Fairy Tale | Liar Liar | Ranpo Kitan: Game of Laplace | Mashle: Mash Burnedead to Fushigi na Tegami,101
strong_top3_recovery,The held-out liked title was recovered almost immediately.,2141018090,Casual,73,9756,Mahou Shoujo Madoka★Magica,8.39,1,3,1,8,1,1,1,1,1,6912.7568359375,29.483802795410156,1213.7684326171875,0.2626877427101135,0.944149911403656,0.9550760984420776,0.9044768810272217,0.9044768810272217,9756,Mahou Shoujo Madoka★Magica,Mahou Shoujo Madoka★Magica | Jigoku Shoujo | Higurashi no Naku Koro ni Kai | Hakushaku to Yousei | Ao no Exorcist: Kyoto Fujouou-hen | Free! Take Your Marks | Hal | Devil May Cry | Sakurako-san no Ashimoto ni wa Shitai ga Umatteiru | Youkoso Jitsuryoku Shijou Shugi no Kyoushitsu e 3rd Season | Date A Live II: Kurumi Star Festival | Aki no Kanade,101
strong_top3_recovery,The held-out liked title was recovered almost immediately.,1743386532,Beginner,10,16498,Shingeki no Kyojin,8.57,1,1,1,1,1,1,1,1,1,1211.20947265625,9.163458824157715,1186.3883056640625,0.24915307760238647,0.9999999403953552,1.0,1.0,1.0,16498,Shingeki no Kyojin,"Shingeki no Kyojin | Irozuku Sekai no Ashita kara | Gakkougurashi! | Magi: Sinbad no Bouken (TV) | Tate no Yuusha no Nariagari Season 4 | Spy x Family Movie: Code: White | Katsute Kami Datta Kemono-tachi e | One Piece Movie 05: Norowareta Seiken | Shinjiteita Nakama-tachi ni Dungeon Okuchi de Korosarekaketa ga Gift ""Mugen Gacha"" de Level 9999 no Nakama-tachi wo Te ni Irete Moto Party Member to Sekai ni Fukushuu & ""Zamaa!"" Shimasu! | Mizu Zokusei no Mahoutsukai | One Piece: Romance Dawn Story | Cardcaptor Sakura: Clear Card-hen",101
strong_top3_recovery,The held-out liked title was recovered almost immediately.,2141700460,Beginner,48,431,Howl no Ugoku Shiro,8.67,1,6,1,70,1,1,1,1,1,3388.670654296875,8.958797454833984,44.21953582763672,0.2239266037940979,0.849000096321106,0.9270258545875549,0.9270258545875549,0.9270258545875549,431,Howl no Ugoku Shiro,Howl no Ugoku Shiro | Barakamon | Deca-Dence | Enen no Shouboutai: San no Shou | Fate/stay night Movie: Heaven's Feel - II. Lost Butterfly | Black Lagoon: Roberta's Blood Trail | Jigoku Shoujo Futakomori | Shinigami Bocchan to Kuro Maid | Gokukoku no Brynhildr | Rurouni Kenshin: Meiji Kenkaku Romantan - Tsuioku-hen | Show By Rock!! | Fudanshi Koukou Seikatsu,101
strong_top3_recovery,The held-out liked title was recovered almost immediately.,2141736062,Beginner,43,32995,Yuri!!! on Ice,7.9,3,26,6,8,1,1,1,1,1,1754.16552734375,3.7841897010803223,1322.1392822265625,0.23130100965499878,0.7637184858322144,0.7293025851249695,0.7293025851249695,0.7293025851249695,32995,Yuri!!! on Ice,"Yuri!!! on Ice | Mousou Dairinin | Katekyou Hitman Reborn! | Elfen Lied: Tooriame nite Arui wa, Shoujo wa Ikani Shite Sono Shinjou ni Itatta ka? - Regenschauer | Kamisama no Memochou | Tanaka-kun wa Itsumo Kedaruge | Yahari Ore no Seishun Love Comedy wa Machigatteiru. Zoku | Wonder Egg Priority: Watashi no Priority | Akaneiro ni Somaru Saka | Miyori no Mori | Golden Kamuy 4th Season | Hikaru no Go",101
strong_top3_recovery,The held-out liked title was recovered almost immediately.,1743487781,Casual,135,34280,Gamers!,6.72,4,4,5,31,1,1,1,1,1,9201.29296875,8.147867202758789,2253.829833984375,0.1586778461933136,0.8669987916946411,0.8503566980361938,0.8561173677444458,0.8561173677444458,34280,Gamers!,"Gamers! | Sekai Saikou no Ansatsusha, Isekai Kizoku ni Tensei suru | Nanatsu no Taizai OVA | Ajin | JoJo no Kimyou na Bouken Part 4: Diamond wa Kudakenai | Karakai Jouzu no Takagi-san 3 | Kakkou no Iinazuke | Zetman | Re:␣Hamatora | Baki: Dai Raitaisai-hen | Vanitas no Karte | MÄR",101
strong_top3_recovery,The held-out liked title was recovered almost immediately.,2142000846,Casual,52,28755,Boruto: Naruto the Movie,7.37,5,29,3,5,1,1,1,1,1,2176.54833984375,7.367295742034912,2720.57275390625,0.1680726855993271,0.8101631999015808,0.8136736154556274,0.8427228927612305,0.8427228927612305,28755,Boruto: Naruto the Movie,"Boruto: Naruto the Movie | Sword Art Online II | Vinland Saga Season 2 | Rurouni Kenshin: Meiji Kenkaku Romantan (2023) | Nurarihyon no Mago: Sennen Makyou | X | Shingeki no Kyotou | Fullmetal Alchemist: Reflections | Gate: Jieitai Kanochi nite, Kaku Tatakaeri Part 2 | Hibike! Euphonium Movie 2: Todoketai Melody | Pokemon XY | Psycho-Pass: Sinners of the System Case.3 - Onshuu no Kanata ni＿＿",101
strong_top3_recovery,The held-out liked title was recovered almost immediately.,2142033095,Casual,87,1818,Claymore,7.73,4,4,1,4,1,1,1,1,1,4818.97265625,21.077098846435547,2482.421142578125,0.3813435435295105,0.8737748861312866,0.9456255435943604,0.9656598567962646,0.9656598567962646,1818,Claymore,Claymore | True Tears | Akame ga Kill! | Kodomo no Omocha (TV) | Maria-sama ga Miteru 3rd | Meitantei Conan | Black★Rock Shooter (OVA) | Saint Seiya Omega | Gakusen Toshi Asterisk 2nd Season | Macross Plus | Penguin Musume♥Heart | Tennis no Oujisama: Zenkoku Taikai-hen - Semifinal,101
strong_top3_recovery,The held-out liked title was recovered almost immediately.,2142104749,Casual,108,1889,Higurashi no Naku Koro ni Kai,8.16,4,2,1,1,1,1,1,1,1,9309.646484375,26.673006057739258,4937.81396484375,0.35978513956069946,0.9637638330459595,0.9759927988052368,0.972727358341217,0.972727358341217,1889,Higurashi no Naku Koro ni Kai,Higurashi no Naku Koro ni Kai | Jigoku Shoujo | Koutetsujou no Kabaneri | Aria the Origination | 07-Ghost | Saint Seiya: Soul of Gold | Nanatsu-iro★Drops | Minami-ke Tadaima | Non Non Biyori Repeat | Tenchi Muyou! Manatsu no Eve | Psycho-Pass Movie 1 | Wonderful Days,101
strong_top3_recovery,The held-out liked title was recovered almost immediately.,2142415824,Fan,315,18897,Nisekoi,7.55,2,7,1,2,1,1,1,1,1,17467.392578125,45.448143005371094,10009.703125,0.21178871393203735,0.9137183427810669,0.9275723099708557,0.8893846273422241,0.8893846273422241,18897,Nisekoi,"Nisekoi | Golden Time | Watashi, Nouryoku wa Heikinchi de tte Itta yo ne! | Toki wo Kakeru Shoujo | Saihate no Paladin: Tetsusabi no Yama no Ou | Slow Start | Kareshi Kanojo no Jijou | Himesama ""Goumon"" no Jikan desu 2nd Season | BanG Dream! It's MyGO!!!!! | Kyoukai no Kanata Movie 1: I'll Be Here - Kako-hen | Back Street Girls: Gokudolls | Uchuu Patrol Luluco",101
strong_top3_recovery,The held-out liked title was recovered almost immediately.,1743866607,Casual,96,38524,Shingeki no Kyojin Season 3 Part 2,9.05,1,2,3,1,1,1,1,1,1,9838.283203125,10.772588729858398,5764.79833984375,0.6384743452072144,0.9292047023773193,0.8205323219299316,0.8089179396629333,0.8089179396629333,38524,Shingeki no Kyojin Season 3 Part 2,Shingeki no Kyojin Season 3 Part 2 | Mob Psycho 100 | Wonder Egg Priority | Basilisk: Kouga Ninpou Chou | Higashi no Eden | Canaan | Kakugo no Susume | Dragon Ball: Super Saiya-jin Zetsumetsu Keikaku | Devilman | Uchuu Show e Youkoso | Bakuretsu Tenshi | Enen no Shouboutai,101
strong_top3_recovery,The held-out liked title was recovered almost immediately.,2142578789,Fan,176,15335,Gintama Movie 2: Kanketsu-hen - Yorozuya yo Eien Nare,8.89,4,15,4,1,1,1,1,1,1,8366.2841796875,7.9849677085876465,11830.8515625,0.6707606911659241,0.8394448161125183,0.7813076972961426,0.8376781940460205,0.8376781940460205,15335,Gintama Movie 2: Kanketsu-hen - Yorozuya yo Eien Nare,"Gintama Movie 2: Kanketsu-hen - Yorozuya yo Eien Nare | Sekai Saikou no Ansatsusha, Isekai Kizoku ni Tensei suru | Shaman King | Chihayafuru 3 | Mars Red | Mushishi Zoku Shou: Suzu no Shizuku | Sakamoto desu ga? | Gilgamesh | Nobunaga the Fool | Youjo Senki Movie | Jujutsu Kaisen Movie: Shibuya Jihen Tokubetsu Henshuu-ban x Shimetsu Kaiyuu Senkou Jouei | Gunjou no Magmell",101
strong_top3_recovery,The held-out liked title was recovered almost immediately.,2142583557,Veteran,524,1943,Paprika,8.05,1,2,1,55,1,1,1,1,1,40833.00390625,48.19636917114258,3339.5146484375,0.8202084898948669,0.8806082606315613,0.9430360794067383,0.9270228743553162,0.9270228743553162,1943,Paprika,Paprika | Megalo Box | Furiko | Gokushufudou | Psycho-Pass: Sinners of the System Case.2 - First Guardian | Aoharu x Kikanjuu | Date A Live IV | Ao Ashi | Back Street Girls: Gokudolls | Kanon (2006) | Alice to Zouroku | Tales of Vesperia: The First Strike,101
strong_top3_recovery,The held-out liked title was recovered almost immediately.,2142732735,Beginner,48,50265,Spy x Family,8.41,1,1,1,11,1,1,1,1,1,5361.8662109375,8.330733299255371,2023.578369140625,0.37025687098503113,0.9514651298522949,0.979979395866394,0.979979395866394,0.979979395866394,50265,Spy x Family,Spy x Family | Great Pretender | Domestic na Kanojo | Sakamoto Days Part 2 | Net-juu no Susume | Mononogatari | Tensura Nikki: Tensei shitara Slime Datta Ken | Tensei Kizoku no Isekai Boukenroku: Jichou wo Shiranai Kamigami no Shito | Seikimatsu Occult Gakuin | Mahou Shoujo Site | Kidou Senshi Gundam: Suisei no Majo Season 2 | Mugen no Juunin: Immortal,101
strong_top3_recovery,The held-out liked title was recovered almost immediately.,2142768118,Beginner,10,5114,Fullmetal Alchemist: Brotherhood,9.11,1,1,1,3,1,1,1,1,1,2332.20263671875,31.522645950317383,836.4285888671875,0.3074479401111603,0.9806526899337769,0.9920192360877991,0.9920192360877991,0.9920192360877991,5114,Fullmetal Alchemist: Brotherhood,Fullmetal Alchemist: Brotherhood | Given | Arakawa Under the Bridge x Bridge | Campione! Matsurowanu Kamigami to Kamigoroshi no Maou | Fate/Grand Order: Zettai Majuu Sensen Babylonia | Gintama: The Final | Seishun Buta Yarou wa Bunny Girl Senpai no Yume wo Minai | Enen no Shouboutai: San no Shou Part 2 | Ao no Exorcist: Yosuga-hen | Shikkakumon no Saikyou Kenja | Seitokai Yakuindomo* | Inazuma Eleven Go vs. Danball Senki W Movie,101
strong_top3_recovery,The held-out liked title was recovered almost immediately.,1744205137,Fan,495,48736,Sono Bisque Doll wa Koi wo Suru,8.13,2,9,2,45,1,1,1,1,1,22579.515625,77.58367919921875,2162.5576171875,0.9301663637161255,0.7882912158966064,0.7688475251197815,0.7376325130462646,0.7376325130462646,48736,Sono Bisque Doll wa Koi wo Suru,Sono Bisque Doll wa Koi wo Suru | Hunter x Hunter (2011) | Kamisama ni Natta Hi | Tsurune: Tsunagari no Issha | Jitsu wa Watashi wa | Junketsu no Maria | Motto To LOVE-Ru | Jashin-chan Dropkick': Chitose-hen | Tenchi Souzou Design-bu | Bright: Samurai Soul | Princess Connect! Michibiki no Hatsuhana: Fiore Storia | Net-juu no Susume Special,101
strong_top3_recovery,The held-out liked title was recovered almost immediately.,1744731248,Casual,52,35760,Shingeki no Kyojin Season 3,8.65,1,2,3,1,1,1,1,1,1,5457.50390625,9.3862943649292,7303.13623046875,0.7268543243408203,0.9439464211463928,0.8776421546936035,0.8972358107566833,0.8972358107566833,35760,Shingeki no Kyojin Season 3,Shingeki no Kyojin Season 3 | Fumetsu no Anata e | xxxHOLiC | Watashi ga Motenai no wa Dou Kangaetemo Omaera ga Warui! | Shadows House | Kuroshitsuji II | Sousou no Frieren | Hitoribocchi no Marumaru Seikatsu | Dekiru Neko wa Kyou mo Yuuutsu | Oniichan wa Oshimai! | Mato Seihei no Slave | Tsuki to Laika to Nosferatu,101
strong_top3_recovery,The held-out liked title was recovered almost immediately.,2143718187,Casual,86,24439,Kekkai Sensen,7.59,3,3,2,14,1,1,1,1,1,6749.43603515625,11.025815963745117,2441.65869140625,0.09223353862762451,0.9057654142379761,0.9258323311805725,0.9267805814743042,0.9267805814743042,24439,Kekkai Sensen,Kekkai Sensen | Monster | Shinka no Mi: Shiranai Uchi ni Kachigumi Jinsei | Fairy Tail Movie 1: Houou no Miko - Hajimari no Asa | Meitantei Conan OVA 07: Agasa kara no Chousenjou! Agasa vs Conan & Shounen Tanteidan | BanG Dream! 3rd Season | Meitantei Conan OVA 05: Target wa Kogorou!! Shounen Tanteidan Maruhi Report | Koori no Jouheki | City Hunter | Shingeki no Kyojin: Ano Hi Kara | Hoozuki no Reitetsu 2nd Season: Sono Ni | Monster Musume no Iru Nichijou: Hobo Mainichi ◯◯! Namappoi Douga,101
strong_top3_recovery,The held-out liked title was recovered almost immediately.,2143886214,Casual,122,2034,Lovely★Complex,8.03,3,15,1,41,1,1,1,1,1,5166.41015625,36.7795295715332,1208.059326171875,0.41399580240249634,0.8631001710891724,0.9375895857810974,0.9344486594200134,0.9344486594200134,2034,Lovely★Complex,Lovely★Complex | Amagi Brilliant Park | Mononoke | Arakawa Under the Bridge | Mahou Sensou | Acchi Kocchi | Yami no Matsuei | Mushikaburi-hime | Subete ga F ni Naru | Concrete Revolutio: Choujin Gensou | Escha & Logy no Atelier: Tasogare no Sora no Renkinjutsushi | Romantica Clock,101
strong_top3_recovery,The held-out liked title was recovered almost immediately.,1744818981,Beginner,36,11061,Hunter x Hunter (2011),9.03,1,1,1,1,1,1,1,1,1,3649.776123046875,42.945594787597656,2611.32177734375,0.5963739156723022,0.9999999403953552,1.0,1.0,1.0,11061,Hunter x Hunter (2011),Hunter x Hunter (2011) | SKET Dance | Kobayashi-san Chi no Maid Dragon | Sousou no Frieren | Id:Invaded | Shikanoko Nokonoko Koshitantan | Shiguang Dailiren: Yingdu Pian | Fate/Grand Carnival | Kyokou Suiri | Ore wa Seikan Kokka no Akutoku Ryoushu! | Liar Liar | Akatsuki no Yona OVA,101
strong_top3_recovery,The held-out liked title was recovered almost immediately.,2144632261,Fan,250,55997,"Guild no Uketsukejou desu ga, Zangyou wa Iya nanode Boss wo Solo Toubatsu Shiyou to Omoimasu",6.64,11,2,3,7,3,2,1,1,1,14447.6005859375,12.838194847106934,6886.35791015625,0.230931356549263,0.7523996829986572,0.724353551864624,0.7443869113922119,0.7443869113922119,55997,"Guild no Uketsukejou desu ga, Zangyou wa Iya nanode Boss wo Solo Toubatsu Shiyou to Omoimasu","Guild no Uketsukejou desu ga, Zangyou wa Iya nanode Boss wo Solo Toubatsu Shiyou to Omoimasu | Tsuki to Laika to Nosferatu | Honzuki no Gekokujou: Shisho ni Naru Tame ni wa Shudan wo Erandeiraremasen | Boku no Hero Academia 5th Season | Shinmai Renkinjutsushi no Tenpo Keiei | Sukuwareru Ramiris | Tu Bian Yingxiong X | Ousama Game The Animation | Irozuku Sekai no Ashita kara | One Room: Third Season | Ojou to Banken-kun | Shichisei no Subaru",101
strong_top3_recovery,The held-out liked title was recovered almost immediately.,2144826944,Casual,123,1575,Code Geass: Hangyaku no Lelouch,8.71,1,1,1,17,1,1,1,1,1,13378.8642578125,37.87976837158203,2542.9326171875,0.2785192131996155,0.9475328922271729,0.9466304779052734,0.8735867738723755,0.8735867738723755,1575,Code Geass: Hangyaku no Lelouch,"Code Geass: Hangyaku no Lelouch | Re:Zero kara Hajimeru Isekai Seikatsu - Memory Snow | Kidou Senshi Gundam: Suisei no Majo | Fairy Tail: Final Series | Rokudenashi Majutsu Koushi to Akashic Records | Pokemon XY: New Year Special | Arifureta Shokugyou de Sekai Saikyou 2nd Season | The Big O | Azumanga Daiou The Animation | Koukaku Kidoutai: Stand Alone Complex - Solid State Society | Bakuten Shoot Beyblade | Uchiage Hanabi, Shita kara Miru ka? Yoko kara Miru ka?",101
strong_top3_recovery,The held-out liked title was recovered almost immediately.,2145015365,Casual,73,28851,Koe no Katachi,8.93,1,11,1,13,1,1,1,1,1,4026.669677734375,25.778749465942383,1483.7000732421875,0.4834035336971283,0.8599625825881958,0.9270675182342529,0.9173594117164612,0.9173594117164612,28851,Koe no Katachi,Koe no Katachi | Sakamoto desu ga? | Koukaku Kidoutai | Hataraku Saibou: Kaze Shoukougun | Shingeki no Kyojin: The Final Season | Momo e no Tegami | Doubutsu no Mori | Kami nomi zo Shiru Sekai | Imouto sae Ireba Ii. | Tenchi Souzou Design-bu | One Piece: Nenmatsu Tokubetsu Kikaku! Mugiwara no Luffy Oyabun Torimonochou | Lupin III (2015),101
strong_top3_recovery,The held-out liked title was recovered almost immediately.,2147320326,Beginner,37,28223,Death Parade,8.13,2,1,1,5,1,1,1,1,1,3938.715576171875,13.752005577087402,977.3451538085938,0.218455508351326,0.9535408616065979,0.9807862043380737,0.9807862043380737,0.9807862043380737,28223,Death Parade,Death Parade | Great Pretender | Haikyuu!! | Haiyore! Nyaruko-san | Cross Game | Blood-C | Genshiken | Dragon Ball Z Movie 01: Ora no Gohan wo Kaese!! | Kage no Jitsuryokusha ni Naritakute! | Araburu Kisetsu no Otome-domo yo. | Shinmai Maou no Testament | Saigo ni Hitotsu dake Onegai shitemo Yoroshii deshou ka,101
strong_top3_recovery,The held-out liked title was recovered almost immediately.,2145387328,Fan,284,36474,Sword Art Online: Alicization,7.58,2,3,4,1,1,1,1,1,1,21195.73046875,12.564348220825195,18586.94140625,0.9500880837440491,0.8332433700561523,0.6750169396400452,0.7096032500267029,0.7096032500267029,36474,Sword Art Online: Alicization,"Sword Art Online: Alicization | Toradora! | Blue Lock vs. U-20 Japan | High Score Girl II | Ookami Shoujo to Kuro Ouji: Gishinanki – Happening Kiss | Kusuriya no Hitorigoto 2nd Season | Saikyou no Shienshoku ""Wajutsushi"" de Aru Ore wa Sekai Saikyou Clan wo Shitagaeru | Another World | Arifureta Shokugyou de Sekai Saikyou Recap | Sword Art Online: Sword Art Offline | Itou Junji: Collection | Koi to Senkyo to Chocolate",101
strong_top3_recovery,The held-out liked title was recovered almost immediately.,2145423632,Casual,111,14813,Yahari Ore no Seishun Love Comedy wa Machigatteiru.,8.0,1,3,1,3,1,1,1,1,1,8029.24365234375,43.91923522949219,4382.73828125,0.7385526895523071,0.9088313579559326,0.9609842896461487,0.9755786061286926,0.9755786061286926,14813,Yahari Ore no Seishun Love Comedy wa Machigatteiru.,"Yahari Ore no Seishun Love Comedy wa Machigatteiru. | Shoujo Kakumei Utena | Golden Kamuy 2nd Season | Promare: Galo-hen | Blood+ | Giniro no Kami no Agito | Hataraku Maou-sama!! 2nd Season | Tokyo Ravens | Shoujo Shuumatsu Jugyou | One Piece Movie 07: Karakuri-jou no Mecha Kyohei | Kanojo, Okarishimasu 2nd Season | Cowboy Bebop: Ein no Natsuyasumi",101
strong_top3_recovery,The held-out liked title was recovered almost immediately.,2145928900,Casual,125,52198,Kaguya-sama wa Kokurasetai: First Kiss wa Owaranai,8.71,1,3,1,6,1,1,1,1,1,8539.19921875,16.172521591186523,4993.455078125,0.21842078864574432,0.9455833435058594,0.9600935578346252,0.941659152507782,0.941659152507782,52198,Kaguya-sama wa Kokurasetai: First Kiss wa Owaranai,"Kaguya-sama wa Kokurasetai: First Kiss wa Owaranai | Kyuukyoku Shinka shita Full Dive RPG ga Genjitsu yori mo Kusoge Dattara | Kuma Kuma Kuma Bear | Ore ga Ojousama Gakkou ni ""Shomin Sample"" Toshite Gets♥Sareta Ken | Persona 4 the Animation | Azur Lane | Mirai no Mirai | Blood+ | Trigun Stampede | Strike Witches | Sekaiichi Hatsukoi OVA | Re:Zero kara Hajimeru Isekai Seikatsu - Hyouketsu no Kizuna",101
strong_top3_recovery,The held-out liked title was recovered almost immediately.,2145982893,Casual,79,38000,Kimetsu no Yaiba,8.4,1,4,1,1,1,1,1,1,1,8633.1220703125,65.80867004394531,11005.9453125,0.8547184467315674,0.9805125594139099,0.9915164709091187,0.9991515278816223,0.9991515278816223,38000,Kimetsu no Yaiba,"Kimetsu no Yaiba | Youjo Senki | Steins;Gate: Oukoubakko no Poriomania | Made in Abyss: Retsujitsu no Ougonkyou | Meitantei Conan Movie 03: Seikimatsu no Majutsushi | Initial D First Stage | Suzumiya Haruhi no Yuuutsu | Boku no Hero Academia: More | One Piece 3D2Y: Ace no Shi wo Koete! Luffy Nakama to no Chikai | Tamayura: Hitotose - Attakai Kaze no Omoide, nanode | Strike Witches Movie | Senryuu Shoujo",101
strong_top3_recovery,The held-out liked title was recovered almost immediately.,1745427454,Beginner,18,30276,One Punch Man,8.47,1,16,1,8,1,1,1,1,1,1180.04248046875,13.613734245300293,876.5615844726562,0.36083072423934937,0.8563686609268188,0.9268471598625183,0.9268471598625183,0.9268471598625183,30276,One Punch Man,One Punch Man | Kizumonogatari: Koyomi Vamp | Blood Lad | Mushishi Zoku Shou | Natsume Yuujinchou Shi | Absolute Duo | Jigoku Shoujo | Boku wa Tomodachi ga Sukunai | Dungeon ni Deai wo Motomeru no wa Machigatteiru Darou ka Movie: Orion no Ya | 11eyes | Ore no Kanojo to Osananajimi ga Shuraba Sugiru | Fate/strange Fake: Whispers of Dawn,101
strong_top3_recovery,The held-out liked title was recovered almost immediately.,2146023750,Beginner,37,37521,Vinland Saga,8.78,1,3,1,11,1,1,1,1,1,2860.616455078125,8.410943031311035,772.7693481445312,0.11357183009386063,0.9459468126296997,0.9635900259017944,0.9635900259017944,0.9635900259017944,37521,Vinland Saga,Vinland Saga | Little Witch Academia | Nejimaki Seirei Senki: Tenkyou no Alderamin | Bakuman. Deraman. | Bakemono no Ko | Youkoso Jitsuryoku Shijou Shugi no Kyoushitsu e 2nd Season | Initial D Final Stage | Ueki no Housoku | Houkago Saikoro Club | Seitokai Yakuindomo OVA | Devil May Cry | Armitage III: Poly-Matrix,101
strong_top3_recovery,The held-out liked title was recovered almost immediately.,1745616266,Casual,55,853,Ouran Koukou Host Club,8.16,3,1,1,2,1,1,1,1,1,5763.22705078125,33.467620849609375,1488.820556640625,0.2968643307685852,0.9733952283859253,0.9888643622398376,0.9830101728439331,0.9830101728439331,853,Ouran Koukou Host Club,"Ouran Koukou Host Club | So Ra No Wo To | Shingeki no Kyojin OVA | Corrector Yui | Mahou Shoujo Madoka★Magica: Concept Movie | Matantei Loki Ragnarok | Mamahaha no Tsurego ga Motokano datta | Hetalia Axis Powers Movie: Paint it, White | Zoku Natsume Yuujinchou | Hime Chen! Otogi Chikku Idol Lilpri | Lupin III (2015) | Ashita no Joe 2",101
strong_top3_recovery,The held-out liked title was recovered almost immediately.,1745809216,Fan,397,37984,"Kumo desu ga, Nani ka?",7.44,4,1,1,2,2,2,1,1,1,28438.689453125,73.15618133544922,18736.16015625,0.5773830413818359,0.8392557501792908,0.8564269542694092,0.8405584096908569,0.8405584096908569,37984,"Kumo desu ga, Nani ka?","Kumo desu ga, Nani ka? | Hataraku Maou-sama! | Okashi na Tensei | Magi: Sinbad no Bouken (TV) | Gintama. | Haikyuu!! Movie 3: Sainou to Sense | Inuyashiki | Nijiiro Days: Nijiiro Biyori | Danchigai: Juusan Goutou Sentou Ikitai!! | Shoukoku no Altair | Jaku-Chara Tomozaki-kun 2nd Stage | Hitsugi no Chaika",101
strong_top3_recovery,The held-out liked title was recovered almost immediately.,469385,Casual,137,38408,Boku no Hero Academia 4th Season,7.86,1,4,1,3,1,1,1,1,1,10347.095703125,23.190824508666992,10154.22265625,0.5275205373764038,0.983165442943573,0.9688510298728943,0.9280732870101929,0.9280732870101929,38408,Boku no Hero Academia 4th Season,"Boku no Hero Academia 4th Season | Chou Kaguya-hime! | Back Street Girls: Gokudolls | Hachimitsu to Clover | Owarimonogatari 2nd Season Recaps | Uchiage Hanabi, Shita kara Miru ka? Yoko kara Miru ka? | Yubisaki to Renren | Shingeki no Kyojin Season 2 Movie: Kakusei no Houkou | Heartcatch Precure! Movie: Hana no Miyako de Fashion Show... desu ka!? | So Ra No Wo To Specials | Grisaia: Phantom Trigger The Animation - Stargazer | Kore wa Zombie desu ka?",101
strong_top3_recovery,The held-out liked title was recovered almost immediately.,625599,Beginner,12,16498,Shingeki no Kyojin,8.57,1,1,1,1,1,1,1,1,1,2823.630126953125,21.057947158813477,3411.625732421875,0.6771097183227539,0.9999999403953552,1.0,1.0,1.0,16498,Shingeki no Kyojin,Shingeki no Kyojin | Durarara!! | Mousou Dairinin | Fullmetal Alchemist: Brotherhood Specials | Saint Seiya | Shingeki no Kyojin: Ano Hi Kara | Tsurezure Children | Magic Knight Rayearth | Kizumonogatari III: Reiketsu-hen | Tsuki ga Kirei | Shaman King (2021) | Wotaku ni Koi wa Muzukashii,101
strong_top3_recovery,The held-out liked title was recovered almost immediately.,701331,Fan,441,36563,Megalo Box,7.87,3,9,1,36,1,1,1,1,1,22779.9296875,40.366390228271484,4289.513671875,0.5916200876235962,0.8551831841468811,0.9240953922271729,0.9050373435020447,0.9050373435020447,36563,Megalo Box,"Megalo Box | Golden Kamuy 4th Season | Kaii to Otome to Kamikakushi | Hotarubi no Mori e | Texhnolyze | High Score Girl | Okinawa de Suki ni Natta Ko ga Hougen Sugite Tsurasugiru | Taiyou yori mo Mabushii Hoshi | Kizumonogatari II: Nekketsu-hen | Food Court de, Mata Ashita. | Happy Sugar Life | Futari Solo Camp",101
strong_top3_recovery,The held-out liked title was recovered almost immediately.,707014,Casual,111,14513,Magi: The Labyrinth of Magic,8.0,4,16,3,1,1,1,1,1,1,5358.03857421875,30.64344024658203,7463.1064453125,0.6457363367080688,0.8907855749130249,0.9017057418823242,0.9411813616752625,0.9411813616752625,14513,Magi: The Labyrinth of Magic,Magi: The Labyrinth of Magic | Clannad | Kuroshitsuji | Btooom! | Higurashi no Naku Koro ni Kai | Jujutsu Kaisen 2nd Season | Granblue Fantasy The Animation | Persona 4 the Golden Animation | Animegataris | Hisone to Maso-tan | JoJo no Kimyou na Bouken Part 5: Ougon no Kaze | Karakai Jouzu no Takagi-san: Water Slide,101
strong_top3_recovery,The held-out liked title was recovered almost immediately.,1746085874,Casual,145,38826,Tenki no Ko,8.27,2,4,1,18,1,1,1,1,1,10666.7060546875,41.07471466064453,1996.6217041015625,0.8376148343086243,0.8902866244316101,0.953457236289978,0.9572045207023621,0.9572045207023621,38826,Tenki no Ko,Tenki no Ko | One Punch Man 2nd Season | Evangelion Movie 2: Ha | Kuroko no Basket | High School DxD | Nisekoi OVA | Devil May Cry | Overlord III | Hadashi no Gen | Gunsmith Cats | Haikyuu!! Movie 1: Owari to Hajimari | Nanatsu no Taizai: Ensa no Edinburgh,101
strong_top3_recovery,The held-out liked title was recovered almost immediately.,1746531525,Casual,115,36511,Tokyo Ghoul:re,6.37,6,5,3,1,1,1,1,1,1,9210.2060546875,13.170483589172363,9246.1337890625,0.23122015595436096,0.8633573651313782,0.7642208933830261,0.783706784248352,0.783706784248352,36511,Tokyo Ghoul:re,Tokyo Ghoul:re | Youjo Senki | Yofukashi no Uta | Houseki no Kuni | Yamada-kun to Lv999 no Koi wo Suru | Gangsta. | Hakumei no Tsubasa: Expansion - Hoshi no Matsuri | Tougen Anki | Sword Art Online II: Sword Art Offline II | Kimi no Koto ga Daidaidaidaidaisuki na 100-nin no Kanojo 2nd Season | Otonari no Tenshi-sama ni Itsunomanika Dame Ningen ni Sareteita Ken 2 | Digimon Adventure 3D: Digimon Grand Prix!,101
strong_top3_recovery,The held-out liked title was recovered almost immediately.,927153,Fan,201,36407,Kenja no Mago,6.61,6,8,1,18,1,1,1,1,1,12519.322265625,49.008392333984375,3783.013427734375,0.4237337112426758,0.8534555435180664,0.9374158978462219,0.9489187598228455,0.9489187598228455,36407,Kenja no Mago,Kenja no Mago | Ookami to Koushinryou | Nakitai Watashi wa Neko wo Kaburu | Little Busters! | Itai no wa Iya nanode Bougyoryoku ni Kyokufuri Shitai to Omoimasu. 2 | Aharen-san wa Hakarenai | Princess Connect! Re:Dive Season 2 | Comet Lucifer | Hangyakusei Million Arthur 2nd Season | Boku ga Aishita Subete no Kimi e | Super Lovers | Mushishi Zoku Shou: Suzu no Shizuku,101
strong_top3_recovery,The held-out liked title was recovered almost immediately.,955483,Casual,142,47790,"Sekai Saikou no Ansatsusha, Isekai Kizoku ni Tensei suru",7.31,2,2,1,55,1,1,1,1,1,12949.39453125,43.39960479736328,899.746826171875,0.6710251569747925,0.8886460065841675,0.9531387090682983,0.9455090761184692,0.9455090761184692,47790,"Sekai Saikou no Ansatsusha, Isekai Kizoku ni Tensei suru","Sekai Saikou no Ansatsusha, Isekai Kizoku ni Tensei suru | Arifureta Shokugyou de Sekai Saikyou 2nd Season | Fate/stay night | Tantei wa Mou, Shindeiru. | Tsuki ga Michibiku Isekai Douchuu 2nd Season | Rewrite | Tensei shitara Slime Datta Ken 3rd Season | Rosario to Vampire Capu2 | Sayonara no Asa ni Yakusoku no Hana wo Kazarou | Mikakunin de Shinkoukei | Koi to Yobu ni wa Kimochi Warui | Noblesse: Pamyeol-ui Sijak",101
strong_top3_recovery,The held-out liked title was recovered almost immediately.,1016021,Fan,200,6033,Dragon Ball Kai,7.79,6,8,3,5,1,1,1,1,1,10871.3359375,20.544795989990234,7477.5791015625,0.42766571044921875,0.8093485832214355,0.805527925491333,0.8433364033699036,0.8433364033699036,6033,Dragon Ball Kai,"Dragon Ball Kai | World Trigger | Rurouni Kenshin: Meiji Kenkaku Romantan (2023) | Sword Art Online Movie: Ordinal Scale | Plunderer | Drifters | Gate: Jieitai Kanochi nite, Kaku Tatakaeri Part 2 | Ore Monogatari!! | Konjiki no Gash Bell!! | Kuroko no Basket Movie 3: Winter Cup - Tobira no Mukou | Rurouni Kenshin: Meiji Kenkaku Romantan - Kyoto Douran | One Piece Recap",101
strong_top3_recovery,The held-out liked title was recovered almost immediately.,1746894140,Casual,89,20507,Noragami,7.94,1,8,1,3,1,1,1,1,1,5373.1064453125,29.847759246826172,4051.2431640625,0.46316128969192505,0.9001587629318237,0.9441882967948914,0.9383665323257446,0.9383665323257446,20507,Noragami,Noragami | Re:Zero kara Hajimeru Isekai Seikatsu 2nd Season Part 2 | Jaku-Chara Tomozaki-kun 2nd Stage | Peach Boy Riverside | Kowloon Generic Romance | Infinite Dendrogram | Gintama' | NieR:Automata Ver1.1a Part 2 | Mawaru Penguindrum | Beelzebub-jou no Okinimesu mama. | Trinity Blood | Love Hina Christmas Special: Silent Eve,101
strong_top3_recovery,The held-out liked title was recovered almost immediately.,1124886,Casual,50,51180,Youkoso Jitsuryoku Shijou Shugi no Kyoushitsu e 3rd Season,7.92,7,3,1,7,1,1,1,1,1,5330.59326171875,12.462947845458984,2143.749755859375,0.2823714017868042,0.9010038375854492,0.9574484825134277,0.9700838327407837,0.9700838327407837,51180,Youkoso Jitsuryoku Shijou Shugi no Kyoushitsu e 3rd Season,"Youkoso Jitsuryoku Shijou Shugi no Kyoushitsu e 3rd Season | Romantic Killer | Ao Haru Ride | Kanojo, Okarishimasu | Tsurune: Kazemai Koukou Kyuudou-bu | Kizumonogatari I: Tekketsu-hen | Kimetsu no Yaiba Movie: Mugen Ressha-hen | Initial D Second Stage | Shangri-La Frontier: Kusoge Hunter, Kamige ni Idoman to su | Lupin III | Kenpuu Denki Berserk | Trinity Seven",101
strong_top3_recovery,The held-out liked title was recovered almost immediately.,1747169175,Casual,79,35760,Shingeki no Kyojin Season 3,8.65,2,1,2,2,1,1,1,1,1,7879.3076171875,12.682130813598633,7265.94921875,0.8827886581420898,0.9823136329650879,0.9818997979164124,0.9808900952339172,0.9808900952339172,35760,Shingeki no Kyojin Season 3,"Shingeki no Kyojin Season 3 | Kimetsu no Yaiba | Btooom! | Initial D Third Stage | Saenai Heroine no Sodatekata ♭: Koi to Junjou no Service-kai | Yuusha Party wo Tsuihou sareta Beast Tamer, Saikyoushu no Nekomimi Shoujo to Deau | High School DxD New | Kono Bijutsu-bu ni wa Mondai ga Aru! | Aiura | Hello!! Kiniro Mosaic | Senyuu. | Arata Kangatari",101
strong_top3_recovery,The held-out liked title was recovered almost immediately.,1747181654,Beginner,36,4898,Kuroshitsuji,7.65,3,3,1,5,1,1,1,1,1,2878.966064453125,6.579251289367676,1294.801513671875,0.1568697988986969,0.9222569465637207,0.9482783675193787,0.9482783675193787,0.9482783675193787,4898,Kuroshitsuji,Kuroshitsuji | Ghost Hunt | Digimon Adventure | Mai-HiME | Chainsaw Man | Narutaru: Mukuro Naru Hoshi Tama Taru Ko | Violet Evergarden Gaiden: Eien to Jidou Shuki Ningyou | Fire Tripper | Tayutama: Kiss on My Deity | Blade & Soul | Fairy Gone | High School DxD OVA,101
strong_top3_recovery,The held-out liked title was recovered almost immediately.,1262393,Casual,55,30831,Kono Subarashii Sekai ni Shukufuku wo!,8.09,1,26,4,34,1,1,1,1,1,2434.03564453125,6.011267185211182,372.74273681640625,0.2059454619884491,0.7631657719612122,0.7136876583099365,0.7161842584609985,0.7161842584609985,30831,Kono Subarashii Sekai ni Shukufuku wo!,"Kono Subarashii Sekai ni Shukufuku wo! | Gintama | Mugen no Juunin: Immortal | Uchiage Hanabi, Shita kara Miru ka? Yoko kara Miru ka? | Ore no Imouto ga Konnani Kawaii Wake ga Nai. | Mahoutsukai no Yome | Colorful (Movie) | Yomi no Tsugai | M3: Sono Kuroki Hagane | Koi wa Ameagari no You ni | X/1999 | Aggressive Retsuko (ONA) 3rd Season",101
strong_top3_recovery,The held-out liked title was recovered almost immediately.,1271142,Fan,392,25537,Fate/stay night Movie: Heaven's Feel - I. Presage Flower,8.14,1,2,1,4,1,1,1,1,1,38376.53515625,26.557846069335938,13544.1806640625,0.662166178226471,0.9451909065246582,0.9563778638839722,0.9298743009567261,0.9298743009567261,25537,Fate/stay night Movie: Heaven's Feel - I. Presage Flower,Fate/stay night Movie: Heaven's Feel - I. Presage Flower | Gabriel DropOut | Suisei no Gargantia | 5-toubun no Hanayome∽ | Kamonohashi Ron no Kindan Suiri | Corpse Party: Tortured Souls - Bougyakusareta Tamashii no Jukyou | Rolling☆Girls | Mushikago no Cagaster | Shijou Saikyou no Deshi Kenichi | Shy | Wu Liuqi: Anying Suming | Last Exile,101
strong_top3_recovery,The held-out liked title was recovered almost immediately.,1367643,Fan,215,38883,Haikyuu!! To the Top,8.37,1,22,11,1,1,1,1,1,1,8369.2158203125,5.323009967803955,19329.5546875,0.5890528559684753,0.83295738697052,0.7206621766090393,0.7509428858757019,0.7509428858757019,38883,Haikyuu!! To the Top,Haikyuu!! To the Top | Outbreak Company | Sousei no Onmyouji | Tasogare Otome x Amnesia | Diamond no Ace | Re-Main | Ninja Kamui | Chuunibyou demo Koi ga Shitai! Kirameki no... Slapstick Noel | Uramichi Oniisan | Yoru wa Mijikashi Arukeyo Otome | Baki: Dai Raitaisai-hen | Dragon Ball Z Movie 09: Ginga Girigiri!! Bucchigiri no Sugoi Yatsu,101
strong_top3_recovery,The held-out liked title was recovered almost immediately.,1394665,Fan,176,19815,No Game No Life,8.03,1,11,1,9,1,1,1,1,1,12025.4755859375,45.56005096435547,6833.17626953125,0.635121762752533,0.8857107758522034,0.9339904189109802,0.916354775428772,0.916354775428772,19815,No Game No Life,"No Game No Life | Zankyou no Terror | Tu Bian Yingxiong X | Devilman: Crybaby | Pluto | Boku no Hero Academia the Movie 1: Futari no Hero | Jibaku Shounen Hanako-kun 2 Part 2 | Ore no Nounai Sentakushi ga, Gakuen Love Comedy wo Zenryoku de Jama Shiteiru | Chuunibyou demo Koi ga Shitai! | Akagami no Shirayuki-hime 2nd Season | Yuru Camp△ Season 2 | Koi to Yobu ni wa Kimochi Warui",101
strong_top3_recovery,The held-out liked title was recovered almost immediately.,1747276449,Casual,79,45613,Kawaii dake ja Nai Shikimori-san,6.94,5,14,1,42,3,1,1,1,1,4461.04443359375,13.948567390441895,796.4332885742188,0.10140545666217804,0.7673701047897339,0.8660463094711304,0.8696141242980957,0.8696141242980957,45613,Kawaii dake ja Nai Shikimori-san,"Kawaii dake ja Nai Shikimori-san | Steins;Gate 0: Kesshou Takei no Valentine - Bittersweet Intermedio | Clannad: Mou Hitotsu no Sekai, Tomoyo-hen | B: The Beginning | Code Geass: Boukoku no Akito 5 - Itoshiki Mono-tachi e | Koroshi Ai | Juuou Mujin no Fafnir | Isekai wa Smartphone to Tomo ni. 2 | Seireitsukai no Blade Dance Specials | Aoki Hagane no Arpeggio: Ars Nova Movie 2 - Cadenza | Bishoujo Senshi Sailor Moon: Sailor Stars | One Room, Hiatari Futsuu, Tenshi-tsuki.",101
strong_top3_recovery,The held-out liked title was recovered almost immediately.,1669295,Beginner,13,34437,Code Geass: Fukkatsu no Lelouch,7.91,6,11,1,3,1,1,1,1,1,756.40869140625,6.946976184844971,1172.7362060546875,0.1912246197462082,0.8801570534706116,0.9480698108673096,0.9480698108673096,0.9480698108673096,34437,Code Geass: Fukkatsu no Lelouch,Code Geass: Fukkatsu no Lelouch | Magi: The Labyrinth of Magic | Cross Ange: Tenshi to Ryuu no Rondo | Promare | IDOLiSH7 | 3D Kanojo: Real Girl 2nd Season | Shugo Chara! | Gintama | Machikado Mazoku | Toki wo Kakeru Shoujo | Fukumenkei Noise | Isekai Ojisan,101
strong_top3_recovery,The held-out liked title was recovered almost immediately.,1723762,Veteran,881,40935,Beastars 2nd Season,7.75,4,1,7,25,1,1,1,1,1,63323.8984375,9.3862943649292,10472.7763671875,0.6846364736557007,0.8051386475563049,0.6396557688713074,0.6995677351951599,0.6995677351951599,40935,Beastars 2nd Season,Beastars 2nd Season | Ryuu to Sobakasu no Hime | Osomatsu-san: Ouma de Kobanashi | Servamp Movie: Alice in the Garden | Puchitto Gargantia | Hi☆sCoool! SeHa Girls | Hinata no Aoshigure | Obey Me! Season 2 | Yofukashi no Uta Season 2 | Code Geass: Boukoku no Akito 2 - Hikisakareshi Yokuryuu Picture Drama | Video Girl Ai | Ryuu no Haisha,101
strong_top3_recovery,The held-out liked title was recovered almost immediately.,1817590,Beginner,14,1535,Death Note,8.62,1,1,1,13,1,1,1,1,1,1861.4078369140625,17.869298934936523,472.7422790527344,0.4137865900993347,0.9457728266716003,0.9776313304901123,0.9776313304901123,0.9776313304901123,1535,Death Note,Death Note | Steins;Gate Movie: Fuka Ryouiki no Déjà vu | Shingeki no Kyojin Season 3 Part 2 | Banana Fish | Yofukashi no Uta | Koutetsujou no Kabaneri Movie 3: Unato Kessen | Kidou Senshi Gundam 00 | Great Teacher Onizuka | Kami nomi zo Shiru Sekai: 4-nin to Idol | Hanamonogatari | Runway de Waratte | Date A Live Movie: Mayuri Judgment,101
strong_top3_recovery,The held-out liked title was recovered almost immediately.,1747298264,Beginner,22,38524,Shingeki no Kyojin Season 3 Part 2,9.05,1,1,1,1,1,1,1,1,1,3982.49658203125,8.0,7434.99267578125,0.9783245325088501,0.9999999403953552,1.0,1.0,1.0,38524,Shingeki no Kyojin Season 3 Part 2,Shingeki no Kyojin Season 3 Part 2 | Byousoku 5 Centimeter | Horimiya: Piece | Mahoutsukai no Yome | Kingdom 2nd Season | Date A Live IV | Boku no Hero Academia: Training of the Dead | Memories | Ojisan to Marshmallow | Planetarian: Chiisana Hoshi no Yume | New Game!! | Re:Zero kara Hajimeru Isekai Seikatsu 4th Season,101
strong_top3_recovery,The held-out liked title was recovered almost immediately.,1747510606,Fan,261,43609,Kaguya-sama wa Kokurasetai? Tensai-tachi no Renai Zunousen OVA,7.58,3,17,4,15,1,1,1,1,1,10903.9619140625,8.691569328308105,5623.267578125,0.380389928817749,0.7803655862808228,0.780999481678009,0.799201250076294,0.799201250076294,43609,Kaguya-sama wa Kokurasetai? Tensai-tachi no Renai Zunousen OVA,Kaguya-sama wa Kokurasetai? Tensai-tachi no Renai Zunousen OVA | Saiki Kusuo no Ψ-nan: Ψ-shidou-hen | Platinum End | Summer Wars | 5-toubun no Hanayome∽ | Pokemon: Pikachu no Obake Carnival | Boku no Hero Academia 3rd Season | Kyoukai no Kanata Movie 2: I'll Be Here - Mirai-hen | Jikuu Tantei Genshi-kun | Myself; Yourself | Goblin Slayer II | Rokudou no Onna-tachi,101
strong_top3_recovery,The held-out liked title was recovered almost immediately.,25032,Fan,245,29093,Grisaia no Meikyuu: Caprice no Mayu 0,7.81,6,20,4,22,1,2,2,1,1,10586.6259765625,11.688879013061523,5318.818359375,0.434870183467865,0.7367919683456421,0.6835533976554871,0.741730809211731,0.741730809211731,29093,Grisaia no Meikyuu: Caprice no Mayu 0,"Grisaia no Meikyuu: Caprice no Mayu 0 | Shinsekai yori | Saint Seiya: The Lost Canvas - Meiou Shinwa | Fate/Prototype | Aoharu x Kikanjuu | Platinum End | Toaru Kagaku no Railgun T | Kimi to Boku no Saigo no Senjou, Aruiwa Sekai ga Hajimaru Seisen Season II | Persona 3 the Movie 3: Falling Down | Senki Zesshou Symphogear G | Tengen Toppa Gurren Lagann Movie 2: Lagann-hen | Unnamed Memory Act.2",101
strong_top3_recovery,The held-out liked title was recovered almost immediately.,2250274,Fan,360,37347,Dungeon ni Deai wo Motomeru no wa Machigatteiru Darou ka II,7.24,2,2,2,1,1,1,1,1,1,23310.47265625,15.987524032592773,26225.6640625,0.7013975977897644,0.9576288461685181,0.9545568227767944,0.9685226082801819,0.9685226082801819,37347,Dungeon ni Deai wo Motomeru no wa Machigatteiru Darou ka II,Dungeon ni Deai wo Motomeru no wa Machigatteiru Darou ka II | Saiki Kusuo no Ψ-nan: Ψ-shidou-hen | Plastic Neesan | Yuru Yuri | Dr. Stone: Stone Wars | Durarara!!x2 Shou | Hori-san to Miyamura-kun | Jashin-chan Dropkick | Appare-Ranman! | Overlord: Ple Ple Pleiades | Narutaru: Mukuro Naru Hoshi Tama Taru Ko | Niwatori Fighter,101
strong_top3_recovery,The held-out liked title was recovered almost immediately.,1747656696,Beginner,38,16498,Shingeki no Kyojin,8.57,1,3,1,4,1,1,1,1,1,2996.76318359375,20.43766975402832,1706.1412353515625,0.3979070782661438,0.9528117179870605,0.9612165689468384,0.9612165689468384,0.9612165689468384,16498,Shingeki no Kyojin,Shingeki no Kyojin | D-Frag! | Sword Art Online Movie: Ordinal Scale | Nisekoi: | Hellsing | SKET Dance | No Game No Life: Zero | Fumetsu no Anata e Season 2 | To LOVE-Ru Darkness 2nd Specials | Tensei shitara Slime Datta Ken 2nd Season Part 2 | Somali to Mori no Kamisama | Sasami-san@Ganbaranai,101
strong_top3_recovery,The held-out liked title was recovered almost immediately.,1747657698,Casual,133,19815,No Game No Life,8.03,1,7,1,4,2,1,1,1,1,9428.1474609375,43.982547760009766,4359.61474609375,0.3774139881134033,0.8170285820960999,0.8556711673736572,0.8357752561569214,0.8357752561569214,19815,No Game No Life,"No Game No Life | Bocchi the Rock! | Yofukashi no Uta | Blood Lad | One Piece: Jango no Dance Carnival | Blade Runner: Black Out 2022 | Ima, Soko ni Iru Boku | InuYasha Movie 1: Toki wo Koeru Omoi | Full Metal Panic? Fumoffu | Ninja Kamui | Captain Tsubasa Season 2: Junior Youth-hen | Tougen Anki",101
