userID,holdout_animeID,train_anime_ids,profile_size,user_level,popularity_rank,latent_svd_rank,hybrid_rank,hybrid_top10_anime_ids,candidate_pool_size,holdout_title,train_titles,hybrid_top10_titles,case_type
0,121,164|199|356|415|419|430|431|459|578|1571|2034|2236|2762|3418,14,Absolute Beginner,1,1,1,121|3588|45|1142|1681|31798|12049|33743|5039|981,101,Fullmetal Alchemist,Mononoke Hime | Sen to Chihiro no Kamikakushi | Fate/stay night | Tonari no Yamada-kun | Samurai Deeper Kyou | Fullmetal Alchemist: The Conqueror of Shamballa | Howl no Ugoku Shiro | One Piece Movie 01,Fullmetal Alchemist | Soul Eater | Rurouni Kenshin: Meiji Kenkaku Romantan | Hachimitsu to Clover II | Brave Story | Kiznaiver | Fairy Tail Movie 1: Houou no Miko | Fuuka | Kurozuka | Ichigo 100% OVA,both_hit
108,35788,1|6|43|121|199|205|268|433|467|468|570|777|779|780|801|849|1292|1363|1364|1365,71,Amateur,1,1,1,35788|32005|44|759|22135|5348|7785|1303|13469|10568,101,Shokugeki no Souma: San no Sara,"Cowboy Bebop | Trigun | Koukaku Kidoutai | Fullmetal Alchemist | Sen to Chihiro no Kamikakushi | Samurai Champloo | Golden Boy | Kumo no Mukou, Yakusoku no Basho",Shokugeki no Souma: San no Sara | Meitantei Conan Movie 20: Junkoku no Nightmare | Rurouni Kenshin: Meiji Kenkaku Romantan - Tsuioku-hen | Tokyo Godfathers | Ping Pong the Animation | Meitantei Conan Magic File 2: Kudou Shinichi Nazo no Kabe to Kuro Lab Jiken | Yojouhan Shinwa Taikei | The Animatrix | Hyouka: Motsubeki Mono wa | Kamisama no Memochou,both_hit
145,14227,6|15|44|45|60|68|71|72|73|97|121|164|198|199|237|245|249|263|264|267,239,Good,1,1,1,14227|2129|329|26243|3958|170|12029|12883|2112|23623,101,Tonari no Kaibutsu-kun,Trigun | Eyeshield 21 | Rurouni Kenshin: Meiji Kenkaku Romantan - Tsuioku-hen | Rurouni Kenshin: Meiji Kenkaku Romantan | Chrno Crusade | Black Cat | Full Metal Panic! | Full Metal Panic? Fumoffu,Tonari no Kaibutsu-kun | True Tears | Planetes | Owari no Seraph | Kannagi | Slam Dunk | Uchuu Senkan Yamato 2199 | Tsuritama | Over Drive | Non Non Biyori Repeat,both_hit
146,6586,22|74|120|122|142|164|199|431|620|687|819|853|1535|1579|1642|1689|1699|1723|2148|2167,161,Good,15,3,3,39587|37347|6586|37972|532|2581|36838|11235|2171|39555,101,Yume-iro Pâtissière,Tennis no Oujisama | Gakuen Alice | Fruits Basket | Full Moon wo Sagashite | Kamikaze Kaitou Jeanne | Mononoke Hime | Sen to Chihiro no Kamikakushi | Howl no Ugoku Shiro,Re:Zero kara Hajimeru Isekai Seikatsu 2nd Season | Dungeon ni Deai wo Motomeru no wa Machigatteiru Darou ka II | Yume-iro Pâtissière | Hoshiai no Sora | Bishoujo Senshi Sailor Moon S | Kidou Senshi Gundam 00 | Gintama. Shirogane no Tamashii-hen | Amagami SS+ Plus | Meitantei Conan Movie 11: Konpeki no Jolly Roger | Baki: Dai Raitaisai-hen,hybrid_win
190,31859,28851|31043|31240|32281|32729,5,Absolute Beginner,1,2,2,185|31859|6114|27787|1118|3652|31405|35860|19647|9063,101,Hai to Gensou no Grimgar,Koe no Katachi | Boku dake ga Inai Machi | Re:Zero kara Hajimeru Isekai Seikatsu | Kimi no Na wa. | Orange,Initial D First Stage | Hai to Gensou no Grimgar | Rainbow: Nisha Rokubou no Shichinin | Nisekoi: | Pokemon Movie 03: Kesshoutou no Teiou Entei | Higurashi no Naku Koro ni Rei | Joker Game | Karakai Jouzu no Takagi-san | Hajime no Ippo: Rising | Toaru Kagaku no Railgun: Entenka no Satsuei Model mo Raku Ja Arimasen wa ne.,both_hit
208,578,431|437|459|460|597|770|1689|2235|5578|7647|9074|10259|10800|12355|12917|14719|16498|16782|18119|18397,58,Amateur,2,1,1,578|5177|228|20457|3588|10681|28755|21563|3230|1888,101,Hotaru no Haka,Howl no Ugoku Shiro | Perfect Blue | One Piece Movie 01 | One Piece Movie 02: Nejimaki-jima no Daibouken | Neko no Ongaeshi | Pale Cocoon | Byousoku 5 Centimeter | Mizu no Kotoba,"Hotaru no Haka | Denpa-teki na Kanojo | Jigoku Shoujo | Inari, Konkon, Koi Iroha. | Soul Eater | Blood-C: The Last Dark | Boruto: Naruto the Movie | Kamigami no Asobi | Druaga no Tou: The Aegis of Uruk | Ichigo Mashimaro OVA",both_hit
231,17895,1|5|33|813|1535|4224|5114|6347|6547|9989|11061|11433|11843|11887|13601|14227|14719|14813|15379|16782,31,Absolute Beginner,3,1,1,17895|268|8841|1818|32485|5300|6408|7627|31147|22097,101,Golden Time,Cowboy Bebop | Cowboy Bebop: Tengoku no Tobira | Kenpuu Denki Berserk | Dragon Ball Z | Death Note | Toradora! | Fullmetal Alchemist: Brotherhood | Baka to Test to Shoukanjuu,"Golden Time | Golden Boy | Kore wa Zombie desu ka? | Claymore | Prison School: Mad Wax | Zoku Natsume Yuujinchou | ""Bungaku Shoujo"" Movie | Mitsudomoe | Concrete Revolutio: Choujin Gensou | Magi: Sinbad no Bouken",both_hit
296,905,19|20|30|31|32|33|43|47|54|120|121|149|205|210|226|245|256|268|317|357,65,Amateur,7,2,2,265|905|2025|147|1257|10491|15437|300|18119|6280,101,Dragon Ball Z Movie 12: Fukkatsu no Fusion!! Gokuu to Vegeta,"Monster | Naruto | Shinseiki Evangelion | Shinseiki Evangelion Movie: Shi to Shinsei | Shinseiki Evangelion Movie: Air/Magokoro wo, Kimi ni | Kenpuu Denki Berserk | Koukaku Kidoutai | Akira","Hajime no Ippo: Mashiba vs. Kimura | Dragon Ball Z Movie 12: Fukkatsu no Fusion!! Gokuu to Vegeta | Darker than Black: Kuro no Keiyakusha | Kimi ga Nozomu Eien | Saint Seiya: Meiou Hades Juuni Kyuu-hen | Higurashi no Naku Koro ni Kira | Kore wa Zombie desu ka? of the Dead: Hai, Minotake ni Attemasu | 3x3 Eyes | Servant x Service | Cat Shit One",both_hit
327,35466,199|269|460|461|479|849|1535|1575|2904|3588|4155|4224|5114|5252|5680|6547|6702|7311|7791|8074,267,Good,6,1,1,35466|34480|38186|17549|38993|1818|14967|894|10030|13659,101,ReLIFE: Kanketsu-hen,Sen to Chihiro no Kamikakushi | Bleach | One Piece Movie 02: Nejimaki-jima no Daibouken | One Piece Movie 03: Chinjuu-jima no Chopper Oukoku | Ueki no Housoku | Suzumiya Haruhi no Yuuutsu | Death Note | Code Geass: Hangyaku no Lelouch,ReLIFE: Kanketsu-hen | Shokugeki no Souma: Ni no Sara OVA | Bokutachi wa Benkyou ga Dekinai | Non Non Biyori | Karakai Jouzu no Takagi-san 2 | Claymore | Boku wa Tomodachi ga Sukunai Next | Dragon Ball Z Movie 01: Ora no Gohan wo Kaese!! | Bakuman. 2nd Season | Ore no Imouto ga Konnani Kawaii Wake ga Nai.,both_hit
331,457,1|5|6|19|33|43|44|45|46|71|72|73|90|91|166|168|205|245|267|329,71,Amateur,1,1,1,457|3089|6634|962|38883|764|11531|320|822|1602,101,Mushishi,Cowboy Bebop | Cowboy Bebop: Tengoku no Tobira | Trigun | Monster | Kenpuu Denki Berserk | Koukaku Kidoutai | Rurouni Kenshin: Meiji Kenkaku Romantan - Tsuioku-hen | Rurouni Kenshin: Meiji Kenkaku Romantan,Mushishi | The Sky Crawlers | Sengoku Basara Ni | Aria the Natural | Haikyuu!! To the Top | Zoids Shinseiki/Zero | Un-Go: Inga-ron | A Kite | Initial D Extra Stage | Soukou no Strain,both_hit
351,9989,6|20|24|57|174|189|190|191|192|205|240|245|268|355|392|466|523|853|1195|1210,155,Good,1,1,1,9989|263|4437|43|7148|37349|14175|29093|37956|22877,101,Ano Hi Mita Hana no Namae wo Bokutachi wa Mada Shiranai.,Trigun | Naruto | School Rumble | Beck | Tenjou Tenge | Love Hina | Love Hina Again | Love Hina Christmas Special: Silent Eve,Ano Hi Mita Hana no Namae wo Bokutachi wa Mada Shiranai. | Hajime no Ippo | Naruto: Shippuuden Movie 2 - Kizuna | Koukaku Kidoutai | Ladies versus Butlers! | Goblin Slayer | Hanasaku Iroha Movie: Home Sweet Home | Grisaia no Meikyuu: Caprice no Mayu 0 | 3D Kanojo: Real Girl 2nd Season | Seireitsukai no Blade Dance,both_hit
352,4901,20|22|24|57|71|72|73|134|183|226|228|263|267|330|357|388|442|558|589|627,84,Amateur,3,1,1,4901|5941|187|7724|28977|5060|779|36565|157|880,101,Black Lagoon: Roberta's Blood Trail,Naruto | Tennis no Oujisama | School Rumble | Beck | Full Metal Panic! | Full Metal Panic? Fumoffu | Full Metal Panic! The Second Raid | Gunslinger Girl,Black Lagoon: Roberta's Blood Trail | Cross Game | Initial D Third Stage | Shiki | Gintama° | Hetalia Axis Powers | Meitantei Conan Movie 01: Tokei Jikake no Matenrou | Major 2nd | Mahou Sensei Negima! | Aa! Megami-sama! Sorezore no Tsubasa,both_hit
368,849,1|24|32|53|66|71|72|73|93|97|120|181|189|199|208|209|226|227|229|237,111,Amateur,1,1,1,849|2251|2787|10793|1142|9465|10080|195|10092|35120,101,Suzumiya Haruhi no Yuuutsu,"Cowboy Bebop | School Rumble | Shinseiki Evangelion Movie: Air/Magokoro wo, Kimi ni | Ai Yori Aoshi | Azumanga Daiou The Animation | Full Metal Panic! | Full Metal Panic? Fumoffu | Full Metal Panic! The Second Raid",Suzumiya Haruhi no Yuuutsu | Baccano! | Shakugan no Shana II (Second) | Guilty Crown | Hachimitsu to Clover II | Break Blade Movie 4: Sanka no Chi | Kami nomi zo Shiru Sekai II | Onegai☆Teacher | Break Blade Movie 6: Doukoku no Toride | Devilman: Crybaby,both_hit
383,101,269|747|3092|3588|4814|4898|8063|8247|9919|9926|9989|10161|11111|11123,14,Absolute Beginner,3,100,100,21563|10418|4080|28825|5835|35222|6864|895|24833|6171,101,Air,Bleach | Haru wo Daiteita | Junjou Romantica | Soul Eater | Junjou Romantica 2 | Kuroshitsuji | Sekaiichi Hatsukoi OVA | Bleach Movie 4: Jigoku-hen,Kamigami no Asobi | Deadman Wonderland: Akai Knife Tsukai | Kyou kara Maou! 3rd Series | Himouto! Umaru-chan | Hanasakeru Seishounen | Gakuen Babysitters | xxxHOLiC Rou | Dragon Ball Z Movie 02: Kono Yo de Ichiban Tsuyoi Yatsu | Ansatsu Kyoushitsu | Saint Seiya: The Lost Canvas - Meiou Shinwa,hybrid_failure_vs_popularity
446,9289,16|20|30|43|59|60|64|65|66|67|72|73|79|101|113|147|165|195|196|199,269,Good,5,1,1,9289|12445|15451|6574|3503|5277|4106|9712|1696|17187,101,Hanasaku Iroha,Hachimitsu to Clover | Naruto | Shinseiki Evangelion | Koukaku Kidoutai | Chobits | Chrno Crusade | Rozen Maiden | Rozen Maiden: Träumend,Hanasaku Iroha | Tasogare Otome x Amnesia | High School DxD New | Hanamaru Youchien | Kanokon | Sekirei: Pure Engagement | Trigun: Badlands Rumble | Maria†Holic Alive | Murder Princess | Koukaku Kidoutai Arise: Ghost in the Shell - Border:1 Ghost Pain,both_hit
451,23273,1535|9041|9919|9989|10213|10620|11617|11757|15451|18247|18897|19815|21881|22663|22877|24439|24703|25157|27631|27787,24,Absolute Beginner,1,1,1,23273|13663|36474|57|32282|31904|21855|1699|33433|1412,101,Shigatsu wa Kimi no Uso,Death Note | IS: Infinite Stratos | Ao no Exorcist | Ano Hi Mita Hana no Namae wo Bokutachi wa Mada Shiranai. | Maji de Watashi ni Koi Shinasai! | Mirai Nikki (TV) | High School DxD | Sword Art Online,Shigatsu wa Kimi no Uso | To LOVE-Ru Darkness | Sword Art Online: Alicization | Beck | Shokugeki no Souma: Ni no Sara | Big Order (TV) | Hanamonogatari | Romeo x Juliet | Shuumatsu no Izetta | Lupin III,both_hit
478,1943,15|22|24|47|59|61|90|120|121|132|135|136|137|138|139|154|160|173|228|232,459,Good,4,98,24,34822|16009|13759|11933|32937|31338|38524|3225|2148|18001,101,Paprika,Eyeshield 21 | Tennis no Oujisama | School Rumble | Akira | Chobits | D.N.Angel | Shin Kidou Senki Gundam Wing | Fruits Basket,Tsuki ga Kirei | Kamisama no Inai Nichiyoubi | Sakura-sou no Pet na Kanojo | Oda Nobuna no Yabou | Kono Subarashii Sekai ni Shukufuku wo! 2 | Hundred | Shingeki no Kyojin Season 3 Part 2 | Minami-ke Okawari | Okane ga Nai | Freezing Vibration,hybrid_failure_vs_popularity
551,877,918|1535|1575|2025|2167|2904|2966|3731|4181|4224|6045|6547|6573|7054|9253|9656|9969|9989|10793|11061,54,Amateur,4,1,1,877|31478|9065|1840|19647|31297|34438|34944|31733|31181,101,Nana,Gintama | Death Note | Code Geass: Hangyaku no Lelouch | Darker than Black: Kuro no Keiyakusha | Clannad | Code Geass: Hangyaku no Lelouch R2 | Ookami to Koushinryou | Itazura na Kiss,"Nana | Bungou Stray Dogs | Hakuouki: Hekketsuroku | Zero no Tsukaima: Futatsuki no Kishi | Hajime no Ippo: Rising | Tokyo Ghoul: ""Pinto"" | Code Geass: Hangyaku no Lelouch I - Koudou | Bungou Stray Dogs: Dead Apple | Bishoujo Senshi Sailor Moon Crystal Season III | Owarimonogatari",both_hit
552,38826,14467|23273|23847|32281|36098|37450|38329|38524|39547|40911,10,Absolute Beginner,5,1,1,38826|17895|30831|37520|6707|5530|35848|37435|23317|6864,101,Tenki no Ko,K | Shigatsu wa Kimi no Uso | Yahari Ore no Seishun Love Comedy wa Machigatteiru. Zoku | Kimi no Na wa. | Kimi no Suizou wo Tabetai | Seishun Buta Yarou wa Bunny Girl Senpai no Yume wo Minai | Seishun Buta Yarou wa Yumemiru Shoujo no Yume wo Minai | Shingeki no Kyojin Season 3 Part 2,Tenki no Ko | Golden Time | Kono Subarashii Sekai ni Shukufuku wo! | Dororo | Kuroshitsuji II | Pandora Hearts | Promare | Carole & Tuesday | Kuroshitsuji: Book of Murder | xxxHOLiC Rou,both_hit
570,523,199|232|371|372|431|572|597|2890|5060,9,Absolute Beginner,1,1,1,523|270|3713|8915|27991|10495|31174|2985|27663|38080,101,Tonari no Totoro,Sen to Chihiro no Kamikakushi | Cardcaptor Sakura | Cardcaptor Sakura Movie 1 | Cardcaptor Sakura Movie 2: Fuuin Sareta Card | Howl no Ugoku Shiro | Kaze no Tani no Nausicaä | Neko no Ongaeshi | Gake no Ue no Ponyo,Tonari no Totoro | Hellsing | Jigoku Shoujo Mitsuganae | Dantalian no Shoka | K: Return of Kings | Yuru Yuri | Osomatsu-san | Majin Tantei Nougami Neuro | Baby Steps 2nd Season | Kono Oto Tomare!,both_hit
595,10080,33|43|80|90|91|93|94|270|356|527|777|889|918|1210|1482|1519|1535|1575|2581|2904,57,Amateur,2,1,1,10080|6336|27|35120|30727|1690|1090|565|37989|21877,101,Kami nomi zo Shiru Sekai II,Kenpuu Denki Berserk | Koukaku Kidoutai | Kidou Senshi Gundam | Shin Kidou Senki Gundam Wing | Shin Kidou Senki Gundam Wing: Endless Waltz | Kidou Senshi Gundam SEED | Kidou Senshi Gundam SEED Destiny | Hellsing,Kami nomi zo Shiru Sekai II | Kidou Senshi Gundam Unicorn | Trinity Blood | Devilman: Crybaby | Saenai Heroine no Sodatekata ♭ | Bokura no | Kidou Senshi Gundam I | Steamboy | Golden Kamuy 2nd Season | High Score Girl,both_hit
596,3782,20|30|31|32|101|185|189|194|225|226|356|357|528|529|609|934|1088|1089|1117|1397,235,Good,3,1,1,3782|199|7647|228|28805|1594|390|3342|443|37799,101,Kara no Kyoukai Movie 2: Satsujin Kousatsu (Zen),"Naruto | Shinseiki Evangelion | Shinseiki Evangelion Movie: Shi to Shinsei | Shinseiki Evangelion Movie: Air/Magokoro wo, Kimi ni | Air | Initial D First Stage | Love Hina | Macross Zero",Kara no Kyoukai Movie 2: Satsujin Kousatsu (Zen) | Sen to Chihiro no Kamikakushi | Arakawa Under the Bridge | Jigoku Shoujo | Bakemono no Ko | Jigoku Shoujo Futakomori | Suzuka | Mnemosyne: Mnemosyne no Musume-tachi | Onegai☆Teacher: Himitsu na Futari | Tokyo Ghoul:re 2nd Season,both_hit
655,33046,20|59|226|232|243|249|269|442|530|532|552|740|936|1074|1117|1119|1239|1313|1604|1686,214,Good,35,11,12,8769|30|12175|35203|22789|34414|14527|12859|5526|30806,101,B-Project: Kodou*Ambitious,Naruto | Chobits | Elfen Lied | Cardcaptor Sakura | Gravitation | InuYasha | Bleach | Naruto Movie 1: Dai Katsugeki!! Yuki Hime Ninpouchou Dattebayo!,Ore no Imouto ga Konnani Kawaii Wake ga Nai | Shinseiki Evangelion | Koi to Senkyo to Chocolate | Isekai wa Smartphone to Tomo ni. | Barakamon | Nanbaka 2 | Medaka Box Abnormal | One Piece Film: Z | Pokemon: Pikachu no Natsuyasumi | Schwarzesmarken,both_miss
673,6547,1|30|102|150|158|169|170|174|199|227|241|268|440|481|487|777|853|857|889|1292,173,Good,1,1,1,6547|14967|31646|16782|37141|16762|8129|34902|39463|1686,101,Angel Beats!,Cowboy Bebop | Shinseiki Evangelion | Aishiteruze Baby★★ | Blood+ | Maria-sama ga Miteru | Shingetsutan Tsukihime | Slam Dunk | Tenjou Tenge,Angel Beats! | Boku wa Tomodachi ga Sukunai Next | 3-gatsu no Lion | Kotonoha no Niwa | Hataraku Saibou | Mirai Nikki: Redial | Kuragehime | Tsurezure Children | Gleipnir | Bleach Movie 1: Memories of Nobody,both_hit
774,899,27|59|63|79|119|147|174|248|448|591|886|889|896|897|898|900|902|905|906|981,333,Good,22,6,6,13535|27775|26243|11757|16762|899|18497|777|6594|16051,101,Dragon Ball Z Movie 06: Gekitotsu!! 100-oku Power no Senshi-tachi,Trinity Blood | Chobits | DearS | Shuffle! | Final Approach | Kimi ga Nozomu Eien | Tenjou Tenge | Ichigo 100%,Binbougami ga! | Plastic Memories | Owari no Seraph | Sword Art Online | Mirai Nikki: Redial | Dragon Ball Z Movie 06: Gekitotsu!! 100-oku Power no Senshi-tachi | Yozakura Quartet: Hana no Uta | Hellsing Ultimate | Katanagatari | Ro-Kyu-Bu! SS,hybrid_win
821,18679,30|31|32|578|1292|2001|2759|3784|3785|5081|5680|7748|9756|9989|10384|10495|11597|12403|14719|14741,67,Amateur,3,1,1,18679|28851|227|32949|35557|22789|2593|4898|34822|2890,101,Kill la Kill,"Shinseiki Evangelion | Shinseiki Evangelion Movie: Shi to Shinsei | Shinseiki Evangelion Movie: Air/Magokoro wo, Kimi ni | Hotaru no Haka | Afro Samurai | Tengen Toppa Gurren Lagann | Evangelion Movie 1: Jo | Evangelion Movie 2: Ha",Kill la Kill | Koe no Katachi | FLCL | Kuzu no Honkai | Houseki no Kuni | Barakamon | Kara no Kyoukai Movie 1: Fukan Fuukei | Kuroshitsuji | Tsuki ga Kirei | Gake no Ue no Ponyo,both_hit
826,6880,20|199|431|1535|1559|1575|1818|2167|2236|2472|2904|3457|4181|4752|6505|7054|7674|8074|9919,19,Absolute Beginner,1,2,2,14289|6880|9513|2581|57|35247|6512|32729|12293|8407,101,Deadman Wonderland,Naruto | Sen to Chihiro no Kamikakushi | Howl no Ugoku Shiro | Death Note | Shijou Saikyou no Deshi Kenichi | Code Geass: Hangyaku no Lelouch | Claymore | Clannad,Suki tte Ii na yo. | Deadman Wonderland | Beelzebub | Kidou Senshi Gundam 00 | Beck | Owarimonogatari 2nd Season | Nyan Koi! | Orange | Campione! Matsurowanu Kamigami to Kamigoroshi no Maou | Sora no Otoshimono Forte,both_hit
829,1689,19|339|440|512|849|1029|5941|9253|9289|10800|12189|12477|14397|15051|15227|16782|19111|23273|25835|30015,26,Absolute Beginner,1,2,2,33206|1689|25013|33095|28891|8525|21405|24037|22507|20457,101,Byousoku 5 Centimeter,Monster | Serial Experiments Lain | Shoujo Kakumei Utena | Majo no Takkyuubin | Suzumiya Haruhi no Yuuutsu | Omoide Poroporo | Cross Game | Steins;Gate,"Kobayashi-san Chi no Maid Dragon | Byousoku 5 Centimeter | Akatsuki no Yona | Shouwa Genroku Rakugo Shinjuu: Sukeroku Futatabi-hen | Haikyuu!! Second Season | Kami nomi zo Shiru Sekai | Bokura wa Minna Kawai-sou | Selector Spread WIXOSS | Initial D Final Stage | Inari, Konkon, Koi Iroha.",both_hit
835,199,19|57|226|270|326|431|877|1210|1535|1562|1985|2238|7711|20507|30503|32281,16,Absolute Beginner,1,1,1,199|19815|530|1686|28025|35790|1117|35994|208|30902,101,Sen to Chihiro no Kamikakushi,Monster | Beck | Elfen Lied | Hellsing | Petshop of Horrors | Howl no Ugoku Shiro | Nana | NHK ni Youkoso!,Sen to Chihiro no Kamikakushi | No Game No Life | Bishoujo Senshi Sailor Moon | Bleach Movie 1: Memories of Nobody | Tsukimonogatari | Tate no Yuusha no Nariagari | Pokemon Movie 02: Maboroshi no Pokemon Lugia Bakutan | Satsuriku no Tenshi | R.O.D: Read or Die | Yuru Yuri Nachuyachumi!+,both_hit
863,9989,1535|5081|6547|11757|11843|13759|14741|15809|16498|18897|19815|22147|22199|22319|22535|23273|25777|27899|28121|28171,60,Amateur,1,1,1,9989|38414|19369|33161|34382|36904|306|20847|134|2246,101,Ano Hi Mita Hana no Namae wo Bokutachi wa Mada Shiranai.,Death Note | Bakemonogatari | Angel Beats! | Sword Art Online | Danshi Koukousei no Nichijou | Sakura-sou no Pet na Kanojo | Chuunibyou demo Koi ga Shitai! | Hataraku Maou-sama!,Ano Hi Mita Hana no Namae wo Bokutachi wa Mada Shiranai. | Re:Zero kara Hajimeru Isekai Seikatsu - Hyouketsu no Kizuna | Outbreak Company | Yahari Ore no Seishun Love Comedy wa Machigatteiru. Zoku OVA | Citrus | Aggressive Retsuko (ONA) | Abenobashi Mahou☆Shoutengai | Seitokai Yakuindomo* | Gunslinger Girl | Mononoke,both_hit
941,7590,15|61|71|72|73|133|195|249|443|670|853|857|940|1543|1546|1569|1570|1575|1579|1588,91,Amateur,21,2,2,2034|7590|2026|190|25157|30709|10588|801|263|64,101,Mayoi Neko Overrun!,Eyeshield 21 | D.N.Angel | Full Metal Panic! | Full Metal Panic? Fumoffu | Full Metal Panic! The Second Raid | Green Green | Onegai☆Teacher | InuYasha,Lovely★Complex | Mayoi Neko Overrun! | Hayate no Gotoku! | Love Hina Again | Trinity Seven | Kamisama Hajimemashita: Kako-hen | Persona 4 the Animation | Koukaku Kidoutai: Stand Alone Complex 2nd GIG | Hajime no Ippo | Rozen Maiden,hybrid_win
964,40591,227|339|416|853|5081|17265|19815|20899|28121|30831|31964|32182|32615|32867|33206|33486|35222|35968|36456|37055,35,Absolute Beginner,2,1,1,40591|6547|9926|40571|20541|20973|1462|32887|8426|6201,101,Kaguya-sama wa Kokurasetai? Tensai-tachi no Renai Zunousen,FLCL | Serial Experiments Lain | Kurenai no Buta | Ouran Koukou Host Club | Bakemonogatari | Log Horizon | No Game No Life | JoJo no Kimyou na Bouken Part 3: Stardust Crusaders,Kaguya-sama wa Kokurasetai? Tensai-tachi no Renai Zunousen | Angel Beats! | Sekaiichi Hatsukoi | Majo no Tabitabi | Mikakunin de Shinkoukei | Sekai Seifuku: Bouryaku no Zvezda | Memories | Dungeon ni Deai wo Motomeru no wa Machigatteiru Darou ka Gaiden: Sword Oratoria | Hourou Musuko | Princess Lover!,both_hit
972,431,199|205|226|249|269|853|1562|1575|2025|2354|2355|2356|2418|2904|3092|3457|3470|3702|4224|5114,51,Amateur,2,3,3,16498|22199|431|14967|4654|11739|23269|6444|9515|10271,101,Howl no Ugoku Shiro,Sen to Chihiro no Kamikakushi | Samurai Champloo | Elfen Lied | InuYasha | Bleach | Ouran Koukou Host Club | Yamato Nadeshiko Shichihenge♥ | Code Geass: Hangyaku no Lelouch,Shingeki no Kyojin | Akame ga Kill! | Howl no Ugoku Shiro | Boku wa Tomodachi ga Sukunai Next | Toaru Majutsu no Index | Kimi to Boku. 2 | Hello!! Kiniro Mosaic | Tegamibachi | Highschool of the Dead: Drifters of the Dead | Gyakkyou Burai Kaiji: Hakairoku-hen,both_hit
1002,28851,19|30|32|57|199|227|329|431|437|528|759|849|874|934|1210|1889|2001|2251|3002|4181,110,Amateur,1,1,1,28851|38000|1|5365|21185|72|29095|16009|33506|5112,101,Koe no Katachi,"Monster | Shinseiki Evangelion | Shinseiki Evangelion Movie: Air/Magokoro wo, Kimi ni | Beck | Sen to Chihiro no Kamikakushi | FLCL | Planetes | Howl no Ugoku Shiro",Koe no Katachi | Kimetsu no Yaiba | Cowboy Bebop | Tsumiki no Ie | Baby Steps | Full Metal Panic? Fumoffu | Grisaia no Rakuen | Kamisama no Inai Nichiyoubi | Ao no Exorcist: Kyoto Fujouou-hen | Akikan!,both_hit
1056,513,164|199|387|853|1029|1210|1530|1535|2236|3588|4081|4181|5081|6746|9253|9756|11577|12189|13125|13601,32,Absolute Beginner,2,1,1,513|5530|11737|97|18497|31149|6702|1731|318|8460,101,Tenkuu no Shiro Laputa,Mononoke Hime | Sen to Chihiro no Kamikakushi | Haibane Renmei | Ouran Koukou Host Club | Omoide Poroporo | NHK ni Youkoso! | Kanon (2006) | Death Note,Tenkuu no Shiro Laputa | Pandora Hearts | Ao no Exorcist Movie | Last Exile | Yozakura Quartet: Hana no Uta | Persona 3 the Movie 4: Winter of Rebirth | Fairy Tail | Tales of Symphonia The Animation: Sylvarant-hen | Hand Maid May | Mirai Nikki,both_hit
1070,585,6|19|20|30|32|33|45|121|150|164|199|223|226|232|249|269|416|431|512|513,145,Amateur,2,1,1,585|41353|264|28725|10721|1023|165|962|35843|20509,101,Mimi wo Sumaseba,"Trigun | Monster | Naruto | Shinseiki Evangelion | Shinseiki Evangelion Movie: Air/Magokoro wo, Kimi ni | Kenpuu Denki Berserk | Rurouni Kenshin: Meiji Kenkaku Romantan | Fullmetal Alchemist",Mimi wo Sumaseba | The God of High School | Hajime no Ippo: Champion Road | Kokoro ga Sakebitagatterunda. | Mawaru Penguindrum | Wolf's Rain OVA | RahXephon | Aria the Natural | Gintama. Porori-hen | Fate/kaleid liner Prisma☆Illya 2wei!,both_hit
1090,7054,59|199|226|523|853|1222|2034|2236|3731|4224|6045|8460|10408|12445|14227|14289|14741|16866|20673|21603,21,Absolute Beginner,2,1,1,7054|1689|21327|4280|33489|395|35843|3713|20449|38659,101,Kaichou wa Maid-sama!,Chobits | Sen to Chihiro no Kamikakushi | Elfen Lied | Tonari no Totoro | Ouran Koukou Host Club | Bokura ga Ita | Lovely★Complex | Toki wo Kakeru Shoujo,"Kaichou wa Maid-sama! | Byousoku 5 Centimeter | Isshuukan Friends. | Kara no Kyoukai Movie 4: Garan no Dou | Little Witch Academia (TV) | Gantz 2nd Stage | Gintama. Porori-hen | Jigoku Shoujo Mitsuganae | Watashi ga Motenai no wa Dou Kangaetemo Omaera ga Warui!: Motenaishi, Nazomeite Miru | Shinchou Yuusha: Kono Yuusha ga Ore Tueee Kuse ni Shinchou Sugiru",both_hit
1102,4722,43|71|72|73|120|121|145|164|199|226|355|431|853|1222|1535|1575|1689|1698|2025|2034,45,Absolute Beginner,2,1,1,4722|4789|325|27|31953|12729|4896|5204|11977|1241,101,Skip Beat!,Koukaku Kidoutai | Full Metal Panic! | Full Metal Panic? Fumoffu | Full Metal Panic! The Second Raid | Fruits Basket | Fullmetal Alchemist | Kareshi Kanojo no Jijou | Mononoke Hime,Skip Beat! | ef: A Tale of Melodies. | Peach Girl | Trinity Blood | New Game! | High School DxD OVA | Umineko no Naku Koro ni | Kara no Kyoukai Movie 6: Boukyaku Rokuon | Mahou Shoujo Madoka★Magica Movie 1: Hajimari no Monogatari | Kidou Senshi Gundam SEED Destiny Final Plus: Erabareta Mirai,both_hit
1107,1470,6|15|16|20|24|30|33|49|50|51|53|59|62|63|64|71|72|73|79|80,335,Good,23,20,19,2795|3653|6098|584|194|3613|807|306|3549|7367,101,City Hunter,Trigun | Eyeshield 21 | Hachimitsu to Clover | Naruto | School Rumble | Shinseiki Evangelion | Kenpuu Denki Berserk | Aa! Megami-sama!,Dragonaut: The Resonance | Kurogane no Linebarrels | Sora no Manimani | Noein: Mou Hitori no Kimi e | Macross Zero | Toshokan Sensou | Tsubasa Chronicle: Torikago no Kuni no Himegimi | Abenobashi Mahou☆Shoutengai | Allison to Lillia | Naruto: The Cross Roads,both_miss
1112,173,101|321|365|527|550|552|1050,7,Absolute Beginner,34,19,17,450|60|15037|32935|357|2403|30911|895|9736|6336,101,Tactics,Air | Najica Dengeki Sakusen | Fake | Pokemon | Yu☆Gi☆Oh! | Digimon Adventure | Bobobo-bo Bo-bobo,InuYasha Movie 2: Kagami no Naka no Mugenjou | Chrno Crusade | Corpse Party: Tortured Souls - Bougyakusareta Tamashii no Jukyou | Haikyuu!! Karasuno Koukou vs. Shiratorizawa Gakuen Koukou | Bokusatsu Tenshi Dokuro-chan | Kodomo no Jikan (TV) | Tales of Zestiria the Cross | Dragon Ball Z Movie 02: Kono Yo de Ichiban Tsuyoi Yatsu | Astarotte no Omocha! | Kidou Senshi Gundam Unicorn,both_miss
1152,11319,1|5|30|849|1195|1535|1575|1686|1840|2167|2593|2904|3712|3782|3783|3784|4181|4224|4280|4282,53,Amateur,3,1,1,11319|813|34626|36038|21877|969|30415|38936|23777|15605,101,Zero no Tsukaima F,Cowboy Bebop | Cowboy Bebop: Tengoku no Tobira | Shinseiki Evangelion | Suzumiya Haruhi no Yuuutsu | Zero no Tsukaima | Death Note | Code Geass: Hangyaku no Lelouch | Bleach Movie 1: Memories of Nobody,Zero no Tsukaima F | Dragon Ball Z | Kono Subarashii Sekai ni Shukufuku wo! 2: Kono Subarashii Geijutsu ni Shukufuku wo! | Net-juu no Susume | High Score Girl | Tsubasa Chronicle 2nd Season | High☆Speed! Movie: Free! Starting Days | Lord El-Melloi II-sei no Jikenbo: Rail Zeppelin Grace Note - Hakamori to Neko to Majutsushi | Shingeki no Kyojin Movie 2: Jiyuu no Tsubasa | Brothers Conflict,both_hit
1187,10379,1|16|19|30|32|43|47|73|98|101|121|145|164|199|205|227|329|339|387|416,231,Good,2,1,1,10379|5690|34451|949|16524|34541|38816|31931|35756|2321,101,Natsume Yuujinchou San,"Cowboy Bebop | Hachimitsu to Clover | Monster | Shinseiki Evangelion | Shinseiki Evangelion Movie: Air/Magokoro wo, Kimi ni | Koukaku Kidoutai | Akira | Full Metal Panic! The Second Raid",Natsume Yuujinchou San | Nodame Cantabile Finale | Kekkai Sensen & Beyond | Top wo Nerae! Gunbuster | Suisei no Gargantia | Mary to Majo no Hana | Hello World | Full Metal Panic! Invisible Victory | Comic Girls | Giant Robo the Animation: Chikyuu ga Seishi Suru Hi,both_hit
1199,606,1|5|6|7|24|27|30|32|33|43|44|45|46|47|54|56|57|60|64|65,230,Good,38,10,16,1943|5039|667|30015|23283|19193|37141|1688|992|2744,101,Kazemakase Tsukikage Ran,"Cowboy Bebop | Cowboy Bebop: Tengoku no Tobira | Trigun | Witch Hunter Robin | School Rumble | Trinity Blood | Shinseiki Evangelion | Shinseiki Evangelion Movie: Air/Magokoro wo, Kimi ni",Paprika | Kurozuka | Kashimashi: Girl Meets Girl | ReLIFE | Zankyou no Terror | Koukaku Kidoutai Arise: Ghost in the Shell - Border:3 Ghost Tears | Hataraku Saibou | Nanatsu-iro★Drops | Dual! Parallel Lun-Lun Monogatari | Potemayo,both_miss
1273,512,1|5|6|30|32|47|81|90|96|121|164|199|205|268|323|416|464|486|513|523,83,Amateur,1,1,1,512|35838|3712|974|11633|6377|18245|1852|9617|8740,101,Majo no Takkyuubin,"Cowboy Bebop | Cowboy Bebop: Tengoku no Tobira | Trigun | Shinseiki Evangelion | Shinseiki Evangelion Movie: Air/Magokoro wo, Kimi ni | Akira | Kidou Senshi Gundam: Dai 08 MS Shoutai | Shin Kidou Senki Gundam Wing",Majo no Takkyuubin | Shoujo Shuumatsu Ryokou | Zero no Tsukaima: Princesses no Rondo | Dead Leaves | Blood Lad | Zan Sayonara Zetsubou Sensei | White Album 2 | Hidamari Sketch | K-On! Movie | One Piece Film: Strong World Episode 0,both_hit
1275,523,934|1575|2904|3588|4898|5081|5114|5680|6547|6707|6880|7791|9756|9919|9989|10408|10620|10711|10719|10793,122,Amateur,1,22,12,22265|11577|19489|21105|19369|37497|9041|263|37799|36317,101,Tonari no Totoro,Higurashi no Naku Koro ni | Code Geass: Hangyaku no Lelouch | Code Geass: Hangyaku no Lelouch R2 | Soul Eater | Kuroshitsuji | Bakemonogatari | Fullmetal Alchemist: Brotherhood | K-On!,Free! Eternal Summer | Steins;Gate Movie: Fuka Ryouiki no Déjà vu | Little Witch Academia: Mahoujikake no Parade | Love Stage!! | Outbreak Company | Irozuku Sekai no Ashita kara | IS: Infinite Stratos | Hajime no Ippo | Tokyo Ghoul:re 2nd Season | Gaikotsu Shotenin Honda-san,hybrid_failure_vs_popularity
1293,33286,43|164|185|186|199|205|226|355|416|431|437|467|468|513|523|572|578|579|597|790,92,Amateur,20,10,10,3342|16894|6594|37442|33091|8074|33337|8277|5277|33286,101,Strike the Blood II,Koukaku Kidoutai | Mononoke Hime | Initial D First Stage | Initial D Second Stage | Sen to Chihiro no Kamikakushi | Samurai Champloo | Elfen Lied | Shakugan no Shana,Mnemosyne: Mnemosyne no Musume-tachi | Kuroko no Basket 2nd Season | Katanagatari | Psycho-Pass: Sinners of the System Case.3 - Onshuu no Kanata ni＿＿ | Planetarian: Chiisana Hoshi no Yume | Highschool of the Dead | ACCA: 13-ku Kansatsu-ka | Hyakka Ryouran: Samurai Girls | Sekirei: Pure Engagement | Strike the Blood II,hybrid_win
1359,4898,58|199|227|437|777|1889|1943|2001|2890|3503|3588|4063|5277|7724|8074|8425|9367|9989|10719|11617,30,Absolute Beginner,4,13,10,14813|2993|877|4565|15227|5680|120|1956|5112|4898,101,Kuroshitsuji,Blue Gender | Sen to Chihiro no Kamikakushi | FLCL | Perfect Blue | Hellsing Ultimate | Higurashi no Naku Koro ni Kai | Paprika | Tengen Toppa Gurren Lagann,Yahari Ore no Seishun Love Comedy wa Machigatteiru. | Rosario to Vampire | Nana | Tengen Toppa Gurren Lagann Movie 2: Lagann-hen | Kono Sekai no Katasumi ni | K-On! | Fruits Basket | Ikkitousen: Dragon Destiny | Akikan! | Kuroshitsuji,both_hit
1377,11577,164|199|431|437|523|1210|1535|1689|3326|3783|4181|4280|4282|5081|6547|7785|9253|9756|10087|10165,40,Absolute Beginner,3,1,1,11577|11111|2418|136|2476|30458|37171|33095|27655|37982,101,Steins;Gate Movie: Fuka Ryouiki no Déjà vu,Mononoke Hime | Sen to Chihiro no Kamikakushi | Howl no Ugoku Shiro | Perfect Blue | Tonari no Totoro | NHK ni Youkoso! | Death Note | Byousoku 5 Centimeter,"Steins;Gate Movie: Fuka Ryouiki no Déjà vu | Another | Stranger: Mukou Hadan | Hunter x Hunter | School Days | Tokyo Ghoul: ""Jack"" | Asobi Asobase | Shouwa Genroku Rakugo Shinjuu: Sukeroku Futatabi-hen | Aldnoah.Zero Part 2 | Domestic na Kanojo",both_hit
1403,2986,20|144|164|199|431|512|513|523|572|585|597|1140|1430|1530|1735|2167|2236|2890|2923|2926,51,Amateur,13,16,13,1829|8142|3470|16|8476|23283|153|627|12445|33354,101,Bamboo Blade,Naruto | Kanon | Mononoke Hime | Sen to Chihiro no Kamikakushi | Howl no Ugoku Shiro | Majo no Takkyuubin | Tenkuu no Shiro Laputa | Tonari no Totoro,Ged Senki | Colorful (Movie) | Special A | Hachimitsu to Clover | Otome Youkai Zakuro | Zankyou no Terror | Juuni Kokuki | Major S1 | Tasogare Otome x Amnesia | Cardcaptor Sakura: Clear Card-hen,both_miss
1433,9919,6|79|121|226|430|857|861|1195|1210|1691|1840|2025|2759|2889|2993|3342|3588|3712|3974|4063,98,Amateur,2,1,1,9919|4752|16918|21085|13331|2904|40716|460|1829|6171,101,Ao no Exorcist,Trigun | Shuffle! | Fullmetal Alchemist | Elfen Lied | Fullmetal Alchemist: The Conqueror of Shamballa | Air Gear | xxxHOLiC | Zero no Tsukaima,Ao no Exorcist | Vampire Knight Guilty | Gin no Saji | Witch Craft Works | Jormungand: Perfect Order | Code Geass: Hangyaku no Lelouch R2 | Kakushigoto | One Piece Movie 02: Nejimaki-jima no Daibouken | Ged Senki | Saint Seiya: The Lost Canvas - Meiou Shinwa,both_hit
1479,33433,20|121|853|936|1535|1575|1735|2890|2904|4437|5114|5337|6547|6702|6746|7334|7472|7711|9135|9919,105,Amateur,22,9,9,25781|34542|846|13601|15583|79|11285|37379|33433|4081,101,Shuumatsu no Izetta,Naruto | Fullmetal Alchemist | Ouran Koukou Host Club | Naruto Movie 2: Dai Gekitotsu! Maboroshi no Chiteiiseki Dattebayo! | Death Note | Code Geass: Hangyaku no Lelouch | Naruto: Shippuuden | Gake no Ue no Ponyo,Shingeki no Kyojin: Kuinaki Sentaku | Inuyashiki | School Rumble Ni Gakki | Psycho-Pass | Date A Live | Shuffle! | Black★Rock Shooter (TV) | Chihayafuru 3 | Shuumatsu no Izetta | Natsume Yuujinchou,hybrid_win
1490,269,20|226|245|356|384|395|1735|5958|7858|8407|15451|18679|21405|22297|22319|24703|27899|28171|28701|30015,23,Absolute Beginner,4,1,1,269|32949|240|18|37171|777|23289|25835|38993|30385,101,Bleach,Naruto | Elfen Lied | Great Teacher Onizuka | Fate/stay night | Gantz | Gantz 2nd Stage | Naruto: Shippuuden | Sora no Otoshimono,Bleach | Kuzu no Honkai | Genshiken | Initial D Fourth Stage | Asobi Asobase | Hellsing Ultimate | Gekkan Shoujo Nozaki-kun | Shirobako | Karakai Jouzu no Takagi-san 2 | Valkyrie Drive: Mermaid,both_hit
1491,8937,6|16|22|28|30|60|64|68|71|76|98|164|232|251|317|485|512|523|552|590,159,Good,8,3,3,30503|10165|8937|17265|20785|12531|10800|11241|31764|13161,101,Toaru Majutsu no Index II,Trigun | Hachimitsu to Clover | Tennis no Oujisama | Yakitate!! Japan | Shinseiki Evangelion | Chrno Crusade | Rozen Maiden | Black Cat,Noragami Aragoto | Nichijou | Toaru Majutsu no Index II | Log Horizon | Mahouka Koukou no Rettousei | Sakamichi no Apollon | Chihayafuru | Brave 10 | Nejimaki Seirei Senki: Tenkyou no Alderamin | Hagure Yuusha no Aesthetica,both_hit
1533,15117,1535|8525|9675|10080|10805|14713|16706|18661|20507|20767|25681,11,Absolute Beginner,10,1,1,15117|5958|14967|28025|23277|15039|450|7222|24655|539,101,Kami nomi zo Shiru Sekai: Tenri-hen,Death Note | Kami nomi zo Shiru Sekai | Kami nomi zo Shiru Sekai: Flag 0 | Kami nomi zo Shiru Sekai II | Kami nomi zo Shiru Sekai: 4-nin to Idol | Kamisama Hajimemashita | Kami nomi zo Shiru Sekai: Megami-hen | Kamisama Hajimemashita OVA,Kami nomi zo Shiru Sekai: Tenri-hen | Sora no Otoshimono | Boku wa Tomodachi ga Sukunai Next | Tsukimonogatari | Saenai Heroine no Sodatekata | Ano Hi Mita Hana no Namae wo Bokutachi wa Mada Shiranai. Movie | InuYasha Movie 2: Kagami no Naka no Mugenjou | Macross F Movie 2: Sayonara no Tsubasa | Date A Live Movie: Mayuri Judgment | Tenchi Muyou! Ryououki,both_hit
1537,31240,1|20|45|47|121|170|199|223|245|392|431|437|512|527|578|813|877|1254|1535|1575,68,Amateur,1,1,1,31240|2251|37430|3002|416|895|38790|3702|287|9936,101,Re:Zero kara Hajimeru Isekai Seikatsu,Cowboy Bebop | Naruto | Rurouni Kenshin: Meiji Kenkaku Romantan | Akira | Fullmetal Alchemist | Slam Dunk | Sen to Chihiro no Kamikakushi | Dragon Ball,Re:Zero kara Hajimeru Isekai Seikatsu | Baccano! | Tensei shitara Slime Datta Ken | Gyakkyou Burai Kaiji: Ultimate Survivor | Kurenai no Buta | Dragon Ball Z Movie 02: Kono Yo de Ichiban Tsuyoi Yatsu | Itai no wa Iya nanode Bougyoryoku ni Kyokufuri Shitai to Omoimasu. | Detroit Metal City | Grappler Baki (TV) | Maken-Ki!,both_hit
1546,3358,1|6|52|57|59|64|65|66|114|135|145|160|205|223|229|237|240|245|253|254,87,Amateur,13,5,5,759|208|28999|8407|3358|25|33352|14575|8915|1571,101,Kure-nai,Cowboy Bebop | Trigun | Kidou Tenshi Angelic Layer | Beck | Chobits | Rozen Maiden | Rozen Maiden: Träumend | Azumanga Daiou The Animation,Tokyo Godfathers | R.O.D: Read or Die | Charlotte | Sora no Otoshimono Forte | Kure-nai | Sunabouzu | Violet Evergarden | Minami-ke Omatase | Dantalian no Shoka | Ghost Hunt,hybrid_win
1564,28223,29|709|849|1210|1535|1575|2001|3455|5114|5781|6347|6746|6880|7311|7647|7711|8142|9253|9989|10162,116,Amateur,1,1,1,28223|30484|28677|31765|17895|10790|1943|38145|28735|28755,101,Death Parade,Zipang | Mujin Wakusei Survive | Suzumiya Haruhi no Yuuutsu | NHK ni Youkoso! | Death Note | Code Geass: Hangyaku no Lelouch | Tengen Toppa Gurren Lagann | To LOVE-Ru,"Death Parade | Steins;Gate 0 | Yamada-kun to 7-nin no Majo | Sword Art Online Movie: Ordinal Scale | Golden Time | Kore wa Zombie desu ka? of the Dead | Paprika | Doukyonin wa Hiza, Tokidoki, Atama no Ue. | Shouwa Genroku Rakugo Shinjuu | Boruto: Naruto the Movie",both_hit
1570,957,5|16|20|22|27|45|60|67|68|121|129|130|131|132|136|145|149|150|153|160,307,Good,14,1,1,957|405|389|586|134|10624|2490|8917|28625|24405,101,Saiunkoku Monogatari,Cowboy Bebop: Tengoku no Tobira | Hachimitsu to Clover | Naruto | Tennis no Oujisama | Trinity Blood | Rurouni Kenshin: Meiji Kenkaku Romantan | Chrno Crusade | Basilisk: Kouga Ninpou Chou,Saiunkoku Monogatari | Blood: The Last Vampire | Karas | Ayakashi: Japanese Classic Horror | Gunslinger Girl | Mardock Scramble: The Second Combustion | One Piece: Mezase! Kaizoku Yakyuu Ou | Mouretsu Pirates | Shisha no Teikoku | World Trigger,hybrid_win
1603,1604,24|74|121|327|587|853|1744|1838|2034|2923|2993|3298|3470|5262|6746|7054|8795,17,Absolute Beginner,2,2,2,120|1604|20847|2476|3652|20541|12549|35203|35848|10396,101,Katekyou Hitman Reborn!,School Rumble | Gakuen Alice | Fullmetal Alchemist | Puchi Pri*Yucie | Hanbun no Tsuki ga Noboru Sora | Ouran Koukou Host Club | Wagamama☆Fairy Mirumo de Pon! | Mitsu x Mitsu Drops,"Fruits Basket | Katekyou Hitman Reborn! | Seitokai Yakuindomo* | School Days | Higurashi no Naku Koro ni Rei | Mikakunin de Shinkoukei | Dakara Boku wa, H ga Dekinai. | Isekai wa Smartphone to Tomo ni. | Promare | Ben-To",both_hit
1608,5530,1195|1840|2034|2923|3712|6045|6609|9656|16417,9,Absolute Beginner,5,2,2,5680|5530|4814|1689|32542|20541|14349|4896|10721|1029,101,Pandora Hearts,Zero no Tsukaima | Zero no Tsukaima: Futatsuki no Kishi | Lovely★Complex | Shugo Chara! | Zero no Tsukaima: Princesses no Rondo | Kimi ni Todoke | Pucca (TV) | Kimi ni Todoke 2nd Season,K-On! | Pandora Hearts | Junjou Romantica 2 | Byousoku 5 Centimeter | Sakamoto desu ga? | Mikakunin de Shinkoukei | Little Witch Academia | Umineko no Naku Koro ni | Mawaru Penguindrum | Omoide Poroporo,both_hit
1638,35860,20|24|79|846|4224|5958|7817|8525|8630|8769|8841|10080|10110|10213|10397|10719|11013|11179|11433|11617,66,Amateur,9,2,2,10793|35860|14131|11977|18753|2476|186|5258|30296|28221,101,Karakai Jouzu no Takagi-san,Naruto | School Rumble | Shuffle! | School Rumble Ni Gakki | Toradora! | Sora no Otoshimono | B-gata H-kei | Kami nomi zo Shiru Sekai,Guilty Crown | Karakai Jouzu no Takagi-san | Girls & Panzer | Mahou Shoujo Madoka★Magica Movie 1: Hajimari no Monogatari | Yahari Ore no Seishun Love Comedy wa Machigatteiru. OVA | School Days | Initial D Second Stage | Hajime no Ippo: New Challenger | Rakudai Kishi no Cavalry | Etotama,both_hit
1641,34514,1|20|121|223|225|227|232|237|249|250|288|467|481|482|512|527|528|552|617|618,135,Amateur,23,3,3,10163|1254|34514|19365|132|949|3701|6877|35848|18397,101,Pokemon Generations,Cowboy Bebop | Naruto | Fullmetal Alchemist | Dragon Ball | Dragon Ball GT | FLCL | Cardcaptor Sakura | Koukyoushihen Eureka Seven,C: The Money of Soul and Possibility Control | Saint Seiya | Pokemon Generations | Samurai Flamenco | GetBackers | Top wo Nerae! Gunbuster | Kaiba | Pokemon: Bokutachi Pichu Brothers - Party wa Oosawagi! no Maki | Promare | Shingeki no Kyojin OVA,hybrid_win
1679,37989,18|57|120|164|185|186|187|199|270|345|431|452|459|481|512|523|528|585|822|853,101,Amateur,12,12,11,527|849|934|6178|40776|25013|23273|31757|5030|15699,101,Golden Kamuy 2nd Season,Initial D Fourth Stage | Beck | Fruits Basket | Mononoke Hime | Initial D First Stage | Initial D Second Stage | Initial D Third Stage | Sen to Chihiro no Kamikakushi,Pokemon | Suzumiya Haruhi no Yuuutsu | Higurashi no Naku Koro ni | Pokemon Movie 12: Arceus Choukoku no Jikuu e | Haikyuu!! To the Top Part 2 | Akatsuki no Yona | Shigatsu wa Kimi no Uso | Kizumonogatari II: Nekketsu-hen | Maria†Holic | Haiyore! Nyaruko-san W,both_miss
1687,21881,199|226|4224|5680|7791|8769|9181|9617|10020|10620|11617|11757|13659|15451|19815|25157|28851|28979|30831|31240,44,Absolute Beginner,2,1,1,21881|9989|34933|7858|8937|28677|38408|20509|37435|1313,101,Sword Art Online II,Sen to Chihiro no Kamikakushi | Elfen Lied | Toradora! | K-On! | K-On!! | Ore no Imouto ga Konnani Kawaii Wake ga Nai | Motto To LOVE-Ru | K-On! Movie,Sword Art Online II | Ano Hi Mita Hana no Namae wo Bokutachi wa Mada Shiranai. | Kakegurui | Sora no Otoshimono: Project Pink | Toaru Majutsu no Index II | Yamada-kun to 7-nin no Majo | Boku no Hero Academia 4th Season | Fate/kaleid liner Prisma☆Illya 2wei! | Carole & Tuesday | Digimon Adventure 02,both_hit
1710,21939,19|150|164|223|269|355|356|442|457|572|777|790|1535|1735|1818|1827|2001|2025|2144|2236,228,Good,3,2,2,20|21939|17247|38555|239|8129|31952|22777|34934|33263,101,Mushishi Zoku Shou,Monster | Blood+ | Mononoke Hime | Dragon Ball | Bleach | Shakugan no Shana | Fate/stay night | Naruto Movie 1: Dai Katsugeki!! Yuki Hime Ninpouchou Dattebayo!,Naruto | Mushishi Zoku Shou | Machine-Doll wa Kizutsukanai | Otome Game no Hametsu Flag shika Nai Akuyaku Reijou ni Tensei shiteshimatta... | Gankutsuou | Kuragehime | Kono Bijutsu-bu ni wa Mondai ga Aru! | Dragon Ball Kai (2014) | Koi to Uso | Kubikiri Cycle: Aoiro Savant to Zaregotozukai,both_hit
1746,39792,30|32|164|199|523|572|777|949|2001|4565|5114|5681|6675|10165|12355|14719|18679|20899|22319|23755,62,Amateur,11,2,2,11843|39792|2418|36475|2104|1482|32995|30778|34096|10049,101,Eizouken ni wa Te wo Dasu na!,"Shinseiki Evangelion | Shinseiki Evangelion Movie: Air/Magokoro wo, Kimi ni | Mononoke Hime | Sen to Chihiro no Kamikakushi | Tonari no Totoro | Kaze no Tani no Nausicaä | Hellsing Ultimate | Top wo Nerae! Gunbuster",Danshi Koukousei no Nichijou | Eizouken ni wa Te wo Dasu na! | Stranger: Mukou Hadan | Sword Art Online Alternative: Gun Gale Online | Seto no Hanayome | D.Gray-man | Yuri!!! on Ice | Fairy Tail Movie 2: Dragon Cry | Gintama. | Nurarihyon no Mago: Sennen Makyou,hybrid_win
1747,853,33|44|66|67|71|72|73|79|93|94|121|134|150|168|174|189|191|192|205|226,253,Good,3,6,5,6211|169|19815|4999|853|12431|18465|48|9587|8634,101,Ouran Koukou Host Club,Kenpuu Denki Berserk | Rurouni Kenshin: Meiji Kenkaku Romantan - Tsuioku-hen | Azumanga Daiou The Animation | Basilisk: Kouga Ninpou Chou | Full Metal Panic! | Full Metal Panic? Fumoffu | Full Metal Panic! The Second Raid | Shuffle!,Tokyo Magnitude 8.0 | Shingetsutan Tsukihime | No Game No Life | Asu no Yoichi! | Ouran Koukou Host Club | Uchuu Kyoudai | Genshiken Nidaime | .hack//Sign | Oniichan no Koto nanka Zenzen Suki ja Nai n da kara ne!! | Koisuru Boukun,both_hit
1753,1565,1|199|431|512|523|527|528|1535|2890|6547|7711|16498|16592|22199|25013|28999|30276|31043,18,Absolute Beginner,15,1,1,1565|996|5300|32983|28619|36904|10218|1525|23587|136,101,Pokemon Diamond & Pearl,Cowboy Bebop | Sen to Chihiro no Kamikakushi | Howl no Ugoku Shiro | Majo no Takkyuubin | Tonari no Totoro | Pokemon | Pokemon Movie 01: Mewtwo no Gyakushuu | Death Note,Pokemon Diamond & Pearl | Bishoujo Senshi Sailor Moon: Sailor Stars | Zoku Natsume Yuujinchou | Natsume Yuujinchou Go | Ranpo Kitan: Game of Laplace | Aggressive Retsuko (ONA) | Berserk: Ougon Jidai-hen I - Haou no Tamago | Pokemon Crystal: Raikou Ikazuchi no Densetsu | The iDOLM@STER Cinderella Girls | Hunter x Hunter,hybrid_win
1764,35120,1|19|30|32|205|1535|1575|2001|2904|3002|7465|9253|9756|10588|12115|12477|13391|14407|15039|17074,47,Absolute Beginner,2,1,1,35120|10357|24629|14175|38555|39195|13629|14283|10884|5947,101,Devilman: Crybaby,"Cowboy Bebop | Monster | Shinseiki Evangelion | Shinseiki Evangelion Movie: Air/Magokoro wo, Kimi ni | Samurai Champloo | Death Note | Code Geass: Hangyaku no Lelouch | Tengen Toppa Gurren Lagann",Devilman: Crybaby | Jinrui wa Suitai Shimashita | Koufuku Graffiti | Hanasaku Iroha Movie: Home Sweet Home | Otome Game no Hametsu Flag shika Nai Akuyaku Reijou ni Tensei shiteshimatta... | Beastars | Furiko | Vividred Operation | Saki Achiga-hen: Episode of Side-A | Tengen Toppa Gurren Lagann Movie Zenyasai: Viral no Amai Yume,both_hit
1775,57,30|32|121|164|199|202|205|227|269|431|437|512|513|522|572|578|597|759|1004|1030,142,Amateur,6,4,3,20|34561|57|18849|31704|18229|35860|40010|13585|31374,101,Beck,"Shinseiki Evangelion | Shinseiki Evangelion Movie: Air/Magokoro wo, Kimi ni | Fullmetal Alchemist | Mononoke Hime | Sen to Chihiro no Kamikakushi | Wolf's Rain | Samurai Champloo | FLCL",Naruto | Re:Creators | Beck | Natsume Yuujinchou: Nyanko-sensei to Hajimete no Otsukai | One Punch Man: Road to Hero | Gatchaman Crowds | Karakai Jouzu no Takagi-san | Ishuzoku Reviewers | Natsuyuki Rendezvous | Shingeki! Kyojin Chuugakkou,both_hit
1806,6007,1|5|6|19|27|33|44|45|61|67|71|132|136|138|139|168|174|195|202|205,214,Good,5,1,1,6007|24277|1254|38329|36038|903|4918|21603|6205|22663,101,Ookami to Koushinryou II: Ookami to Kohakuiro no Yuuutsu,Cowboy Bebop | Cowboy Bebop: Tengoku no Tobira | Trigun | Monster | Trinity Blood | Kenpuu Denki Berserk | Rurouni Kenshin: Meiji Kenkaku Romantan - Tsuioku-hen | Rurouni Kenshin: Meiji Kenkaku Romantan,Ookami to Koushinryou II: Ookami to Kohakuiro no Yuuutsu | Yowamushi Pedal: Grande Road | Saint Seiya | Seishun Buta Yarou wa Yumemiru Shoujo no Yume wo Minai | Net-juu no Susume | Dragon Ball Z Movie 10: Kiken na Futari! Super Senshi wa Nemurenai | xxxHOLiC Shunmuki | Mekakucity Actors | Kämpfer | Seiken Tsukai no World Break,both_hit
1862,35376,30|226|355|1195|1535|1575|1840|1887|2476|2759|2904|3712|3784|3785|4181|5081|5680|6547|7311|8525,97,Amateur,18,7,8,7791|32867|13601|30279|31952|227|10588|35376|30123|73,101,Himouto! Umaru-chan R,Shinseiki Evangelion | Elfen Lied | Shakugan no Shana | Zero no Tsukaima | Death Note | Code Geass: Hangyaku no Lelouch | Zero no Tsukaima: Futatsuki no Kishi | Lucky☆Star,K-On!! | Bungou Stray Dogs 2nd Season | Psycho-Pass | Yuru Yuri San☆Hai! | Kono Bijutsu-bu ni wa Mondai ga Aru! | FLCL | Persona 4 the Animation | Himouto! Umaru-chan R | Akagami no Shirayuki-hime | Full Metal Panic! The Second Raid,hybrid_win
1881,523,24|74|120|199|355|431|552|846|849|853|1535|1562|1575|1579|2025|2236|2787|3470|3731|4224,26,Absolute Beginner,1,1,1,523|6347|1222|969|721|857|10110|5341|15197|850,101,Tonari no Totoro,School Rumble | Gakuen Alice | Fruits Basket | Sen to Chihiro no Kamikakushi | Shakugan no Shana | Howl no Ugoku Shiro | Digimon Adventure | School Rumble Ni Gakki,Tonari no Totoro | Baka to Test to Shoukanjuu | Bokura ga Ita | Tsubasa Chronicle 2nd Season | Princess Tutu | Air Gear | Mayo Chiki! | Ookami to Koushinryou II | Code Geass: Boukoku no Akito 2 - Hikisakareshi Yokuryuu | Gakuen Heaven,both_hit
1895,35760,20|30|32|47|121|199|226|268|269|355|356|442|513|523|849|918|936|1482|1535|1575,323,Good,1,3,3,23277|34280|35760|43|35180|19369|16894|6007|237|38297,101,Shingeki no Kyojin Season 3,"Naruto | Shinseiki Evangelion | Shinseiki Evangelion Movie: Air/Magokoro wo, Kimi ni | Akira | Fullmetal Alchemist | Sen to Chihiro no Kamikakushi | Elfen Lied | Golden Boy","Saenai Heroine no Sodatekata | Gamers! | Shingeki no Kyojin Season 3 | Koukaku Kidoutai | 3-gatsu no Lion 2nd Season | Outbreak Company | Kuroko no Basket 2nd Season | Ookami to Koushinryou II: Ookami to Kohakuiro no Yuuutsu | Koukyoushihen Eureka Seven | Maou-sama, Retry!",both_hit
1900,3455,20|57|63|125|136|185|189|190|199|223|240|269|355|412|469|508|519|670|813|846,274,Good,4,1,1,3455|8424|28025|6594|17505|21437|25015|443|120|31223,101,To LOVE-Ru,Naruto | Beck | DearS | Futakoi | Hunter x Hunter | Initial D First Stage | Love Hina | Love Hina Again,To LOVE-Ru | MM! | Tsukimonogatari | Katanagatari | Mushibugyou | Buddy Complex | Kyoukai no Kanata Movie 1: I'll Be Here - Kako-hen | Onegai☆Teacher: Himitsu na Futari | Fruits Basket | Phantasy Star Online 2 The Animation,both_hit
1919,1535,120|356|877|1840|2404|3457|4224|4722|4752|6702|7054|9919|10087|11703|11757|13601|16498|18507|19815|20507,38,Absolute Beginner,1,12,11,43|957|28907|918|31798|4999|41168|196|6922|14131,101,Death Note,Fruits Basket | Fate/stay night | Nana | Zero no Tsukaima: Futatsuki no Kishi | Zombie-Loan | Vampire Knight | Toradora! | Skip Beat!,"Koukaku Kidoutai | Saiunkoku Monogatari | Gate: Jieitai Kanochi nite, Kaku Tatakaeri | Gintama | Kiznaiver | Asu no Yoichi! | Nakitai Watashi wa Neko wo Kaburu | Onegai☆Twins | Fate/stay night Movie: Unlimited Blade Works | Girls & Panzer",hybrid_failure_vs_popularity
1921,3470,15|20|22|28|68|120|121|122|135|251|476|853|1562|1604|1691|4722|4898|5300|6707|7054,24,Absolute Beginner,7,1,1,3470|6746|3655|936|15315|2002|28297|532|267|5940,101,Special A,Eyeshield 21 | Naruto | Tennis no Oujisama | Yakitate!! Japan | Black Cat | Fruits Basket | Fullmetal Alchemist | Full Moon wo Sagashite,Special A | Durarara!! | Nabari no Ou | Naruto Movie 2: Dai Gekitotsu! Maboroshi no Chiteiiseki Dattebayo! | Mondaiji-tachi ga Isekai kara Kuru Sou desu yo? | Heroic Age | Ore Monogatari!! | Bishoujo Senshi Sailor Moon S | Gungrave | Seiken no Blacksmith,both_hit
1938,1604,20|72|263|269|665|666|918|934|1359|1689|1698|1735|2167|2904|3588|3603|4224|4477|4596|5040,225,Good,2,2,2,34612|1604|32900|7647|34984|28387|32215|1|147|6211,101,Katekyou Hitman Reborn!,Naruto | Full Metal Panic? Fumoffu | Hajime no Ippo | Bleach | JoJo no Kimyou na Bouken: Adventure | JoJo no Kimyou na Bouken | Gintama | Higurashi no Naku Koro ni,Saiki Kusuo no Ψ-nan 2 | Katekyou Hitman Reborn! | Mahouka Koukou no Rettousei Movie: Hoshi wo Yobu Shoujo | Arakawa Under the Bridge | Koi wa Ameagari no You ni | Joukamachi no Dandelion | High School DxD BorN: Yomigaeranai Fushichou | Cowboy Bebop | Kimi ga Nozomu Eien | Tokyo Magnitude 8.0,both_hit
1941,19369,44|45|46|199|226|232|356|371|372|401|853|1691|4224|5081|7054|7411|7769|8074|8424|8769,296,Good,7,2,2,41226|19369|29785|33352|8675|30127|32182|15039|150|18119,101,Outbreak Company,Rurouni Kenshin: Meiji Kenkaku Romantan - Tsuioku-hen | Rurouni Kenshin: Meiji Kenkaku Romantan | Rurouni Kenshin: Meiji Kenkaku Romantan - Ishinshishi e no Chinkonka | Sen to Chihiro no Kamikakushi | Elfen Lied | Cardcaptor Sakura | Fate/stay night | Cardcaptor Sakura Movie 1,Uzaki-chan wa Asobitai! | Outbreak Company | Jitsu wa Watashi wa | Violet Evergarden | Seitokai Yakuindomo | Danchigai | Mob Psycho 100 | Ano Hi Mita Hana no Namae wo Bokutachi wa Mada Shiranai. Movie | Blood+ | Servant x Service,both_hit
1948,20583,20|1535|10620|10711|14713|14719|22319|23755|28891|31964|32935|38000,12,Absolute Beginner,1,1,1,20583|23283|24|29786|12413|15583|21405|1222|18229|10490,101,Haikyuu!!,Naruto | Death Note | Mirai Nikki (TV) | Plastic Neesan | Kamisama Hajimemashita | JoJo no Kimyou na Bouken (TV) | Tokyo Ghoul | Nanatsu no Taizai,Haikyuu!! | Zankyou no Terror | School Rumble | Shimoneta to Iu Gainen ga Sonzai Shinai Taikutsu na Sekai | Jormungand | Date A Live | Bokura wa Minna Kawai-sou | Bokura ga Ita | Gatchaman Crowds | Blood-C,both_hit
1952,20507,15|20|121|147|195|226|245|269|356|813|1195|1535|2167|2476|2924|2993|4214|4224|5114|6114,74,Amateur,1,1,1,20507|19775|2251|22777|19769|6811|143|31859|31737|16417,101,Noragami,Eyeshield 21 | Naruto | Fullmetal Alchemist | Kimi ga Nozomu Eien | Onegai☆Teacher | Elfen Lied | Great Teacher Onizuka | Bleach,Noragami | Sidonia no Kishi | Baccano! | Dragon Ball Kai (2014) | Mahou Sensou | InuYasha: Kanketsu-hen | Kannazuki no Miko | Hai to Gensou no Grimgar | Gakusen Toshi Asterisk 2nd Season | Tamako Market,both_hit
1960,20785,199|853|7054|11013|11757|15061|15315|17249|18277|21511|21881|21995|22199|22819|24151|24833|25241|25397|28851|30123,33,Absolute Beginner,3,1,1,20785|37779|1735|39597|30383|22961|32603|27727|11701|19193,101,Mahouka Koukou no Rettousei,Sen to Chihiro no Kamikakushi | Ouran Koukou Host Club | Kaichou wa Maid-sama! | Inu x Boku SS | Sword Art Online | Aikatsu! | Mondaiji-tachi ga Isekai kara Kuru Sou desu yo? | Pretty Rhythm: Rainbow Live,Mahouka Koukou no Rettousei | Yakusoku no Neverland | Naruto: Shippuuden | Sword Art Online: Alicization - War of Underworld | Classroom☆Crisis | Date A Live II: Kurumi Star Festival | Okusama ga Seitokaichou!+! | Binan Koukou Chikyuu Bouei-bu Love! | Another: The Other - Inga | Koukaku Kidoutai Arise: Ghost in the Shell - Border:3 Ghost Tears,both_hit
1975,1482,121|269|861|877|1604|1887|2923|3588|5114|5177|5262|5680|6045|6702|7054|7082|7647|7791|8557|9074,31,Absolute Beginner,1,1,1,1482|25879|1222|23321|6637|34134|14175|9441|34096|33743,101,D.Gray-man,Fullmetal Alchemist | Bleach | xxxHOLiC | Nana | Katekyou Hitman Reborn! | Lucky☆Star | Shugo Chara! | Soul Eater,D.Gray-man | Working!!! | Bokura ga Ita | Log Horizon 2nd Season | Higashi no Eden Movie II: Paradise Lost | One Punch Man 2nd Season | Hanasaku Iroha Movie: Home Sweet Home | Yume-iro Pâtissière SP Professional | Gintama. | Fuuka,both_hit
2015,22729,20|30|223|226|245|269|457|889|1210|5081|6033|6045|6547|6746|9253|9379|9919|9989|10087|10191,68,Amateur,1,1,1,22729|10521|20541|28805|15699|10321|898|534|10213|36028,101,Aldnoah.Zero,Naruto | Shinseiki Evangelion | Dragon Ball | Elfen Lied | Great Teacher Onizuka | Bleach | Mushishi | Black Lagoon,Aldnoah.Zero | Working'!! | Mikakunin de Shinkoukei | Bakemono no Ko | Haiyore! Nyaruko-san W | Uta no☆Prince-sama♪ Maji Love 1000% | Dragon Ball Z Movie 05: Tobikkiri no Saikyou tai Saikyou | Slayers | Maji de Watashi ni Koi Shinasai! | Golden Kamuy,both_hit
2021,37349,1|15|20|30|33|47|67|93|97|101|121|136|153|156|164|177|205|223|237|263,264,Good,1,1,1,37349|36563|10049|57|35972|21329|5525|12029|820|33421,101,Goblin Slayer,Cowboy Bebop | Eyeshield 21 | Naruto | Shinseiki Evangelion | Kenpuu Denki Berserk | Akira | Basilisk: Kouga Ninpou Chou | Kidou Senshi Gundam SEED,Goblin Slayer | Megalo Box | Nurarihyon no Mago: Sennen Makyou | Beck | Fairy Tail: Final Series | Mushishi: Hihamukage | 07-Ghost | Uchuu Senkan Yamato 2199 | Ginga Eiyuu Densetsu | Yi Ren Zhi Xia,both_hit
2024,13659,20|121|226|355|849|934|1530|1689|1889|2167|2787|3652|3712|4181|4224|5680|6325|6773|7059|8246,42,Absolute Beginner,4,1,1,13659|6922|37510|14397|523|12531|1004|31404|12695|25159,101,Ore no Imouto ga Konnani Kawaii Wake ga Nai.,Naruto | Fullmetal Alchemist | Elfen Lied | Shakugan no Shana | Suzumiya Haruhi no Yuuutsu | Higurashi no Naku Koro ni | Kanon (2006) | Byousoku 5 Centimeter,Ore no Imouto ga Konnani Kawaii Wake ga Nai. | Fate/stay night Movie: Unlimited Blade Works | Mob Psycho 100 II | Chihayafuru 2 | Tonari no Totoro | Sakamichi no Apollon | Kanojo to Kanojo no Neko | Netoge no Yome wa Onnanoko ja Nai to Omotta? | Tight-rope | Inou-Battle wa Nichijou-kei no Naka de,both_hit
2064,28223,437|1690|2236|8142|20583|28851|28891|30346|32935|33255|34612|35120|36098|36649|38003|39533|39792|40542|40776,19,Absolute Beginner,2,1,1,28223|32648|14353|33071|1575|35838|20785|10209|33475|10389,101,Death Parade,Perfect Blue | Bokura no | Toki wo Kakeru Shoujo | Colorful (Movie) | Haikyuu!! | Koe no Katachi | Haikyuu!! Second Season | Doukyuusei,Death Parade | Handa-kun | Death Billiards | Bungou Stray Dogs: Hitori Ayumu | Code Geass: Hangyaku no Lelouch | Shoujo Shuumatsu Ryokou | Mahouka Koukou no Rettousei | Kore wa Zombie desu ka? OVA | Busou Shoujo Machiavellianism | Momo e no Tegami,both_hit
2089,1535,20|355|853|1482|3230|3457,6,Absolute Beginner,1,1,1,1535|3655|2924|142|1532|22273|22865|35860|10110|6594,101,Death Note,Naruto | Shakugan no Shana | Ouran Koukou Host Club | D.Gray-man | Druaga no Tou: The Aegis of Uruk | Vampire Knight,Death Note | Nabari no Ou | ef: A Tale of Memories. | Kamikaze Kaitou Jeanne | Suki na Mono wa Suki Dakara Shou ga Nai!! | Selector Infected WIXOSS | Rokujouma no Shinryakusha!? | Karakai Jouzu no Takagi-san | Mayo Chiki! | Katanagatari,both_hit
2094,452,6|91|96|150|249|270|449|450|451|764|777|1686,12,Absolute Beginner,13,1,1,452|50|34055|15039|2969|190|551|521|20543|2787,101,InuYasha Movie 1: Toki wo Koeru Omoi,Trigun | Shin Kidou Senki Gundam Wing: Endless Waltz | Kidou Butouden G Gundam | Blood+ | InuYasha | Hellsing | InuYasha Movie 4: Guren no Houraijima | InuYasha Movie 2: Kagami no Naka no Mugenjou,InuYasha Movie 1: Toki wo Koeru Omoi | Aa! Megami-sama! (TV) | Berserk 2nd Season | Ano Hi Mita Hana no Namae wo Bokutachi wa Mada Shiranai. Movie | Appleseed Saga Ex Machina | Love Hina Again | Grappler Baki: Saidai Tournament-hen | Mermaid Melody Pichi Pichi Pitch | Bayonetta: Bloody Fate | Shakugan no Shana II (Second),hybrid_win
2095,4192,24|30|31|32|43|64|65|71|72|73|121|164|169|189|226|227|237|356|390|430,248,Good,9,2,2,9289|4192|14527|20507|24031|10800|9760|1606|32093|18661,101,Hayate no Gotoku!!,"School Rumble | Shinseiki Evangelion | Shinseiki Evangelion Movie: Shi to Shinsei | Shinseiki Evangelion Movie: Air/Magokoro wo, Kimi ni | Koukaku Kidoutai | Rozen Maiden | Rozen Maiden: Träumend | Full Metal Panic!",Hanasaku Iroha | Hayate no Gotoku!! | Medaka Box Abnormal | Noragami | Denki-gai no Honya-san | Chihayafuru | Hoshi wo Ou Kodomo | Kekkaishi | Tanaka-kun wa Itsumo Kedaruge | Kamisama Hajimemashita OVA,both_hit
2119,20057,30|50|59|71|73|96|120|154|164|169|195|199|237|270|284|304|323|358|431|443,64,Amateur,11,7,6,240|6324|8129|4726|886|20057|4015|974|1017|19221,101,Space☆Dandy,Shinseiki Evangelion | Aa! Megami-sama! (TV) | Chobits | Full Metal Panic! | Full Metal Panic! The Second Raid | Kidou Butouden G Gundam | Fruits Basket | Shaman King,"Genshiken | Omamori Himari | Kuragehime | Druaga no Tou: The Sword of Uruk | Amaenaide yo!! Katsu!! | Space☆Dandy | School Rumble San Gakki | Dead Leaves | Majutsushi Orphen | Ore no Nounai Sentakushi ga, Gakuen Love Comedy wo Zenryoku de Jama Shiteiru",hybrid_win
2190,9926,1575|2001|2167|2904|3092|4181|4814|4898|6500|6707|9919|10073|11013|11111|11123|11757|21995|22101|22145|23273,21,Absolute Beginner,12,1,1,9926|23317|7791|3210|4789|578|19|37799|6747|2890,101,Sekaiichi Hatsukoi,Code Geass: Hangyaku no Lelouch | Tengen Toppa Gurren Lagann | Clannad | Code Geass: Hangyaku no Lelouch R2 | Junjou Romantica | Clannad: After Story | Junjou Romantica 2 | Kuroshitsuji,Sekaiichi Hatsukoi | Kuroshitsuji: Book of Murder | K-On!! | Ikoku Irokoi Romantan | ef: A Tale of Melodies. | Hotaru no Haka | Monster | Tokyo Ghoul:re 2nd Season | Dance in the Vampire Bund | Gake no Ue no Ponyo,hybrid_win
2244,23847,30|32|205|813|918|1210|1535|1575|1689|2236|2251|2904|4181|4224|5114|6045|6547|7054|9253|9656,120,Amateur,2,1,1,23847|5081|25835|32902|30347|10213|1120|1543|106|14765,101,Yahari Ore no Seishun Love Comedy wa Machigatteiru. Zoku,"Shinseiki Evangelion | Shinseiki Evangelion Movie: Air/Magokoro wo, Kimi ni | Samurai Champloo | Dragon Ball Z | Gintama | NHK ni Youkoso! | Death Note | Code Geass: Hangyaku no Lelouch",Yahari Ore no Seishun Love Comedy wa Machigatteiru. Zoku | Bakemonogatari | Shirobako | Mahoutsukai no Yome: Hoshi Matsu Hito | Nanatsu no Taizai OVA | Maji de Watashi ni Koi Shinasai! | Pokemon Movie 05: Mizu no Miyako no Mamorigami Latias to Latios | Yoake Mae yori Ruriiro na: Crescent Love | Hana yori Dango | Ixion Saga DT,both_hit
2291,19489,1|5|6|32|121|164|199|431|512|513|597|849|1210|1535|1575|2167|2236|2623|2890|2904,134,Amateur,6,2,2,40839|19489|37347|31297|23277|857|37515|10092|34984|565,101,Little Witch Academia: Mahoujikake no Parade,"Cowboy Bebop | Cowboy Bebop: Tengoku no Tobira | Trigun | Shinseiki Evangelion Movie: Air/Magokoro wo, Kimi ni | Fullmetal Alchemist | Mononoke Hime | Sen to Chihiro no Kamikakushi | Howl no Ugoku Shiro","Kanojo, Okarishimasu | Little Witch Academia: Mahoujikake no Parade | Dungeon ni Deai wo Motomeru no wa Machigatteiru Darou ka II | Tokyo Ghoul: ""Pinto"" | Saenai Heroine no Sodatekata | Air Gear | Made in Abyss Movie 2: Hourou Suru Tasogare | Break Blade Movie 6: Doukoku no Toride | Koi wa Ameagari no You ni | Steamboy",both_hit
2305,32995,164|199|263|5114|9989|11061|16498|20583|22135|22729|23273|28851|28891|30015|30276|31741|31964|32281|33486|35466,32,Absolute Beginner,6,1,1,32995|10800|31704|6033|25835|36511|21085|10213|28701|18851,101,Yuri!!! on Ice,Mononoke Hime | Sen to Chihiro no Kamikakushi | Hajime no Ippo | Fullmetal Alchemist: Brotherhood | Ano Hi Mita Hana no Namae wo Bokutachi wa Mada Shiranai. | Hunter x Hunter (2011) | Shingeki no Kyojin | Haikyuu!!,Yuri!!! on Ice | Chihayafuru | One Punch Man: Road to Hero | Dragon Ball Kai | Shirobako | Tokyo Ghoul:re | Witch Craft Works | Maji de Watashi ni Koi Shinasai! | Fate/stay night: Unlimited Blade Works 2nd Season | Fate/kaleid liner Prisma☆Illya: Undoukai de Dance!,both_hit
2321,2817,6|19|20|28|43|68|74|121|170|177|288|356|437|552|813|918|928|1535|1575|1668,101,Amateur,46,21,28,877|30711|20847|185|36480|5667|523|62|209|394,101,Cinderella Monogatari,Trigun | Monster | Naruto | Yakitate!! Japan | Koukaku Kidoutai | Black Cat | Gakuen Alice | Fullmetal Alchemist,Nana | Code Geass: Boukoku no Akito 5 - Itoshiki Mono-tachi e | Seitokai Yakuindomo* | Initial D First Stage | Drifters (OVA) | To LOVE-Ru OVA | Tonari no Totoro | D.C.: Da Capo | R.O.D: The TV | Ai Yori Aoshi: Enishi,both_miss
2326,7054,45|431|813|860|1604|2001|5114|14227|15809|21743|23755|28223,12,Absolute Beginner,1,1,1,7054|35120|4280|10119|1722|35608|883|2490|1117|792,101,Kaichou wa Maid-sama!,Rurouni Kenshin: Meiji Kenkaku Romantan | Howl no Ugoku Shiro | Dragon Ball Z | Makai Senki Disgaea | Katekyou Hitman Reborn! | Tengen Toppa Gurren Lagann | Fullmetal Alchemist: Brotherhood | Tonari no Kaibutsu-kun,Kaichou wa Maid-sama! | Devilman: Crybaby | Kara no Kyoukai Movie 4: Garan no Dou | Seitokai Yakuindomo OVA | Nagasarete Airantou | Chuunibyou demo Koi ga Shitai! Movie: Take On Me | Yuu☆Yuu☆Hakusho: Meikai Shitou-hen - Honoo no Kizuna | One Piece: Mezase! Kaizoku Yakyuu Ou | Pokemon Movie 02: Maboroshi no Pokemon Lugia Bakutan | Ranma ½: Kessen Tougenkyou! Hanayome wo Torimodose!,both_hit
2342,27833,66|121|149|164|199|202|228|243|430|431|853|934|1023|1535|1594|3092|3210|3588|3713|4224,146,Amateur,6,1,1,27833|18671|3091|35076|5118|11917|1579|31953|21473|2167,101,Durarara!!x2 Ketsu,Azumanga Daiou The Animation | Fullmetal Alchemist | Loveless | Mononoke Hime | Sen to Chihiro no Kamikakushi | Wolf's Rain | Jigoku Shoujo | Gravitation,Durarara!!x2 Ketsu | Chuunibyou demo Koi ga Shitai! Ren | xxxHOLiC◆Kei | Juuni Taisen | Suzumiya Haruhi-chan no Yuuutsu | Major: World Series | Kiniro no Corda: Primo Passo | New Game! | Persona 3 the Movie 2: Midsummer Knight's Dream | Clannad,both_hit
2371,28979,1|6|19|22|53|72|164|189|199|205|223|245|249|250|268|355|356|390|392|528,177,Good,11,7,6,22535|4155|31339|1254|10719|28979|30300|6377|40839|35507,101,To LOVE-Ru Darkness 2nd,Cowboy Bebop | Trigun | Monster | Tennis no Oujisama | Ai Yori Aoshi | Full Metal Panic? Fumoffu | Mononoke Hime | Love Hina,"Kiseijuu: Sei no Kakuritsu | One Piece Film: Strong World | Drifters | Saint Seiya | Boku wa Tomodachi ga Sukunai | To LOVE-Ru Darkness 2nd | High School DxD New: Oppai, Tsutsumimasu! | Zan Sayonara Zetsubou Sensei | Kanojo, Okarishimasu | Youkoso Jitsuryoku Shijou Shugi no Kyoushitsu e",hybrid_win
2472,9253,154|199|205|245|2904|6746|9989|10620|11757|11771|14741|16498|16894|17265|20583|22199|23289|23755|26243|28121,26,Absolute Beginner,1,1,1,9253|31637|27833|552|38671|25157|21327|34497|94|8557,101,Steins;Gate,Shaman King | Sen to Chihiro no Kamikakushi | Samurai Champloo | Great Teacher Onizuka | Code Geass: Hangyaku no Lelouch R2 | Durarara!! | Ano Hi Mita Hana no Namae wo Bokutachi wa Mada Shiranai. | Mirai Nikki (TV),"Steins;Gate | Gate: Jieitai Kanochi nite, Kaku Tatakaeri Part 2 | Durarara!!x2 Ketsu | Digimon Adventure | Enen no Shouboutai | Trinity Seven | Isshuukan Friends. | Death March kara Hajimaru Isekai Kyousoukyoku | Kidou Senshi Gundam SEED Destiny | Shinryaku! Ika Musume",both_hit
2487,437,12355|25777|30831|31374|35120|35760|36106|38524|39195,9,Absolute Beginner,3,2,2,40591|437|528|486|9989|481|15197|34712|329|13469,101,Perfect Blue,Ookami Kodomo no Ame to Yuki | Shingeki no Kyojin Season 2 | Kono Subarashii Sekai ni Shukufuku wo! | Shingeki! Kyojin Chuugakkou | Devilman: Crybaby | Shingeki no Kyojin Season 3 | Shingeki no Kyojin: Lost Girls | Shingeki no Kyojin Season 3 Part 2,Kaguya-sama wa Kokurasetai? Tensai-tachi no Renai Zunousen | Perfect Blue | Pokemon Movie 01: Mewtwo no Gyakushuu | Kino no Tabi: The Beautiful World | Ano Hi Mita Hana no Namae wo Bokutachi wa Mada Shiranai. | Yu☆Gi☆Oh! Duel Monsters | Code Geass: Boukoku no Akito 2 - Hikisakareshi Yokuryuu | Kujira no Kora wa Sajou ni Utau | Planetes | Hyouka: Motsubeki Mono wa,both_hit
2524,34103,4898|7054|12189|15051|16498|16512|20507|22189|23277|24133|24833|24997|28387|28819|30895|31442,16,Absolute Beginner,8,4,4,33255|32093|16049|34103|15225|34658|3226|986|8277|45,101,Danganronpa 3: The End of Kibougamine Gakuen - Kibou-hen,"Kuroshitsuji | Kaichou wa Maid-sama! | Hyouka | Love Live! School Idol Project | Shingeki no Kyojin | Devil Survivor 2 The Animation | Noragami | Futsuu no Joshikousei ga ""Locodol"" Yattemita.",Saiki Kusuo no Ψ-nan | Tanaka-kun wa Itsumo Kedaruge | Toaru Kagaku no Railgun S | Danganronpa 3: The End of Kibougamine Gakuen - Kibou-hen | Hentai Ouji to Warawanai Neko. | Nekopara OVA | Major S4 | Dragon Ball Z Special 1: Tatta Hitori no Saishuu Kessen | Hyakka Ryouran: Samurai Girls | Rurouni Kenshin: Meiji Kenkaku Romantan,both_hit
2531,37430,20|44|61|93|120|121|122|123|136|137|138|139|164|199|223|226|249|269|270|430,174,Good,3,3,3,25537|6|37430|33161|32668|18689|587|427|20903|8740,101,Tensei shitara Slime Datta Ken,Naruto | Rurouni Kenshin: Meiji Kenkaku Romantan - Tsuioku-hen | D.N.Angel | Kidou Senshi Gundam SEED | Fruits Basket | Fullmetal Alchemist | Full Moon wo Sagashite | Fushigi Yuugi,Fate/stay night Movie: Heaven's Feel - I. Presage Flower | Trigun | Tensei shitara Slime Datta Ken | Yahari Ore no Seishun Love Comedy wa Machigatteiru. Zoku OVA | Noblesse: Awakening | Diamond no Ace | Hanbun no Tsuki ga Noboru Sora | Kaleido Star | Harmonie | One Piece Film: Strong World Episode 0,both_hit
2555,14741,50|61|121|226|880|889|1519|1559|2167|4181|4224|4901|5040|6547|6702|6746|11111|12189|15809|16498,20,Absolute Beginner,2,1,1,14741|13759|79|356|21405|14131|779|713|10161|3229,101,Chuunibyou demo Koi ga Shitai!,Aa! Megami-sama! (TV) | D.N.Angel | Fullmetal Alchemist | Elfen Lied | Aa! Megami-sama! Sorezore no Tsubasa | Black Lagoon | Black Lagoon: The Second Barrage | Shijou Saikyou no Deshi Kenichi,Chuunibyou demo Koi ga Shitai! | Sakura-sou no Pet na Kanojo | Shuffle! | Fate/stay night | Bokura wa Minna Kawai-sou | Girls & Panzer | Meitantei Conan Movie 01: Tokei Jikake no Matenrou | Air Movie | No.6 | Kimi ga Aruji de Shitsuji ga Ore de,both_hit
2576,3002,33|136|137|138|139|153|267|268|379|441|486|543|578|617|1530|1575|2158|2904|3702|10271,20,Absolute Beginner,2,1,1,3002|21557|3701|780|2164|2921|3665|20767|32491|5005,101,Gyakkyou Burai Kaiji: Ultimate Survivor,Kenpuu Denki Berserk | Hunter x Hunter | Hunter x Hunter: Original Video Animation | Hunter x Hunter: Greed Island | Hunter x Hunter: Greed Island Final | Juuni Kokuki | Gungrave | Golden Boy,Gyakkyou Burai Kaiji: Ultimate Survivor | Omoide no Marnie | Kaiba | Meitantei Conan Movie 02: 14-banme no Target | Dennou Coil | Ashita no Joe 2 | Ginga Eiyuu Densetsu Gaiden (1999) | Noragami OVA | Kanojo to Kanojo no Neko: Everything Flows | Tentai Senshi Sunred,both_hit
2580,199,1|57|121|145|322|431|513|523|585|743|790|877|1689|1698|2236|2594|4224|4722|5040|5630,48,Absolute Beginner,1,1,1,199|8768|4551|22507|6187|28675|1140|1072|31588|6811,101,Sen to Chihiro no Kamikakushi,Cowboy Bebop | Beck | Fullmetal Alchemist | Kareshi Kanojo no Jijou | Paradise Kiss | Howl no Ugoku Shiro | Tenkuu no Shiro Laputa | Tonari no Totoro,Sen to Chihiro no Kamikakushi | Hiyokoi | Hakushaku to Yousei | Initial D Final Stage | Nodame Cantabile OVA | Kyoukai no Kanata Movie 2: I'll Be Here - Mirai-hen | Giniro no Kami no Agito | Sweat Punch | All Out!! | InuYasha: Kanketsu-hen,both_hit
2609,226,17|18|20|24|33|45|79|133|164|170|174|177|185|186|187|195|196|223|248|335,250,Good,1,1,1,226|11785|21561|33091|437|6702|33012|10578|6572|1138,101,Elfen Lied,Hungry Heart: Wild Striker | Initial D Fourth Stage | Naruto | School Rumble | Kenpuu Denki Berserk | Rurouni Kenshin: Meiji Kenkaku Romantan | Shuffle! | Green Green,Elfen Lied | Haiyore! Nyaruko-san | Ryuugajou Nanana no Maizoukin | Planetarian: Chiisana Hoshi no Yume | Perfect Blue | Fairy Tail | Island | C³ | Shakugan no Shana S | Medarot,both_hit
2627,11757,585|2025|3470|6547|8129|11633|16592|22535|30276|31043|31580|35203|36109|38670|38691|39195|40392,17,Absolute Beginner,1,1,1,11757|7088|22147|1559|32491|38619|30383|3785|3226|18753,101,Sword Art Online,Mimi wo Sumaseba | Darker than Black: Kuro no Keiyakusha | Special A | Angel Beats! | Kuragehime | Blood Lad | Danganronpa: Kibou no Gakuen to Zetsubou no Koukousei The Animation | Kiseijuu: Sei no Kakuritsu,Sword Art Online | Ichiban Ushiro no Daimaou | Amagi Brilliant Park | Shijou Saikyou no Deshi Kenichi | Kanojo to Kanojo no Neko: Everything Flows | Joshikousei no Mudazukai | Classroom☆Crisis | Evangelion Movie 3: Q | Major S4 | Yahari Ore no Seishun Love Comedy wa Machigatteiru. OVA,both_hit
2639,11703,1535|1575|2025|2904|4898|6547|6707|10620|22319|26243|27899|28927,12,Absolute Beginner,11,5,4,36511|6895|1719|11703|29974|746|24701|29095|5538|28701,101,Code:Breaker,Death Note | Code Geass: Hangyaku no Lelouch | Darker than Black: Kuro no Keiyakusha | Code Geass: Hangyaku no Lelouch R2 | Kuroshitsuji | Angel Beats! | Kuroshitsuji II | Mirai Nikki (TV),"Tokyo Ghoul:re | Hakuouki | Rozen Maiden: Ouvertüre | Code:Breaker | Diabolik Lovers More,Blood | Papa to Kiss in the Dark | Mushishi Zoku Shou 2nd Season | Grisaia no Rakuen | Tegamibachi: Hikari to Ao no Gensou Yawa | Fate/stay night: Unlimited Blade Works 2nd Season",hybrid_win
2645,16498,47|136|523|853|1535|4898|5114|11061|11111|14719|16592|18507|20583|20899|22145|22265|22319|23317|25777|26055,39,Absolute Beginner,1,1,1,16498|37208|9471|1|1726|23421|5231|3713|6288|8310,101,Shingeki no Kyojin,Akira | Hunter x Hunter | Tonari no Totoro | Ouran Koukou Host Club | Death Note | Kuroshitsuji | Fullmetal Alchemist: Brotherhood | Hunter x Hunter (2011),Shingeki no Kyojin | Mo Dao Zu Shi | Baka to Test to Shoukanjuu: Matsuri | Cowboy Bebop | Devil May Cry | Re:␣Hamatora | Inazuma Eleven | Jigoku Shoujo Mitsuganae | Kidou Senshi Gundam 00 Movie: A Wakening of the Trailblazer | Magic Kaito,both_hit
2667,801,50|97|109|121|150|195|355|430|467|469|857|1482|1571|1726|2993|3342|3457|3588|4214|4752,21,Absolute Beginner,5,1,1,801|2966|196|149|3092|7059|2130|33506|31933|21033,101,Koukaku Kidoutai: Stand Alone Complex 2nd GIG,Aa! Megami-sama! (TV) | Last Exile | Bakuretsu Tenshi | Fullmetal Alchemist | Blood+ | Onegai☆Teacher | Shakugan no Shana | Fullmetal Alchemist: The Conqueror of Shamballa,Koukaku Kidoutai: Stand Alone Complex 2nd GIG | Ookami to Koushinryou | Onegai☆Twins | Loveless | Junjou Romantica | Black★Rock Shooter (OVA) | Kaibutsu Oujo | Ao no Exorcist: Kyoto Fujouou-hen | JoJo no Kimyou na Bouken Part 4: Diamond wa Kudakenai | Seikoku no Dragonar,both_hit
2674,528,24|44|45|49|50|53|54|60|71|72|73|79|93|94|98|99|101|105|115|116,198,Good,8,16,14,8516|104|696|6165|16762|22297|6758|10075|860|33253,101,Pokemon Movie 01: Mewtwo no Gyakushuu,School Rumble | Rurouni Kenshin: Meiji Kenkaku Romantan - Tsuioku-hen | Rurouni Kenshin: Meiji Kenkaku Romantan | Aa! Megami-sama! | Aa! Megami-sama! (TV) | Ai Yori Aoshi | Appleseed (Movie) | Chrno Crusade,Baka to Test to Shoukanjuu Ni! | Ayashi no Ceres | Tenchi Muyou! | White Album 2nd Season | Mirai Nikki: Redial | Fate/stay night: Unlimited Blade Works | Tatakau Shisho: The Book of Bantorra | Naruto x UT | Makai Senki Disgaea | Ajin Part 2,hybrid_failure_vs_popularity
2760,8795,1|6|19|20|22|30|43|47|136|164|223|392|467|523|665|666|777|967|1121|1122,80,Amateur,9,91,18,31043|14075|28121|36946|28497|33255|1364|31737|5460|11123,101,Panty & Stocking with Garterbelt,Cowboy Bebop | Trigun | Monster | Naruto | Tennis no Oujisama | Shinseiki Evangelion | Koukaku Kidoutai | Akira,Boku dake ga Inai Machi | Zetsuen no Tempest | Dungeon ni Deai wo Motomeru no wa Machigatteiru Darou ka | Dragon Ball Super: Broly | Rokka no Yuusha | Saiki Kusuo no Ψ-nan | Meitantei Conan Movie 05: Tengoku e no Countdown | Gakusen Toshi Asterisk 2nd Season | Meitantei Conan Movie 13: Shikkoku no Chaser | Sekaiichi Hatsukoi 2,hybrid_failure_vs_popularity
2808,30276,20|527|10620|11111|11757|13759|16498|20507|21881|22319|28171|28223|28999|29803|30187|30503|31559,17,Absolute Beginner,1,1,1,30276|33487|24701|21105|2158|239|1538|764|32924|21185,101,One Punch Man,Naruto | Pokemon | Mirai Nikki (TV) | Another | Sword Art Online | Sakura-sou no Pet na Kanojo | Shingeki no Kyojin | Noragami,One Punch Man | Masamune-kun no Revenge | Mushishi Zoku Shou 2nd Season | Love Stage!! | Terra e... (TV) | Gankutsuou | Pumpkin Scissors | Zoids Shinseiki/Zero | Urara Meirochou | Baby Steps,both_hit
2810,13469,210|357|527|849|1195|1530|1840|2026|2104|2167|2236|2363|2966|3467|3712|4163|4192|4382|5081|5630,63,Amateur,14,5,5,1689|4789|6702|587|13469|12549|17895|21329|36904|442,101,Hyouka: Motsubeki Mono wa,Ranma ½ | Bokusatsu Tenshi Dokuro-chan | Pokemon | Suzumiya Haruhi no Yuuutsu | Zero no Tsukaima | Kanon (2006) | Zero no Tsukaima: Futatsuki no Kishi | Hayate no Gotoku!,"Byousoku 5 Centimeter | ef: A Tale of Melodies. | Fairy Tail | Hanbun no Tsuki ga Noboru Sora | Hyouka: Motsubeki Mono wa | Dakara Boku wa, H ga Dekinai. | Golden Time | Mushishi: Hihamukage | Aggressive Retsuko (ONA) | Naruto Movie 1: Dai Katsugeki!! Yuki Hime Ninpouchou Dattebayo!",hybrid_win
2811,990,1535|1604|2605|3457|3588|4224|4752|4898|5060|5081|5680|6707|6746|7791,14,Absolute Beginner,29,87,33,2966|10620|7592|317|790|6377|553|934|30|11739,101,Kamisama Kazoku,Death Note | Katekyou Hitman Reborn! | Sayonara Zetsubou Sensei | Vampire Knight | Soul Eater | Toradora! | Vampire Knight Guilty | Kuroshitsuji,Ookami to Koushinryou | Mirai Nikki (TV) | Nurarihyon no Mago | Final Fantasy VII: Advent Children | Ergo Proxy | Zan Sayonara Zetsubou Sensei | Yami no Matsuei | Higurashi no Naku Koro ni | Shinseiki Evangelion | Kimi to Boku. 2,both_miss
2818,145,20|22|24|45|93|94|164|170|189|245|263|264|355|481|550|558|627|658|853|1535,140,Amateur,6,2,2,22877|145|9863|11785|821|967|1190|8514|119|31973,101,Kareshi Kanojo no Jijou,Naruto | Tennis no Oujisama | School Rumble | Rurouni Kenshin: Meiji Kenkaku Romantan | Kidou Senshi Gundam SEED | Kidou Senshi Gundam SEED Destiny | Mononoke Hime | Slam Dunk,Seireitsukai no Blade Dance | Kareshi Kanojo no Jijou | SKET Dance | Haiyore! Nyaruko-san | Initial D Battle Stage | Hokuto no Ken | Tennis no Oujisama: Sonzoku Yama no Hi | Break Blade Movie 2: Ketsubetsu no Michi | Final Approach | Kidou Senshi Gundam Thunderbolt,both_hit
2886,9367,44|45|61|270|401|790|813|849|1535|1726|2994|4081|4382|5152|7311|11111|11701,17,Absolute Beginner,5,21,18,134|532|153|387|181|567|18055|22663|877|3247,101,Freezing,Rurouni Kenshin: Meiji Kenkaku Romantan - Tsuioku-hen | Rurouni Kenshin: Meiji Kenkaku Romantan | D.N.Angel | Hellsing | Rurouni Kenshin: Meiji Kenkaku Romantan - Seisou-hen | Ergo Proxy | Dragon Ball Z | Suzumiya Haruhi no Yuuutsu,Gunslinger Girl | Bishoujo Senshi Sailor Moon S | Juuni Kokuki | Haibane Renmei | Vandread: The Second Stage | The Big O | Hakkenden: Touhou Hakken Ibun 2nd Season | Seiken Tsukai no World Break | Nana | Love Hina Final Selection,hybrid_failure_vs_popularity
2894,10080,17|24|30|45|50|64|66|121|185|189|193|199|223|232|356|357|392|523|552|573,93,Amateur,1,1,1,10080|13535|33161|2581|264|12413|29067|4985|35222|19383,101,Kami nomi zo Shiru Sekai II,Hungry Heart: Wild Striker | School Rumble | Shinseiki Evangelion | Rurouni Kenshin: Meiji Kenkaku Romantan | Aa! Megami-sama! (TV) | Rozen Maiden | Azumanga Daiou The Animation | Fullmetal Alchemist,Kami nomi zo Shiru Sekai II | Binbougami ga! | Yahari Ore no Seishun Love Comedy wa Machigatteiru. Zoku OVA | Kidou Senshi Gundam 00 | Hajime no Ippo: Champion Road | Jormungand | Danna ga Nani wo Itteiru ka Wakaranai Ken 2 Sure-me | Mahou Shoujo Lyrical Nanoha: The Movie 1st | Gakuen Babysitters | Yami Shibai,both_hit
2955,9065,27|30|48|121|135|149|164|173|199|232|237|249|269|355|356|371|372|430|449|450,161,Good,11,3,3,431|64|9065|12113|24893|10681|31098|4548|142|1250,101,Hakuouki: Hekketsuroku,Trinity Blood | Shinseiki Evangelion | .hack//Sign | Fullmetal Alchemist | Hikaru no Go | Loveless | Mononoke Hime | Tactics,Howl no Ugoku Shiro | Rozen Maiden | Hakuouki: Hekketsuroku | Berserk: Ougon Jidai-hen II - Doldrey Kouryaku | Sidonia no Kishi: Daikyuu Wakusei Seneki | Blood-C: The Last Dark | Ushio to Tora (TV) 2nd Season | Yozakura Quartet | Kamikaze Kaitou Jeanne | Erementar Gerad,hybrid_win
3030,199,322|431|437|440|457|486|759|877|5114|22135|23273|28851|32281|33352,14,Absolute Beginner,1,1,1,199|918|240|25283|1691|36214|1239|31733|1532|161,101,Sen to Chihiro no Kamikakushi,Paradise Kiss | Howl no Ugoku Shiro | Perfect Blue | Shoujo Kakumei Utena | Mushishi | Kino no Tabi: The Beautiful World | Tokyo Godfathers | Nana,Sen to Chihiro no Kamikakushi | Gintama | Genshiken | Kuusen Madoushi Kouhosei no Kyoukan | Kaze no Stigma | Asagao to Kase-san. | Bishoujo Senshi Sailor Moon SuperS | Bishoujo Senshi Sailor Moon Crystal Season III | Suki na Mono wa Suki Dakara Shou ga Nai!! | Peace Maker Kurogane,both_hit
3046,8841,135|355|1132|1604|2581|3927|4224|5081|5680|5909|6288|6547|6956|8675|8769|9936|9989|10163|10165|10213,57,Amateur,1,1,1,8841|34914|13535|32268|14075|8857|31500|38883|1564|80,101,Kore wa Zombie desu ka?,Hikaru no Go | Shakugan no Shana | Digimon Frontier | Katekyou Hitman Reborn! | Kidou Senshi Gundam 00 | Kidou Senshi Gundam 00 Second Season | Toradora! | Bakemonogatari,Kore wa Zombie desu ka? | New Game!! | Binbougami ga! | Koyomimonogatari | Zetsuen no Tempest | Nichijou: Nichijou no 0-wa | High School Fleet | Haikyuu!! To the Top | Pokemon Advanced Generation | Kidou Senshi Gundam,both_hit
3051,6880,19|20|64|65|74|122|136|137|138|139|178|199|226|228|232|245|322|339|431|437,126,Amateur,2,1,1,6880|7647|60|3701|6774|10711|20541|465|40542|26351,101,Deadman Wonderland,Monster | Naruto | Rozen Maiden | Rozen Maiden: Träumend | Gakuen Alice | Full Moon wo Sagashite | Hunter x Hunter | Hunter x Hunter: Original Video Animation,Deadman Wonderland | Arakawa Under the Bridge | Chrno Crusade | Kaiba | Kuuchuu Buranko | Plastic Neesan | Mikakunin de Shinkoukei | One Piece Movie 07: Karakuri-jou no Mecha Kyohei | Saiki Kusuo no Ψ-nan: Ψ-shidou-hen | Nagato Yuki-chan no Shoushitsu,both_hit
3060,1699,74|100|106|120|122|322|633|853|877|1195|1486|1509|1562|1840|2817|2923|3092|3457|3712|3731,25,Absolute Beginner,14,2,2,6045|1699|3210|23289|38524|8525|34577|1117|161|35788,101,Romeo x Juliet,Gakuen Alice | Shin Shirayuki-hime Densetsu Prétear | Hana yori Dango | Fruits Basket | Full Moon wo Sagashite | Paradise Kiss | Legend of Basara | Ouran Koukou Host Club,Kimi ni Todoke | Romeo x Juliet | Ikoku Irokoi Romantan | Gekkan Shoujo Nozaki-kun | Shingeki no Kyojin Season 3 Part 2 | Kami nomi zo Shiru Sekai | Nanatsu no Taizai: Imashime no Fukkatsu | Pokemon Movie 02: Maboroshi no Pokemon Lugia Bakutan | Peace Maker Kurogane | Shokugeki no Souma: San no Sara,hybrid_win
3103,16498,20|33|44|45|121|136|164|199|205|223|269|270|416|431|459|460|512|513|523|572,87,Amateur,1,1,1,16498|22319|5040|37086|10793|468|150|451|14131|2216,101,Shingeki no Kyojin,Naruto | Kenpuu Denki Berserk | Rurouni Kenshin: Meiji Kenkaku Romantan - Tsuioku-hen | Rurouni Kenshin: Meiji Kenkaku Romantan | Fullmetal Alchemist | Hunter x Hunter | Mononoke Hime | Sen to Chihiro no Kamikakushi,Shingeki no Kyojin | Tokyo Ghoul | One Outs | Kakegurui×× | Guilty Crown | Innocence | Blood+ | InuYasha Movie 3: Tenka Hadou no Ken | Girls & Panzer | Shigurui,both_hit
3116,9756,477|962|1575|2563|2904|3297|4224|5680|7791|8426|8768|9253|9617|10087|10165|11741|11771|11887|13333|14131,115,Amateur,1,2,2,27775|9756|20031|37869|30230|22729|16870|18229|27957|6594,101,Mahou Shoujo Madoka★Magica,Aria the Animation | Aria the Natural | Code Geass: Hangyaku no Lelouch | Aria the OVA: Arietta | Code Geass: Hangyaku no Lelouch R2 | Aria the Origination | Toradora! | K-On!,Plastic Memories | Mahou Shoujo Madoka★Magica | D-Frag! | BanG Dream! 2nd Season | Diamond no Ace: Second Season | Aldnoah.Zero | The Last: Naruto the Movie | Gatchaman Crowds | Steins;Gate: Soumei Eichi no Cognitive Computing | Katanagatari,both_hit
3118,12355,1|19|30|32|164|170|199|245|263|264|265|457|578|658|777|820|849|918|934|1210,264,Good,1,1,1,12355|13125|35203|10464|889|7720|35848|9958|20853|36904,101,Ookami Kodomo no Ame to Yuki,"Cowboy Bebop | Monster | Shinseiki Evangelion | Shinseiki Evangelion Movie: Air/Magokoro wo, Kimi ni | Mononoke Hime | Slam Dunk | Sen to Chihiro no Kamikakushi | Great Teacher Onizuka",Ookami Kodomo no Ame to Yuki | Shinsekai yori | Isekai wa Smartphone to Tomo ni. | Seitokai no Ichizon Lv.2 | Black Lagoon | Ookiku Furikabutte: Natsu no Taikai-hen | Promare | Hayate no Gotoku! Heaven Is a Place on Earth | Hitsugi no Chaika | Aggressive Retsuko (ONA),both_hit
3190,3470,22|104|995|2034|4722|7054,6,Absolute Beginner,5,1,1,3470|6347|30296|710|17513|819|997|814|248|8888,101,Special A,Tennis no Oujisama | Ayashi no Ceres | Tennis no Oujisama: Zenkoku Taikai-hen | Lovely★Complex | Skip Beat! | Kaichou wa Maid-sama!,Special A | Baka to Test to Shoukanjuu | Rakudai Kishi no Cavalry | Rec | Diabolik Lovers | Boku wa Imouto ni Koi wo Suru | Bishoujo Senshi Sailor Moon S: Kaguya-hime no Koibito | Tennis no Oujisama: Atobe kara no Okurimono - Kimi ni Sasageru Tennis Prince Matsuri | Ichigo 100% | Code Geass: Boukoku no Akito 1 - Yokuryuu wa Maiorita,both_hit
3204,22135,20|47|121|170|199|205|263|269|467|558|627|801|889|918|1535|1575|1735|1842|2001|2025,110,Amateur,5,1,1,22135|5690|790|1117|1292|6880|38450|34944|15771|411,101,Ping Pong the Animation,Naruto | Akira | Fullmetal Alchemist | Slam Dunk | Sen to Chihiro no Kamikakushi | Samurai Champloo | Hajime no Ippo | Bleach,Ping Pong the Animation | Nodame Cantabile Finale | Ergo Proxy | Pokemon Movie 02: Maboroshi no Pokemon Lugia Bakutan | Afro Samurai | Deadman Wonderland | Mo Dao Zu Shi: Xian Yun Pian | Bungou Stray Dogs: Dead Apple | Saint☆Oniisan (Movie) | Gun x Sword,both_hit
3246,918,20|59|63|121|149|150|154|202|205|210|223|225|226|228|249|418|430|442|552|792,69,Amateur,1,6,5,74|330|8888|90|918|35073|746|21939|4053|732,101,Gintama,Naruto | Chobits | DearS | Fullmetal Alchemist | Loveless | Blood+ | Shaman King | Wolf's Rain,Gakuen Alice | Midori no Hibi | Code Geass: Boukoku no Akito 1 - Yokuryuu wa Maiorita | Shin Kidou Senki Gundam Wing | Gintama | Overlord II | Papa to Kiss in the Dark | Mushishi Zoku Shou | Tennis no Oujisama: Zenkoku Taikai-hen - Final | Vampire Hunter D,both_hit
3253,777,1|6|17|33|45|121|182|205|223|267|481|550|552|813|967|4106|5114|12115,18,Absolute Beginner,4,1,1,777|226|4901|6347|36220|40221|39710|28675|38778|33836,101,Hellsing Ultimate,Cowboy Bebop | Trigun | Hungry Heart: Wild Striker | Kenpuu Denki Berserk | Rurouni Kenshin: Meiji Kenkaku Romantan | Fullmetal Alchemist | Tenkuu no Escaflowne | Samurai Champloo,Hellsing Ultimate | Elfen Lied | Black Lagoon: Roberta's Blood Trail | Baka to Test to Shoukanjuu | Itsudatte Bokura no Koi wa 10 cm Datta. | Kami no Tou | Yesterday wo Utatte | Kyoukai no Kanata Movie 2: I'll Be Here - Mirai-hen | Midara na Ao-chan wa Benkyou ga Dekinai | Seiren,both_hit
3281,6974,79|150|1691|1818|2129|2993|3090|3342|4186|4214|4581|4975|5034|5277|5530|5682|6201|6324|6500|6772,33,Absolute Beginner,14,4,5,68|8247|10447|8675|6974|5205|10209|1727|572|85,101,Seikimatsu Occult Gakuin,Shuffle! | Blood+ | Kaze no Stigma | Claymore | True Tears | Rosario to Vampire | Aa! Megami-sama! Tatakau Tsubasa | Mnemosyne: Mnemosyne no Musume-tachi,Black Cat | Bleach Movie 4: Jigoku-hen | Aquarion Evol | Seitokai Yakuindomo | Seikimatsu Occult Gakuin | Kara no Kyoukai Movie 7: Satsujin Kousatsu (Go) | Kore wa Zombie desu ka? OVA | Shinkyoku Soukai Polyphonica | Kaze no Tani no Nausicaä | Kidou Senshi Zeta Gundam,hybrid_win
3286,6033,20|30|50|59|60|71|76|77|121|133|154|195|196|226|269|270|355|356|443|457,98,Amateur,10,1,1,6033|908|20021|969|550|28891|13659|490|873|16700,101,Dragon Ball Kai,Naruto | Shinseiki Evangelion | Aa! Megami-sama! (TV) | Chobits | Chrno Crusade | Full Metal Panic! | Mahou Shoujo Lyrical Nanoha | Mahou Shoujo Lyrical Nanoha A's,Dragon Ball Kai | Fullmetal Alchemist: Premium Collection | Sword Art Online: Extra Edition | Tsubasa Chronicle 2nd Season | Yu☆Gi☆Oh! | Haikyuu!! Second Season | Ore no Imouto ga Konnani Kawaii Wake ga Nai. | Paniponi Dash! | .hack//Roots | Higurashi no Naku Koro ni Kaku: Outbreak,both_hit
3293,32281,120|226|269|853|1486|1535|2164|2993|3092|3588|4224|4898|5081|5630|5680|6547|6702|6707|6880|7054,46,Absolute Beginner,1,2,2,15051|32281|18397|37614|36896|2605|122|12549|36882|521,101,Kimi no Na wa.,Fruits Basket | Elfen Lied | Bleach | Ouran Koukou Host Club | Kodomo no Omocha (TV) | Death Note | Dennou Coil | Rosario to Vampire,"Love Live! School Idol Project | Kimi no Na wa. | Shingeki no Kyojin OVA | Hitoribocchi no Marumaru Seikatsu | Boku no Hero Academia the Movie 1: Futari no Hero | Sayonara Zetsubou Sensei | Full Moon wo Sagashite | Dakara Boku wa, H ga Dekinai. | Arifureta Shokugyou de Sekai Saikyou | Mermaid Melody Pichi Pichi Pitch",both_hit
3312,1889,1|5|24|60|121|205|356|387|417|431|457|846|849|857|934|1210|1535|1536|1943|2025,90,Amateur,2,1,1,1889|30831|15689|2889|5530|14293|35838|6682|6325|41120,101,Higurashi no Naku Koro ni Kai,Cowboy Bebop | Cowboy Bebop: Tengoku no Tobira | School Rumble | Chrno Crusade | Fullmetal Alchemist | Samurai Champloo | Fate/stay night | Haibane Renmei,Higurashi no Naku Koro ni Kai | Kono Subarashii Sekai ni Shukufuku wo! | Nekomonogatari: Kuro | Bleach Movie 2: The DiamondDust Rebellion - Mou Hitotsu no Hyourinmaru | Pandora Hearts | Nerawareta Gakuen | Shoujo Shuumatsu Ryokou | 11eyes | Naruto: Shippuuden Movie 3 - Hi no Ishi wo Tsugu Mono | Fugou Keiji: Balance:Unlimited,both_hit
3341,12403,1|7|47|66|164|392|813|849|1887|2251|4224|4472|6033|6547|7311|7711|8074|8557|8795|9253,40,Absolute Beginner,9,2,2,14349|12403|585|31722|32828|136|3782|29067|257|6007,101,Yuru Yuri♪♪,Cowboy Bebop | Witch Hunter Robin | Akira | Azumanga Daiou The Animation | Mononoke Hime | Yuu☆Yuu☆Hakusho | Dragon Ball Z | Suzumiya Haruhi no Yuuutsu,Little Witch Academia | Yuru Yuri♪♪ | Mimi wo Sumaseba | Nanatsu no Taizai: Seisen no Shirushi | Amaama to Inazuma | Hunter x Hunter | Kara no Kyoukai Movie 2: Satsujin Kousatsu (Zen) | Danna ga Nani wo Itteiru ka Wakaranai Ken 2 Sure-me | Ikkitousen | Ookami to Koushinryou II: Ookami to Kohakuiro no Yuuutsu,both_hit
3348,12531,16|154|199|243|990|1004|1142|2034|5630|5678|6098|9289|10162|13601|14289|21105|21405|23281|23283|23441,21,Absolute Beginner,2,2,2,877|12531|3226|905|1829|288|40496|23079|132|1589,101,Sakamichi no Apollon,Hachimitsu to Clover | Shaman King | Sen to Chihiro no Kamikakushi | Gravitation | Kamisama Kazoku | Kanojo to Kanojo no Neko | Hachimitsu to Clover II | Lovely★Complex,"Nana | Sakamichi no Apollon | Major S4 | Dragon Ball Z Movie 12: Fukkatsu no Fusion!! Gokuu to Vegeta | Ged Senki | Bakuten Shoot Beyblade | Maou Gakuin no Futekigousha: Shijou Saikyou no Maou no Shiso, Tensei shite Shison-tachi no Gakkou e Kayou | Glasslip | GetBackers | Bartender",both_hit
3371,9253,32|523|875|885|1210|2246|2251|2605|3228|3701|5081|7785|11597|17074|18897|22135|28891|30276|31181|31240,37,Absolute Beginner,1,1,1,9253|601|38826|10162|20787|1004|488|30727|39026|12679,101,Steins;Gate,"Shinseiki Evangelion Movie: Air/Magokoro wo, Kimi ni | Tonari no Totoro | Mind Game | Tenshi no Tamago | NHK ni Youkoso! | Mononoke | Baccano! | Sayonara Zetsubou Sensei",Steins;Gate | Nekojiru-sou | Tenki no Ko | Usagi Drop | Black Bullet | Kanojo to Kanojo no Neko | Ichigo Mashimaro | Saenai Heroine no Sodatekata ♭ | Dumbbell Nan Kilo Moteru? | Joshiraku,both_hit
3442,5114,121|199|226|392|431|513|523|853|1535|2167|4181|9253|11061,13,Absolute Beginner,1,1,1,5114|120|34561|31716|22729|790|22961|9982|459|20785,101,Fullmetal Alchemist: Brotherhood,Fullmetal Alchemist | Sen to Chihiro no Kamikakushi | Elfen Lied | Yuu☆Yuu☆Hakusho | Howl no Ugoku Shiro | Tenkuu no Shiro Laputa | Tonari no Totoro | Ouran Koukou Host Club,Fullmetal Alchemist: Brotherhood | Fruits Basket | Re:Creators | Rewrite | Aldnoah.Zero | Ergo Proxy | Date A Live II: Kurumi Star Festival | Fairy Tail OVA | One Piece Movie 01 | Mahouka Koukou no Rettousei,both_hit
3446,22547,20|22|245|263|269|857|995|1195|1535|1575|1840|2752|2904|3467|3712|4053|5114|5258|5751|5958,202,Good,27,20,21,34798|34443|195|18677|36432|79|37449|1033|16512|5507,101,Blade & Soul,Naruto | Tennis no Oujisama | Great Teacher Onizuka | Hajime no Ippo | Bleach | Air Gear | Tennis no Oujisama: Zenkoku Taikai-hen | Zero no Tsukaima,Yuru Camp△ | Baki | Onegai☆Teacher | Yuusha ni Narenakatta Ore wa Shibushibu Shuushoku wo Ketsui Shimashita. | Toaru Majutsu no Index III | Shuffle! | Strike the Blood III | Sennen Joyuu | Devil Survivor 2 The Animation | Senjou no Valkyria,both_miss
3467,23273,1535|1575|1735|1818|2904|4181|4224|5081|5114|6500|6547|6594|9756|11111|11433|11757|14813|14967|15451|16067,47,Absolute Beginner,1,1,1,23273|14741|11981|34902|4896|36028|1827|37965|15199|36838,101,Shigatsu wa Kimi no Uso,Death Note | Code Geass: Hangyaku no Lelouch | Naruto: Shippuuden | Claymore | Code Geass: Hangyaku no Lelouch R2 | Clannad: After Story | Toradora! | Bakemonogatari,Shigatsu wa Kimi no Uso | Chuunibyou demo Koi ga Shitai! | Mahou Shoujo Madoka★Magica Movie 3: Hangyaku no Monogatari | Tsurezure Children | Umineko no Naku Koro ni | Golden Kamuy | Seirei no Moribito | Kaze ga Tsuyoku Fuiteiru | Code Geass: Boukoku no Akito 3 - Kagayaku Mono Ten yori Otsu | Gintama. Shirogane no Tamashii-hen,both_hit
3478,431,6|101|120|164|199|512|513|522|523|572|585|853|1486|1723|2167|2890|3588|4181|4224|5060,24,Absolute Beginner,1,1,1,431|4654|10719|14467|32828|29095|10110|7592|20853|30503,101,Howl no Ugoku Shiro,Trigun | Air | Fruits Basket | Mononoke Hime | Sen to Chihiro no Kamikakushi | Majo no Takkyuubin | Tenkuu no Shiro Laputa | Metropolis,Howl no Ugoku Shiro | Toaru Majutsu no Index | Boku wa Tomodachi ga Sukunai | K | Amaama to Inazuma | Grisaia no Rakuen | Mayo Chiki! | Nurarihyon no Mago | Hitsugi no Chaika | Noragami Aragoto,both_hit
3521,4155,20|123|199|226|239|302|918|1482|1485|1535|1614|1878|2386|2490|2547|2559|2618|2810|2817|2829,75,Amateur,5,1,1,4155|30347|23623|3455|905|191|32268|26023|30016|29755,101,One Piece Film: Strong World,Naruto | Fushigi Yuugi | Sen to Chihiro no Kamikakushi | Elfen Lied | Gankutsuou | Mirai Shounen Conan | Gintama | D.Gray-man,One Piece Film: Strong World | Nanatsu no Taizai OVA | Non Non Biyori Repeat | To LOVE-Ru | Dragon Ball Z Movie 12: Fukkatsu no Fusion!! Gokuu to Vegeta | Love Hina Christmas Special: Silent Eve | Koyomimonogatari | Haiyore! Nyaruko-san F | Nanbaka | Haikyuu!! Movie 1: Owari to Hajimari,both_hit
3529,523,44|45|46|164|177|199|401|431|457|483|512|513|572|578|585|849|853|856|957|969,30,Absolute Beginner,1,1,1,523|249|469|565|4155|54|1072|240|781|4999,101,Tonari no Totoro,Rurouni Kenshin: Meiji Kenkaku Romantan - Tsuioku-hen | Rurouni Kenshin: Meiji Kenkaku Romantan | Rurouni Kenshin: Meiji Kenkaku Romantan - Ishinshishi e no Chinkonka | Mononoke Hime | Tsubasa Chronicle | Sen to Chihiro no Kamikakushi | Rurouni Kenshin: Meiji Kenkaku Romantan - Seisou-hen | Howl no Ugoku Shiro,Tonari no Totoro | InuYasha | Karin | Steamboy | One Piece Film: Strong World | Appleseed (Movie) | Sweat Punch | Genshiken | Meitantei Conan Movie 03: Seikimatsu no Majutsushi | Asu no Yoichi!,both_hit
3537,2472,20|22|27|28|136|137|138|139|225|558|627|918|1482|1535|1575|1735|1842|2025|3226|4437,132,Amateur,13,3,3,17729|11737|2472|857|16782|2251|30123|34451|5941|45,101,Naruto: Shippuuden Movie 1,Naruto | Tennis no Oujisama | Trinity Blood | Yakitate!! Japan | Hunter x Hunter | Hunter x Hunter: Original Video Animation | Hunter x Hunter: Greed Island | Hunter x Hunter: Greed Island Final,Grisaia no Kajitsu | Ao no Exorcist Movie | Naruto: Shippuuden Movie 1 | Air Gear | Kotonoha no Niwa | Baccano! | Akagami no Shirayuki-hime | Kekkai Sensen & Beyond | Cross Game | Rurouni Kenshin: Meiji Kenkaku Romantan,hybrid_win
3562,1535,6347|6547|8841|9253|9989|10396|10397|11061|11843|12549|13759|14813|15809|18679|21863|23273|23847|25157|27775|28999,46,Absolute Beginner,1,101,100,29803|23755|35466|35851|29093|14741|8086|227|38234|34626,101,Death Note,Baka to Test to Shoukanjuu | Angel Beats! | Kore wa Zombie desu ka? | Steins;Gate | Ano Hi Mita Hana no Namae wo Bokutachi wa Mada Shiranai. | Ben-To | Mashiro-iro Symphony: The Color of Lovers | Hunter x Hunter (2011),Overlord | Nanatsu no Taizai | ReLIFE: Kanketsu-hen | Sayonara no Asa ni Yakusoku no Hana wo Kazarou | Grisaia no Meikyuu: Caprice no Mayu 0 | Chuunibyou demo Koi ga Shitai! | Densetsu no Yuusha no Densetsu | FLCL | One Piece Movie 14: Stampede | Kono Subarashii Sekai ni Shukufuku wo! 2: Kono Subarashii Geijutsu ni Shukufuku wo!,hybrid_failure_vs_popularity
3570,205,1|30|32|43|80|885|1117|1118|2001|2593|3588|3782|3783|4280|4282|5081|5114|5204|5205|8795,45,Absolute Beginner,1,2,1,205|4107|5|37033|23327|239|30363|1564|16157|535,101,Samurai Champloo,"Cowboy Bebop | Shinseiki Evangelion | Shinseiki Evangelion Movie: Air/Magokoro wo, Kimi ni | Koukaku Kidoutai | Kidou Senshi Gundam | Tenshi no Tamago | Pokemon Movie 02: Maboroshi no Pokemon Lugia Bakutan | Pokemon Movie 03: Kesshoutou no Teiou Entei",Samurai Champloo | Tengen Toppa Gurren Lagann Movie 1: Gurren-hen | Cowboy Bebop: Tengoku no Tobira | Emiya-san Chi no Kyou no Gohan | Space☆Dandy 2nd Season | Gankutsuou | Shinmai Maou no Testament Burst | Pokemon Advanced Generation | Choujigen Game Neptune The Animation | Slayers Next,both_hit
3615,853,16|47|164|199|322|523|1535|2236|4224|6746|7817|9919|9989|10408|10620|12189|12355|14227|14289|14713,50,Amateur,2,2,2,9656|853|32998|849|11981|38003|187|23277|32681|38753,101,Ouran Koukou Host Club,Hachimitsu to Clover | Akira | Mononoke Hime | Sen to Chihiro no Kamikakushi | Paradise Kiss | Tonari no Totoro | Death Note | Toki wo Kakeru Shoujo,Kimi ni Todoke 2nd Season | Ouran Koukou Host Club | 91 Days | Suzumiya Haruhi no Yuuutsu | Mahou Shoujo Madoka★Magica Movie 3: Hangyaku no Monogatari | Bungou Stray Dogs 3rd Season | Initial D Third Stage | Saenai Heroine no Sodatekata | Uchuu Patrol Luluco | Araburu Kisetsu no Otome-domo yo.,both_hit
3706,431,790|1535|2994|3457|4181|4224|4898|6707|8074|9756|11887|17513|32281|35120,14,Absolute Beginner,1,4,4,18507|243|35557|431|80|11241|16668|10715|18295|134,101,Howl no Ugoku Shiro,Ergo Proxy | Death Note | Death Note: Rewrite | Vampire Knight | Clannad: After Story | Toradora! | Kuroshitsuji | Kuroshitsuji II,Free! | Gravitation | Houseki no Kuni | Howl no Ugoku Shiro | Kidou Senshi Gundam | Brave 10 | Kakumeiki Valvrave | Towa no Quon 4: Guren no Shoushin | Kakumeiki Valvrave 2nd Season | Gunslinger Girl,both_hit
3763,24,30|199|226|372|431|1088|1222|1535|1689|2581|2759|2952|3927|5678|6045|6114|9656|11757|14289|35790,21,Absolute Beginner,4,4,4,22729|8514|23321|24|30831|5081|37055|32380|37956|12117,101,School Rumble,Shinseiki Evangelion | Sen to Chihiro no Kamikakushi | Elfen Lied | Cardcaptor Sakura Movie 2: Fuuin Sareta Card | Howl no Ugoku Shiro | Macross | Bokura ga Ita | Death Note,Aldnoah.Zero | Break Blade Movie 2: Ketsubetsu no Michi | Log Horizon 2nd Season | School Rumble | Kono Subarashii Sekai ni Shukufuku wo! | Bakemonogatari | Youjo Senki Movie | Kono Subarashii Sekai ni Shukufuku wo!: Kono Subarashii Choker ni Shukufuku wo! | 3D Kanojo: Real Girl 2nd Season | Meitantei Conan Movie 16: 11-ninme no Striker,both_hit
3815,2924,64|65|76|98|101|146|177|226|232|343|467|471|688|756|789|817|969|1530|1535|1571,24,Absolute Beginner,5,1,1,2924|4789|813|713|72|3467|3167|6572|1078|1729,101,ef: A Tale of Memories.,Rozen Maiden | Rozen Maiden: Träumend | Mahou Shoujo Lyrical Nanoha | Mai-HiME | Air | Kono Minikuku mo Utsukushii Sekai | Tsubasa Chronicle | Elfen Lied,ef: A Tale of Memories. | ef: A Tale of Melodies. | Dragon Ball Z | Air Movie | Full Metal Panic? Fumoffu | Nogizaka Haruka no Himitsu | Eve no Jikan | Shakugan no Shana S | Cardcaptor Sakura: Kero-chan ni Omakase! | Maria-sama ga Miteru 3rd,both_hit
3837,9253,68|1535|6547|7054|11577|11887|12189|15583|18277|22319|27899|28851|28999,13,Absolute Beginner,1,1,1,9253|15809|37799|12175|3731|2104|6023|25183|14293|658,101,Steins;Gate,Black Cat | Death Note | Angel Beats! | Kaichou wa Maid-sama! | Steins;Gate Movie: Fuka Ryouiki no Déjà vu | Kokoro Connect | Hyouka | Date A Live,Steins;Gate | Hataraku Maou-sama! | Tokyo Ghoul:re 2nd Season | Koi to Senkyo to Chocolate | Itazura na Kiss | Seto no Hanayome | Nogizaka Haruka no Himitsu Purezza ♪ | Gangsta. | Nerawareta Gakuen | Touhai Densetsu Akagi: Yami ni Maiorita Tensai,both_hit
3875,14513,121|269|437|1210|1535|1575|1689|1818|2129|2904|4224|6045|6547|8425|9253|9989|10087|10620|11061|11111,112,Amateur,1,1,1,14513|33253|43|1943|35557|13655|35838|34102|34494|38790,101,Magi: The Labyrinth of Magic,Fullmetal Alchemist | Bleach | Perfect Blue | NHK ni Youkoso! | Death Note | Code Geass: Hangyaku no Lelouch | Byousoku 5 Centimeter | Claymore,Magi: The Labyrinth of Magic | Ajin Part 2 | Koukaku Kidoutai | Paprika | Houseki no Kuni | Little Busters! | Shoujo Shuumatsu Ryokou | Sakurada Reset | Sakura Quest | Itai no wa Iya nanode Bougyoryoku ni Kyokufuri Shitai to Omoimasu.,both_hit
3904,35073,185|356|790|849|1535|1818|2167|2476|4898|5081|6707|7724|8074|9253|9919|10087|10620|10719|10793|11597,81,Amateur,3,1,1,35073|16762|30654|34662|33161|18247|31812|27|323|5205,101,Overlord II,Initial D First Stage | Fate/stay night | Ergo Proxy | Suzumiya Haruhi no Yuuutsu | Death Note | Claymore | Clannad | School Days,Overlord II | Mirai Nikki: Redial | Ansatsu Kyoushitsu 2nd Season | Fate/Apocrypha | Yahari Ore no Seishun Love Comedy wa Machigatteiru. Zoku OVA | IS: Infinite Stratos 2 | Kuroshitsuji Movie: Book of the Atlantic | Trinity Blood | Mousou Dairinin | Kara no Kyoukai Movie 7: Satsujin Kousatsu (Go),both_hit
3910,29803,164|889|1519|2966|4224|4901|5114|5341|7054|9919|10087|11617|11741|11757|15451|15809|16498|18679|20507|21881,60,Amateur,1,1,1,29803|33674|9515|36726|57|451|34591|36885|7724|3090,101,Overlord,Mononoke Hime | Black Lagoon | Black Lagoon: The Second Barrage | Ookami to Koushinryou | Toradora! | Black Lagoon: Roberta's Blood Trail | Fullmetal Alchemist: Brotherhood | Ookami to Koushinryou II,Overlord | No Game No Life: Zero | Highschool of the Dead: Drifters of the Dead | Yuragi-sou no Yuuna-san | Beck | InuYasha Movie 3: Tenka Hadou no Ken | Natsume Yuujinchou Roku | Saenai Heroine no Sodatekata Fine | Shiki | Aa! Megami-sama! Tatakau Tsubasa,both_hit
3982,16498,20|30|47|164|199|205|232|269|513|527|528|572|578|853|1030|1535|1689|1698|2001|2167,121,Amateur,1,1,1,16498|21995|32|30484|38680|37521|24151|7465|34881|387,101,Shingeki no Kyojin,Naruto | Shinseiki Evangelion | Akira | Mononoke Hime | Sen to Chihiro no Kamikakushi | Samurai Champloo | Cardcaptor Sakura | Bleach,"Shingeki no Kyojin | Ao Haru Ride | Shinseiki Evangelion Movie: Air/Magokoro wo, Kimi ni | Steins;Gate 0 | Fruits Basket 1st Season | Vinland Saga | Ao Haru Ride OVA | Eve no Jikan (Movie) | Aho Girl | Haibane Renmei",both_hit
4049,20,1535|1735|6547|22319|24833|25777|27899|31043|32281,9,Absolute Beginner,2,1,1,20|22535|33255|32983|30694|10495|19163|4618|6164|33,101,Naruto,Death Note | Naruto: Shippuuden | Angel Beats! | Tokyo Ghoul | Ansatsu Kyoushitsu | Shingeki no Kyojin Season 2 | Tokyo Ghoul √A | Boku dake ga Inai Machi,Naruto | Kiseijuu: Sei no Kakuritsu | Saiki Kusuo no Ψ-nan | Natsume Yuujinchou Go | Dragon Ball Super | Yuru Yuri | Date A Live II | RideBack | Aoi Hana | Kenpuu Denki Berserk,both_hit
4125,668,20|30|59|63|79|121|193|195|223|226|245|269|343|355|356|357|469|591|813|849,262,Good,50,13,15,330|33|5909|30694|9969|23421|1836|4262|37799|9479,101,Koi Koi 7,Naruto | Shinseiki Evangelion | Chobits | DearS | Shuffle! | Fullmetal Alchemist | Maburaho | Onegai☆Teacher,Midori no Hibi | Kenpuu Denki Berserk | Seitokai no Ichizon | Dragon Ball Super | Gintama' | Re:␣Hamatora | Shuffle! Memories | Koihime†Musou | Tokyo Ghoul:re 2nd Season | Coppelion,both_miss
4170,16498,122|142|164|199|232|249|327|431|512|523|530|532|585|740|853|1110|1579|1699|2001|2034,121,Amateur,1,1,1,16498|14397|32380|20583|18397|11737|32|34881|1250|14807,101,Shingeki no Kyojin,Full Moon wo Sagashite | Kamikaze Kaitou Jeanne | Mononoke Hime | Sen to Chihiro no Kamikakushi | Cardcaptor Sakura | InuYasha | Puchi Pri*Yucie | Howl no Ugoku Shiro,"Shingeki no Kyojin | Chihayafuru 2 | Kono Subarashii Sekai ni Shukufuku wo!: Kono Subarashii Choker ni Shukufuku wo! | Haikyuu!! | Shingeki no Kyojin OVA | Ao no Exorcist Movie | Shinseiki Evangelion Movie: Air/Magokoro wo, Kimi ni | Aho Girl | Erementar Gerad | Kara no Kyoukai Movie: Mirai Fukuin",both_hit
4183,30654,7674|10030|11061|12365|13759|14813|15315|19815|20507|22199|23847|24833|28223|28907|28999|29803|30276|30503|30831|31240,41,Absolute Beginner,5,1,1,30654|30|889|527|572|36726|186|6746|874|21033,101,Ansatsu Kyoushitsu 2nd Season,Bakuman. | Bakuman. 2nd Season | Hunter x Hunter (2011) | Bakuman. 3rd Season | Sakura-sou no Pet na Kanojo | Yahari Ore no Seishun Love Comedy wa Machigatteiru. | Mondaiji-tachi ga Isekai kara Kuru Sou desu yo? | No Game No Life,Ansatsu Kyoushitsu 2nd Season | Shinseiki Evangelion | Black Lagoon | Pokemon | Kaze no Tani no Nausicaä | Yuragi-sou no Yuuna-san | Initial D Second Stage | Durarara!! | Digimon Tamers | Seikoku no Dragonar,both_hit
4193,37991,30|32|268|665|1210|1535|2593|2759|3784|10087|11741|11757|16782|22319|25537|25777|25781|26055|28851|31240,40,Absolute Beginner,1,1,1,37991|2129|5909|36885|16035|5682|395|38936|3210|22763,101,JoJo no Kimyou na Bouken Part 5: Ougon no Kaze,"Shinseiki Evangelion | Shinseiki Evangelion Movie: Air/Magokoro wo, Kimi ni | Golden Boy | JoJo no Kimyou na Bouken: Adventure | NHK ni Youkoso! | Death Note | Kara no Kyoukai Movie 1: Fukan Fuukei | Evangelion Movie 1: Jo",JoJo no Kimyou na Bouken Part 5: Ougon no Kaze | True Tears | Seitokai no Ichizon | Saenai Heroine no Sodatekata Fine | Karneval (TV) | Phantom: Requiem for the Phantom | Gantz 2nd Stage | Lord El-Melloi II-sei no Jikenbo: Rail Zeppelin Grace Note - Hakamori to Neko to Majutsushi | Ikoku Irokoi Romantan | Kara no Kyoukai Movie: Mirai Fukuin - Extra Chorus,both_hit
4213,918,1|19|20|22|57|60|79|102|121|154|170|195|199|226|232|246|263|264|265|269,198,Good,3,2,2,136|918|356|40591|34280|8449|4177|16353|22777|3016,101,Gintama,Cowboy Bebop | Monster | Naruto | Tennis no Oujisama | Beck | Chrno Crusade | Shuffle! | Aishiteruze Baby★★,Hunter x Hunter | Gintama | Fate/stay night | Kaguya-sama wa Kokurasetai? Tensai-tachi no Renai Zunousen | Gamers! | Togainu no Chi | Bounen no Xamdou | Love Lab | Dragon Ball Kai (2014) | Ginga Eiyuu Densetsu: Arata naru Tatakai no Overture,both_hit
4229,31765,121|223|513|578|813|1535|1575|2001|2904|2994|5114|7711,12,Absolute Beginner,4,99,98,572|9135|4565|32491|33095|10017|14833|39741|19369|26349,101,Sword Art Online Movie: Ordinal Scale,Fullmetal Alchemist | Dragon Ball | Tenkuu no Shiro Laputa | Hotaru no Haka | Dragon Ball Z | Death Note | Code Geass: Hangyaku no Lelouch | Tengen Toppa Gurren Lagann,Kaze no Tani no Nausicaä | Fullmetal Alchemist: The Sacred Star of Milos | Tengen Toppa Gurren Lagann Movie 2: Lagann-hen | Kanojo to Kanojo no Neko: Everything Flows | Shouwa Genroku Rakugo Shinjuu: Sukeroku Futatabi-hen | Dragon Ball: Super Saiya-jin Zetsumetsu Keikaku | Maoyuu Maou Yuusha | Violet Evergarden Gaiden: Eien to Jidou Shuki Ningyou | Outbreak Company | Danna ga Nani wo Itteiru ka Wakaranai Ken,hybrid_failure_vs_popularity
4240,35760,1|30|527|528|1210|1535|1565|1575|2904|5081|9253|10719|10793|11061|11597|11617|11757|12189|13759|14813,73,Amateur,1,1,1,35760|37521|9181|12365|37991|6512|6774|40542|6115|1525,101,Shingeki no Kyojin Season 3,Cowboy Bebop | Shinseiki Evangelion | Pokemon | Pokemon Movie 01: Mewtwo no Gyakushuu | NHK ni Youkoso! | Death Note | Pokemon Diamond & Pearl | Code Geass: Hangyaku no Lelouch,Shingeki no Kyojin Season 3 | Vinland Saga | Motto To LOVE-Ru | Bakuman. 3rd Season | JoJo no Kimyou na Bouken Part 5: Ougon no Kaze | Nyan Koi! | Kuuchuu Buranko | Saiki Kusuo no Ψ-nan: Ψ-shidou-hen | Lupin III vs. Meitantei Conan | Pokemon Crystal: Raikou Ikazuchi no Densetsu,both_hit
4248,19051,211|368|753|827|830|972|1113|1263|1359|1389|1401|1403|1407|1510|1634|1635|1779|1780|1787|1821,228,Good,58,10,15,30363|543|539|10161|1218|67|28171|15843|35712|20479,101,Imouto Paradise! 2,Pure Mail | Bible Black | Chijoku Shinsatsushitsu | Uba | Sexfriend | Bible Black Gaiden | One: Kagayaku Kisetsu e - True Stories | Suika,Shinmai Maou no Testament Burst | Vampire Hunter D (2000) | Tenchi Muyou! Ryououki | No.6 | Tonagura! | Basilisk: Kouga Ninpou Chou | Shokugeki no Souma | Koiito Kinenbi The Animation | Boku no Kanojo ga Majimesugiru Sho-bitch na Ken | Choujigen Game Neptune The Animation: Yakusoku no Eien - True End,both_miss
4268,28171,1|19|121|199|205|269|317|430|777|918|1535|1575|2001|2025|2034|2251|2904|2966|3702|3784,194,Good,2,2,2,30015|28171|40542|1604|226|14833|24455|35413|17187|1118,101,Shokugeki no Souma,Cowboy Bebop | Monster | Fullmetal Alchemist | Sen to Chihiro no Kamikakushi | Samurai Champloo | Bleach | Final Fantasy VII: Advent Children | Fullmetal Alchemist: The Conqueror of Shamballa,ReLIFE | Shokugeki no Souma | Saiki Kusuo no Ψ-nan: Ψ-shidou-hen | Katekyou Hitman Reborn! | Elfen Lied | Maoyuu Maou Yuusha | Madan no Ou to Vanadis | Imouto sae Ireba Ii. | Koukaku Kidoutai Arise: Ghost in the Shell - Border:1 Ghost Pain | Pokemon Movie 03: Kesshoutou no Teiou Entei,both_hit
4307,431,164|198|199|512|523|572|849|2236|2890|5081|5114|5341|5630|6007|6746|7311|7785|9756|9989|10162,28,Absolute Beginner,1,1,1,431|31758|23199|18507|10620|249|40454|4565|8407|28249,101,Howl no Ugoku Shiro,Mononoke Hime | Speed Grapher | Sen to Chihiro no Kamikakushi | Majo no Takkyuubin | Tonari no Totoro | Kaze no Tani no Nausicaä | Suzumiya Haruhi no Yuuutsu | Toki wo Kakeru Shoujo,Howl no Ugoku Shiro | Kizumonogatari III: Reiketsu-hen | Durarara!!x2 Shou | Free! | Mirai Nikki (TV) | InuYasha | Dungeon ni Deai wo Motomeru no wa Machigatteiru Darou ka III | Tengen Toppa Gurren Lagann Movie 2: Lagann-hen | Sora no Otoshimono Forte | Arslan Senki (TV),both_hit
4309,11617,18|185|186|187|853|1210|2167|3467|4224|4358|4898|6045|6675|6707|6956|7054|7088|7769|8277|8425,156,Good,3,2,2,28999|11617|38889|10030|14719|10213|227|37965|8424|41312,101,High School DxD,Initial D Fourth Stage | Initial D First Stage | Initial D Second Stage | Initial D Third Stage | Ouran Koukou Host Club | NHK ni Youkoso! | Clannad | Nogizaka Haruka no Himitsu,Charlotte | High School DxD | Kono Oto Tomare! Part 2 | Bakuman. 2nd Season | JoJo no Kimyou na Bouken (TV) | Maji de Watashi ni Koi Shinasai! | FLCL | Kaze ga Tsuyoku Fuiteiru | MM! | Kami-tachi ni Hirowareta Otoko,both_hit
4350,21647,150|227|237|270|355|512|777|853|934|1195|1482|1535|1559|1818|1840|2025|2034|2787|3588|3712,103,Amateur,8,2,3,121|25013|21647|28497|8247|2002|11701|5678|528|1606,101,Tamako Love Story,Blood+ | FLCL | Koukyoushihen Eureka Seven | Hellsing | Shakugan no Shana | Majo no Takkyuubin | Hellsing Ultimate | Ouran Koukou Host Club,Fullmetal Alchemist | Akatsuki no Yona | Tamako Love Story | Rokka no Yuusha | Bleach Movie 4: Jigoku-hen | Heroic Age | Another: The Other - Inga | Kobato. | Pokemon Movie 01: Mewtwo no Gyakushuu | Kekkaishi,both_hit
4359,5680,79|101|471|849|2167|2966|3467|4181|4382|4975|5341|5504,12,Absolute Beginner,3,1,1,5680|5682|26243|853|25777|2201|11135|31374|4280|31629,101,K-On!,Shuffle! | Air | To Heart 2 | Suzumiya Haruhi no Yuuutsu | Clannad | Ookami to Koushinryou | Nogizaka Haruka no Himitsu | Clannad: After Story,K-On! | Phantom: Requiem for the Phantom | Owari no Seraph | Ouran Koukou Host Club | Shingeki no Kyojin Season 2 | Pokemon Movie 09: Pokemon Ranger to Umi no Ouji Manaphy | Hybrid Child | Shingeki! Kyojin Chuugakkou | Kara no Kyoukai Movie 4: Garan no Dou | Granblue Fantasy The Animation,both_hit
4388,9289,6|19|20|71|72|93|94|98|106|121|150|164|170|199|200|226|245|267|356|419,131,Amateur,6,5,4,7465|1829|2514|9289|10793|18429|32935|3420|66|4186,101,Hanasaku Iroha,Trigun | Monster | Naruto | Full Metal Panic! | Full Metal Panic? Fumoffu | Kidou Senshi Gundam SEED | Kidou Senshi Gundam SEED Destiny | Mai-HiME,Eve no Jikan (Movie) | Ged Senki | Meitantei Conan OVA 04: Conan to Kid to Crystal Mother | Hanasaku Iroha | Guilty Crown | Lupin III vs. Meitantei Conan: The Movie | Haikyuu!! Karasuno Koukou vs. Shiratorizawa Gakuen Koukou | Shigofumi | Azumanga Daiou The Animation | Koukaku no Regios,both_hit
4401,18153,356|849|4382|6547|8525|10080|10087|10805|11741|13125|14741|14813|15809|16009|16355|18229|18277|18671|20033|20541,38,Absolute Beginner,1,1,1,18153|28297|861|13367|30205|31821|17777|17641|39597|440,101,Kyoukai no Kanata,Fate/stay night | Suzumiya Haruhi no Yuuutsu | Suzumiya Haruhi no Yuuutsu (2009) | Angel Beats! | Kami nomi zo Shiru Sekai | Kami nomi zo Shiru Sekai II | Fate/Zero | Kami nomi zo Shiru Sekai: 4-nin to Idol,"Kyoukai no Kanata | Ore Monogatari!! | xxxHOLiC | Kono Naka ni Hitori, Imouto ga Iru! | Aoharu x Kikanjuu | Arslan Senki (TV): Fuujin Ranbu | Saikin, Imouto no Yousu ga Chotto Okashiinda ga. | Date A Live: Date to Date | Sword Art Online: Alicization - War of Underworld | Shoujo Kakumei Utena",both_hit
4405,1575,1|20|30|43|71|72|73|121|164|199|227|229|237|323|356|416|431|512|513|572,60,Amateur,1,1,1,1575|3001|10379|39792|7588|4975|41353|40060|38003|2594,101,Code Geass: Hangyaku no Lelouch,Cowboy Bebop | Naruto | Shinseiki Evangelion | Koukaku Kidoutai | Full Metal Panic! | Full Metal Panic? Fumoffu | Full Metal Panic! The Second Raid | Fullmetal Alchemist,Code Geass: Hangyaku no Lelouch | Moyashimon | Natsume Yuujinchou San | Eizouken ni wa Te wo Dasu na! | Saraiya Goyou | ChäoS;HEAd | The God of High School | BNA | Bungou Stray Dogs 3rd Season | Piano no Mori,both_hit
4418,317,1|5|6|30|31|33|43|47|71|72|73|97|98|145|164|199|201|202|205|223,82,Amateur,5,2,2,457|317|846|906|24415|587|221|1239|6280|5593,101,Final Fantasy VII: Advent Children,Cowboy Bebop | Cowboy Bebop: Tengoku no Tobira | Trigun | Shinseiki Evangelion | Shinseiki Evangelion Movie: Shi to Shinsei | Kenpuu Denki Berserk | Koukaku Kidoutai | Akira,Mushishi | Final Fantasy VII: Advent Children | School Rumble Ni Gakki | Dragon Ball Z Movie 13: Ryuuken Bakuhatsu!! Gokuu ga Yaraneba Dare ga Yaru | Kuroko no Basket 3rd Season | Hanbun no Tsuki ga Noboru Sora | Mezzo Forte | Bishoujo Senshi Sailor Moon SuperS | Cat Shit One | Dogs: Bullets & Carnage,both_hit
4435,1943,164|199|431|457|512|513|523|572|875|1530|1535|1689|2167|2236|2890|2924|5114|6746,18,Absolute Beginner,4,1,1,1943|587|1210|5941|21329|25157|6201|36882|10794|8937,101,Paprika,Mononoke Hime | Sen to Chihiro no Kamikakushi | Howl no Ugoku Shiro | Mushishi | Majo no Takkyuubin | Tenkuu no Shiro Laputa | Tonari no Totoro | Kaze no Tani no Nausicaä,Paprika | Hanbun no Tsuki ga Noboru Sora | NHK ni Youkoso! | Cross Game | Mushishi: Hihamukage | Trinity Seven | Princess Lover! | Arifureta Shokugyou de Sekai Saikyou | IS: Infinite Stratos Encore - Koi ni Kogareru Rokujuusou | Toaru Majutsu no Index II,both_hit
4547,11499,27|32|68|87|90|93|121|164|232|237|416|813|1195|1210|1292|1575|1668|2001|2025|2251,54,Amateur,6,97,18,1|31859|9756|256|29093|12231|35062|6030|21677|38422,101,Sankarea,"Trinity Blood | Shinseiki Evangelion Movie: Air/Magokoro wo, Kimi ni | Black Cat | Kidou Senshi Gundam: Gyakushuu no Char | Shin Kidou Senki Gundam Wing | Kidou Senshi Gundam SEED | Fullmetal Alchemist | Mononoke Hime",Cowboy Bebop | Hai to Gensou no Grimgar | Mahou Shoujo Madoka★Magica | Hoshi no Koe | Grisaia no Meikyuu: Caprice no Mayu 0 | Dragon Ball: Episode of Bardock | Mahoutsukai no Yome | Needless | Captain Earth | High Score Girl: Extra Stage,hybrid_failure_vs_popularity
4572,20709,26|218|240|245|323|387|486|634|2605|2924|3702|3731|4181|5005|8129|9989|10162|12035|30831|34537,20,Absolute Beginner,17,22,13,877|934|6377|32281|3652|28907|15417|1453|4021|7669,101,Sabage-bu!,Texhnolyze | Kidou Senkan Nadesico | Genshiken | Great Teacher Onizuka | Mousou Dairinin | Haibane Renmei | Kino no Tabi: The Beautiful World | Koi Kaze,"Nana | Higurashi no Naku Koro ni | Zan Sayonara Zetsubou Sensei | Kimi no Na wa. | Higurashi no Naku Koro ni Rei | Gate: Jieitai Kanochi nite, Kaku Tatakaeri | Gintama': Enchousen | Maison Ikkoku | Seiyou Kottou Yougashiten: Antique | ""Bungaku Shoujo"" Kyou no Oyatsu: Hatsukoi",both_miss
4603,33352,1|5|19|30|164|199|232|245|431|437|512|578|918|1535|1575|1889|2001|2904|4181|5081,83,Amateur,1,1,1,33352|43|32268|28677|16706|24133|1915|14653|2148|1690,101,Violet Evergarden,Cowboy Bebop | Cowboy Bebop: Tengoku no Tobira | Monster | Shinseiki Evangelion | Mononoke Hime | Sen to Chihiro no Kamikakushi | Cardcaptor Sakura | Great Teacher Onizuka,Violet Evergarden | Koukaku Kidoutai | Koyomimonogatari | Yamada-kun to 7-nin no Majo | Kami nomi zo Shiru Sekai: Megami-hen | Taimadou Gakuen 35 Shiken Shoutai | Mahou Shoujo Lyrical Nanoha StrikerS | Hayate no Gotoku! Can't Take My Eyes Off You | Okane ga Nai | Bokura no,both_hit
4639,104,30|43|60|61|71|72|73|101|120|122|142|164|177|198|199|226|257|317|322|356,112,Amateur,15,3,3,11757|10161|104|22|30240|9982|37141|161|13655|38101,101,Ayashi no Ceres,Shinseiki Evangelion | Koukaku Kidoutai | Chrno Crusade | D.N.Angel | Full Metal Panic! | Full Metal Panic? Fumoffu | Full Metal Panic! The Second Raid | Air,Sword Art Online | No.6 | Ayashi no Ceres | Tennis no Oujisama | Prison School | Fairy Tail OVA | Hataraku Saibou | Peace Maker Kurogane | Little Busters! | 5-toubun no Hanayome,hybrid_win
4664,957,45|135|431|1535|1575|1699|2246|2904|2966|4081|5114|5300|6045|6811|9253|10379|10408|11665|13601|14713,32,Absolute Beginner,17,6,6,21329|23847|17549|2685|3927|957|37779|31812|37141|38555,101,Saiunkoku Monogatari,Rurouni Kenshin: Meiji Kenkaku Romantan | Hikaru no Go | Howl no Ugoku Shiro | Death Note | Code Geass: Hangyaku no Lelouch | Romeo x Juliet | Mononoke | Code Geass: Hangyaku no Lelouch R2,Mushishi: Hihamukage | Yahari Ore no Seishun Love Comedy wa Machigatteiru. Zoku | Non Non Biyori | Tsubasa: Tokyo Revelations | Kidou Senshi Gundam 00 Second Season | Saiunkoku Monogatari | Yakusoku no Neverland | Kuroshitsuji Movie: Book of the Atlantic | Hataraku Saibou | Otome Game no Hametsu Flag shika Nai Akuyaku Reijou ni Tensei shiteshimatta...,hybrid_win
4711,14813,15|20|164|199|317|479|1316|1535|1614|1735|2116|2121|2472|2890|2952|3455|4654|4725|5114|5231,207,Good,1,1,1,14813|30727|17895|30694|18277|37989|19221|18661|481|34494,101,Yahari Ore no Seishun Love Comedy wa Machigatteiru.,Eyeshield 21 | Naruto | Mononoke Hime | Sen to Chihiro no Kamikakushi | Final Fantasy VII: Advent Children | Ueki no Housoku | Idaten Jump | Death Note,"Yahari Ore no Seishun Love Comedy wa Machigatteiru. | Saenai Heroine no Sodatekata ♭ | Golden Time | Dragon Ball Super | Strike the Blood | Golden Kamuy 2nd Season | Ore no Nounai Sentakushi ga, Gakuen Love Comedy wo Zenryoku de Jama Shiteiru | Kamisama Hajimemashita OVA | Yu☆Gi☆Oh! Duel Monsters | Sakura Quest",both_hit
4715,23199,853|6746|20507|20583|24833|28851|28891|30654|31043|31478|32093|32182|32867|32935|33071|33255|34612|35557|36904|37510,25,Absolute Beginner,3,1,1,23199|34414|33731|5040|1120|2164|918|857|400|893,101,Durarara!!x2 Shou,Ouran Koukou Host Club | Durarara!! | Noragami | Haikyuu!! | Ansatsu Kyoushitsu | Koe no Katachi | Haikyuu!! Second Season | Ansatsu Kyoushitsu 2nd Season,Durarara!!x2 Shou | Nanbaka 2 | Gabriel DropOut | One Outs | Pokemon Movie 05: Mizu no Miyako no Mamorigami Latias to Latios | Dennou Coil | Gintama | Air Gear | Seihou Bukyou Outlaw Star | Dragon Ball Movie 4: Saikyou e no Michi,both_hit
4763,11617,245|1535|11061|12729|15451|19815|20785|22319|23233|27899,10,Absolute Beginner,1,1,1,11617|36098|962|1366|2026|37430|3701|22865|32887|6,101,High School DxD,Great Teacher Onizuka | Death Note | Hunter x Hunter (2011) | High School DxD OVA | High School DxD New | No Game No Life | Mahouka Koukou no Rettousei | Tokyo Ghoul,High School DxD | Kimi no Suizou wo Tabetai | Aria the Natural | Meitantei Conan Movie 07: Meikyuu no Crossroad | Hayate no Gotoku! | Tensei shitara Slime Datta Ken | Kaiba | Rokujouma no Shinryakusha!? | Dungeon ni Deai wo Motomeru no wa Machigatteiru Darou ka Gaiden: Sword Oratoria | Trigun,both_hit
4785,16498,18|185|263|269|558|627|1535|1575|1604|1842|2904|5114|5258|9253|9989|10620|10793|11061|11757|15059,57,Amateur,1,1,1,16498|36474|30015|39597|154|11123|9751|28069|4177|1257,101,Shingeki no Kyojin,Initial D Fourth Stage | Initial D First Stage | Hajime no Ippo | Bleach | Major S2 | Major S1 | Death Note | Code Geass: Hangyaku no Lelouch,Shingeki no Kyojin | Sword Art Online: Alicization | ReLIFE | Sword Art Online: Alicization - War of Underworld | Shaman King | Sekaiichi Hatsukoi 2 | Strike Witches Movie | Shigatsu wa Kimi no Uso: Moments | Bounen no Xamdou | Saint Seiya: Meiou Hades Juuni Kyuu-hen,both_hit
4826,19815,60|101|355|1559|1575|1887|2026|2167|2787|2904|2966|4181|4224|4654|4744|5081|5341|5678|5909|5958,45,Absolute Beginner,1,2,2,6347|19815|35062|28999|16592|10800|38084|6203|40571|31240,101,No Game No Life,Chrno Crusade | Air | Shakugan no Shana | Shijou Saikyou no Deshi Kenichi | Code Geass: Hangyaku no Lelouch | Lucky☆Star | Hayate no Gotoku! | Clannad,Baka to Test to Shoukanjuu | No Game No Life | Mahoutsukai no Yome | Charlotte | Danganronpa: Kibou no Gakuen to Zetsubou no Koukousei The Animation | Chihayafuru | Fate/Grand Order: Zettai Majuu Sensen Babylonia | Sasameki Koto | Majo no Tabitabi | Re:Zero kara Hajimeru Isekai Seikatsu,both_hit
4843,122,20|64|65|106|120|121|199|322|325|334|343|430|431|469|476|527|528|586|587|793,112,Amateur,20,1,1,122|1142|39587|28497|27899|521|7711|34542|32108|44,101,Full Moon wo Sagashite,Naruto | Rozen Maiden | Rozen Maiden: Träumend | Hana yori Dango | Fruits Basket | Fullmetal Alchemist | Sen to Chihiro no Kamikakushi | Paradise Kiss,Full Moon wo Sagashite | Hachimitsu to Clover II | Re:Zero kara Hajimeru Isekai Seikatsu 2nd Season | Rokka no Yuusha | Tokyo Ghoul √A | Mermaid Melody Pichi Pichi Pitch | Karigurashi no Arrietty | Inuyashiki | Digimon Adventure tri. 2: Ketsui | Rurouni Kenshin: Meiji Kenkaku Romantan - Tsuioku-hen,hybrid_win
4858,2581,1|6|71|72|73|90|93|94|97|121|150|223|431|513|523|550|552|813|853|874,85,Amateur,8,1,1,2581|20159|1723|585|6045|27631|4224|14833|40858|15201,101,Kidou Senshi Gundam 00,Cowboy Bebop | Trigun | Full Metal Panic! | Full Metal Panic? Fumoffu | Full Metal Panic! The Second Raid | Shin Kidou Senki Gundam Wing | Kidou Senshi Gundam SEED | Kidou Senshi Gundam SEED Destiny,Kidou Senshi Gundam 00 | Pokemon: The Origin | Clannad Movie | Mimi wo Sumaseba | Kimi ni Todoke | God Eater | Toradora! | Maoyuu Maou Yuusha | Psycho-Pass 3: First Inspector | Code Geass: Boukoku no Akito 4 - Nikushimi no Kioku kara,both_hit
4895,8362,431|512|523|578|585|597|743|877|2890|3006|4224|7711|9253|15227|16782|21469|23289|27653|31043|35777,23,Absolute Beginner,55,35,44,10408|532|33489|2594|1016|3375|25013|5593|14293|20977,101,Crayon Shin-chan Movie 08: Arashi wo Yobu Jungle,Howl no Ugoku Shiro | Majo no Takkyuubin | Tonari no Totoro | Hotaru no Haka | Mimi wo Sumaseba | Neko no Ongaeshi | Umi ga Kikoeru | Nana,Hotarubi no Mori e | Bishoujo Senshi Sailor Moon S | Little Witch Academia (TV) | Piano no Mori | Gunnm | Kirepapa. | Akatsuki no Yona | Dogs: Bullets & Carnage | Nerawareta Gakuen | Tonari no Seki-kun OVA,both_miss
4913,11005,20|30|101|185|186|226|241|710|713|849|934|1195|1575|1689|1723|1840|1887|2001|2026|2034,101,Amateur,38,46,28,23321|855|77|25649|1239|10119|90|34984|7082|34451,101,Holy Knight,Naruto | Shinseiki Evangelion | Air | Initial D First Stage | Initial D Second Stage | Elfen Lied | Girls Bravo: First Season | Rec,Log Horizon 2nd Season | Strawberry Panic | Mahou Shoujo Lyrical Nanoha A's | Junjou Romantica 3 | Bishoujo Senshi Sailor Moon SuperS | Seitokai Yakuindomo OVA | Shin Kidou Senki Gundam Wing | Koi wa Ameagari no You ni | Shugo Chara! Party! | Kekkai Sensen & Beyond,both_miss
4952,237,1|5|6|19|30|32|33|51|57|60|67|71|73|97|98|99|102|121|133|156,94,Amateur,7,1,1,237|36098|1726|1686|26243|28297|558|1566|30484|209,101,Koukyoushihen Eureka Seven,"Cowboy Bebop | Cowboy Bebop: Tengoku no Tobira | Trigun | Monster | Shinseiki Evangelion | Shinseiki Evangelion Movie: Air/Magokoro wo, Kimi ni | Kenpuu Denki Berserk | Tenshi Kinryouku",Koukyoushihen Eureka Seven | Kimi no Suizou wo Tabetai | Devil May Cry | Bleach Movie 1: Memories of Nobody | Owari no Seraph | Ore Monogatari!! | Major S2 | Koukaku Kidoutai: Stand Alone Complex - Solid State Society | Steins;Gate 0 | R.O.D: The TV,both_hit
4956,23831,1|5|16|30|31|32|43|66|71|77|101|104|145|150|205|227|232|245|356|431,146,Amateur,58,38,58,5680|240|372|323|37349|8426|4192|1033|36511|451,101,Mahou Shoujo Madoka★Magica Movie 3: Hangyaku no Monogatari - Magica Quartet x Nisioisin,"Cowboy Bebop | Cowboy Bebop: Tengoku no Tobira | Hachimitsu to Clover | Shinseiki Evangelion | Shinseiki Evangelion Movie: Shi to Shinsei | Shinseiki Evangelion Movie: Air/Magokoro wo, Kimi ni | Koukaku Kidoutai | Azumanga Daiou The Animation",K-On! | Genshiken | Cardcaptor Sakura Movie 2: Fuuin Sareta Card | Mousou Dairinin | Goblin Slayer | Hourou Musuko | Hayate no Gotoku!! | Sennen Joyuu | Tokyo Ghoul:re | InuYasha Movie 3: Tenka Hadou no Ken,both_miss
4980,22777,1|5|6|19|20|30|32|33|47|57|71|72|73|154|164|202|205|245|263|267,148,Amateur,15,4,4,35790|11843|150|22777|36862|6325|11837|1606|5781|21877,101,Dragon Ball Kai (2014),"Cowboy Bebop | Cowboy Bebop: Tengoku no Tobira | Trigun | Monster | Naruto | Shinseiki Evangelion | Shinseiki Evangelion Movie: Air/Magokoro wo, Kimi ni | Kenpuu Denki Berserk",Tate no Yuusha no Nariagari | Danshi Koukousei no Nichijou | Blood+ | Dragon Ball Kai (2014) | Made in Abyss Movie 3: Fukaki Tamashii no Reimei | Naruto: Shippuuden Movie 3 - Hi no Ishi wo Tsugu Mono | Zetman | Kekkaishi | Isekai no Seikishi Monogatari | High Score Girl,hybrid_win
4983,8857,30|32|226|269|270|317|889|1195|1519|1535|1575|1686|1840|2026|2246|2593|2904|2966|3326|3455,118,Amateur,15,9,9,2025|21881|4472|13333|24997|13469|37779|14199|8857|35756,101,Nichijou: Nichijou no 0-wa,"Shinseiki Evangelion | Shinseiki Evangelion Movie: Air/Magokoro wo, Kimi ni | Elfen Lied | Bleach | Hellsing | Final Fantasy VII: Advent Children | Black Lagoon | Zero no Tsukaima",Darker than Black: Kuro no Keiyakusha | Sword Art Online II | Lucky☆Star: Original na Visual to Animation | Tari Tari | Love Live! The School Idol Movie | Hyouka: Motsubeki Mono wa | Yakusoku no Neverland | Oniichan dakedo Ai sae Areba Kankeinai yo ne! | Nichijou: Nichijou no 0-wa | Comic Girls,hybrid_win
5033,10271,1589|3002|7465|7588|19775|22135,6,Absolute Beginner,14,2,2,457|10271|227|16918|27989|584|2112|23847|29803|12053,101,Gyakkyou Burai Kaiji: Hakairoku-hen,Bartender | Gyakkyou Burai Kaiji: Ultimate Survivor | Eve no Jikan (Movie) | Saraiya Goyou | Sidonia no Kishi | Ping Pong the Animation,Mushishi | Gyakkyou Burai Kaiji: Hakairoku-hen | FLCL | Gin no Saji | Hibike! Euphonium | Noein: Mou Hitori no Kimi e | Over Drive | Yahari Ore no Seishun Love Comedy wa Machigatteiru. Zoku | Overlord | Mardock Scramble: The Third Exhaust,hybrid_win
5046,31240,30|2904|4181|6547|13659|14813|15809|16498|18679|18897|19369|19815|22147|22729|23289|25777|30276|30831|32281|38524,20,Absolute Beginner,1,1,1,31240|33161|14467|13535|22535|1562|10464|16904|33929|570,101,Re:Zero kara Hajimeru Isekai Seikatsu,Shinseiki Evangelion | Code Geass: Hangyaku no Lelouch R2 | Clannad: After Story | Angel Beats! | Ore no Imouto ga Konnani Kawaii Wake ga Nai. | Yahari Ore no Seishun Love Comedy wa Machigatteiru. | Hataraku Maou-sama! | Shingeki no Kyojin,Re:Zero kara Hajimeru Isekai Seikatsu | Yahari Ore no Seishun Love Comedy wa Machigatteiru. Zoku OVA | K | Binbougami ga! | Kiseijuu: Sei no Kakuritsu | Yamato Nadeshiko Shichihenge♥ | Seitokai no Ichizon Lv.2 | K: Missing Kings | Boku no Hero Academia: Sukue! Kyuujo Kunren! | Jin-Rou,both_hit
5054,6172,22|54|64|65|80|82|85|87|90|91|92|93|94|96|97|101|152|185|223|226,248,Good,23,16,16,6922|37999|16668|31988|6811|23283|18115|435|22777|721,101,Layton Kyouju to Eien no Utahime,Tennis no Oujisama | Appleseed (Movie) | Rozen Maiden | Rozen Maiden: Träumend | Kidou Senshi Gundam | Kidou Senshi Gundam 0080: Pocket no Naka no Sensou | Kidou Senshi Zeta Gundam | Kidou Senshi Gundam: Gyakushuu no Char,Fate/stay night Movie: Unlimited Blade Works | Kaguya-sama wa Kokurasetai: Tensai-tachi no Renai Zunousen | Kakumeiki Valvrave | Hibike! Euphonium 2 | InuYasha: Kanketsu-hen | Zankyou no Terror | Magi: The Kingdom of Magic | Magic Knight Rayearth | Dragon Ball Kai (2014) | Princess Tutu,both_miss
5070,33049,1|20|32|185|199|245|268|339|355|356|861|1535|1575|1604|1735|2787|2904|3091|4918|5040,107,Amateur,8,2,2,11843|33049|36474|437|3092|4192|9471|18119|9379|38790,101,Fate/stay night Movie: Heaven's Feel - II. Lost Butterfly,"Cowboy Bebop | Naruto | Shinseiki Evangelion Movie: Air/Magokoro wo, Kimi ni | Initial D First Stage | Sen to Chihiro no Kamikakushi | Great Teacher Onizuka | Golden Boy | Serial Experiments Lain",Danshi Koukousei no Nichijou | Fate/stay night Movie: Heaven's Feel - II. Lost Butterfly | Sword Art Online: Alicization | Perfect Blue | Junjou Romantica | Hayate no Gotoku!! | Baka to Test to Shoukanjuu: Matsuri | Servant x Service | Denpa Onna to Seishun Otoko | Itai no wa Iya nanode Bougyoryoku ni Kyokufuri Shitai to Omoimasu.,both_hit
5108,1240,1|30|32|59|164|227|339|527|528|532|650|740|997|1239|1251|2290|2759|2890|3784|3785,30,Absolute Beginner,26,1,1,1240|2685|12403|32526|2006|37491|4551|19489|34086|25283,101,Bishoujo Senshi Sailor Moon SuperS: Sailor 9 Senshi Shuuketsu! Black Dream Hole no Kiseki,"Cowboy Bebop | Shinseiki Evangelion | Shinseiki Evangelion Movie: Air/Magokoro wo, Kimi ni | Chobits | Mononoke Hime | FLCL | Serial Experiments Lain | Pokemon",Bishoujo Senshi Sailor Moon SuperS: Sailor 9 Senshi Shuuketsu! Black Dream Hole no Kiseki | Tsubasa: Tokyo Revelations | Yuru Yuri♪♪ | Love Live! Sunshine!! | Yu☆Gi☆Oh! (Movie) | Gintama. Shirogane no Tamashii-hen - Kouhan-sen | Hakushaku to Yousei | Little Witch Academia: Mahoujikake no Parade | Tales of Zestiria the Cross 2nd Season | Kuusen Madoushi Kouhosei no Kyoukan,hybrid_win
5110,2692,1|5|7|16|26|32|47|48|54|64|65|66|76|77|79|90|91|101|106|116,310,Good,69,35,49,1172|721|150|1824|8937|459|28907|553|8074|651,101,CB Chara Go Nagai World,"Cowboy Bebop | Cowboy Bebop: Tengoku no Tobira | Witch Hunter Robin | Hachimitsu to Clover | Texhnolyze | Shinseiki Evangelion Movie: Air/Magokoro wo, Kimi ni | Akira | .hack//Sign","Slayers Try | Princess Tutu | Blood+ | Hadashi no Gen | Toaru Majutsu no Index II | One Piece Movie 01 | Gate: Jieitai Kanochi nite, Kaku Tatakaeri | Yami no Matsuei | Highschool of the Dead | Green Green Thirteen: Erolutions",both_miss
5127,9989,1|30|32|43|226|431|437|777|813|849|918|1535|1575|1943|2167|2759|2904|2966|3784|4181,98,Amateur,1,1,1,9989|227|2889|6747|7058|34798|11917|2403|186|451,101,Ano Hi Mita Hana no Namae wo Bokutachi wa Mada Shiranai.,"Cowboy Bebop | Shinseiki Evangelion | Shinseiki Evangelion Movie: Air/Magokoro wo, Kimi ni | Koukaku Kidoutai | Elfen Lied | Howl no Ugoku Shiro | Perfect Blue | Hellsing Ultimate",Ano Hi Mita Hana no Namae wo Bokutachi wa Mada Shiranai. | FLCL | Bleach Movie 2: The DiamondDust Rebellion - Mou Hitotsu no Hyourinmaru | Dance in the Vampire Bund | Uragiri wa Boku no Namae wo Shitteiru | Yuru Camp△ | Major: World Series | Kodomo no Jikan (TV) | Initial D Second Stage | InuYasha Movie 3: Tenka Hadou no Ken,both_hit
