tag_type,tag,count,count_after_pruning,weight_rows,positive_weight_rows,zero_weight_rows,avg_weight,protected_mal_theme,drop_candidate,example_titles
tag,Little Black Sambo,1,0,1,0,1,0.0,False,True,Star Driver: Kagayaki no Takuto
tag,Muay Thai,1,0,1,1,0,400.0,False,True,Shijou Saikyou no Deshi Kenichi
tag,acrobatic diving,1,0,1,1,0,600.0,False,True,Dive!!
tag,body swap,1,0,1,0,1,0.0,False,True,Beyblade X
tag,mother-daughter incest,1,0,1,0,1,0.0,False,True,Kill la Kill
tag,only the beginning,1,0,1,0,1,0.0,False,True,Haibane Renmei
tag,para para,1,0,1,0,1,0.0,False,True,Super GALS! Kotobuki Ran
tag,sister-sister incest,1,0,1,0,1,0.0,False,True,Simoun
tag,skateboarding,1,0,1,0,1,0.0,False,True,SK∞
tag,soft tennis,1,0,1,1,0,600.0,False,True,Hoshiai no Sora
tag,uncle-niece incest,1,0,1,0,1,0.0,False,True,Subete ga F ni Naru
tag,wheelchair basketball,1,0,1,1,0,600.0,False,True,Breakers
tag,Moby-Dick,2,0,2,0,2,0.0,False,True,Hakugei Densetsu | Bakemono no Ko
tag,The Spider`s Thread,2,0,2,0,2,0.0,False,True,Aoi Bungaku Series | Kumo no Ito
tag,acrobatics,2,0,2,2,0,400.0,False,True,Kaleido Star | Kaleido Star: Aratanaru Tsubasa - Extra Stage
tag,art nouveau,2,0,2,0,2,0.0,False,True,Gosick | Natsuyuki Rendezvous
tag,inverted gravity,2,0,2,0,2,0.0,False,True,Sakasama no Patema | Kimetsu no Yaiba
tag,nyotaimori,2,0,2,0,2,0.0,False,True,HenSemi (TV) | Higurashi no Naku Koro ni Kira
tag,rampant biomass,2,0,2,2,0,350.0,False,True,Kemono Friends 2 | A.I.C.O. Incarnation
tag,yosakoi,2,0,2,0,2,0.0,False,True,Golden Time | Hanayamata
tag,Cinderella,3,0,3,0,3,0.0,False,True,Cinderella Monogatari | Hello Kitty no Cinderella | Burn the Witch
tag,Yotsuya Kaidan,3,0,3,0,3,0.0,False,True,Ayakashi: Japanese Classic Horror | Hoozuki no Reitetsu | Kyoufu Shinbun (2014)
tag,climbing,3,0,3,3,0,266.67,False,True,Uzaki-chan wa Asobitai! | Iwa Kakeru! Sport Climbing Girls | Tomorrow's Leaves
tag,competitive beach volleyball,3,0,3,3,0,533.33,False,True,Harukana Receive | Harukana Receive: Yokoku | Binkan Athlete
tag,eyeball licking,3,0,3,0,3,0.0,False,True,Gilgamesh | Ice | Tokyo Ghoul
tag,father-daughter incest,3,0,3,0,3,0.0,False,True,Kyougoku Natsuhiko: Kousetsu Hyaku Monogatari | Mouryou no Hako | Dark Gathering
tag,geology,3,0,3,3,0,366.67,False,True,Guskou Budori no Denki | Koisuru Asteroid | Ruri no Houseki
tag,kabuki,3,0,3,0,3,0.0,False,True,Meitantei Conan | Kabuki-bu! | Kageki Shoujo!!
tag,mockumentary,3,0,3,0,3,0.0,False,True,Otaku no Video | Tachiguishi Retsuden | Aru Nihon no Ekaki Shounen
tag,American football,4,0,4,4,0,325.0,False,True,Eyeshield 21 | Kiss wa Hitomi ni Shite | UFO Senshi Dai Apolon | Cipher
tag,Gulliver`s Travels,4,0,4,0,4,0.0,False,True,Gulliver no Uchuu Ryokou | Gulliver Funtouki | Stray Sheep: Poe no Chicchana Daibouken | Kerokero Keroppi no Gulliver no Bouken
tag,Sleeping Beauty,4,0,4,0,4,0.0,False,True,"Kumo no Mukou, Yakusoku no Basho | Kanon (2006) | Ginga Tansa 2100-nen: Border Planet | Ibara no Ou"
tag,blackjack,4,0,4,0,4,0.0,False,True,Mardock Scramble: The First Compression | Rio: Rainbow Gate! | Mardock Scramble: The Second Combustion | Mardock Scramble: The Third Exhaust
tag,harem member pov,4,0,4,0,4,0.0,False,True,Happy Seven: The TV Manga | Tsuyokiss | Happiness! | Happiness!: Watarase Jun no Kareinaru Ichinichi
tag,high jump,4,0,4,0,4,0.0,False,True,Suzuka | Shin Angyo Onshi | Battle Athletess Daiundoukai (TV) | Tomorrow's Leaves
tag,ino-shika-chou,4,0,4,0,4,0.0,False,True,Naruto | Kamichu! | Naruto: Shippuuden | Summer Wars
tag,koi koi,4,0,4,0,4,0.0,False,True,Naruto | Kamichu! | Naruto: Shippuuden | Summer Wars
tag,mother-son incest,4,0,4,0,4,0.0,False,True,Gankutsuou | Seto no Hanayome | Uchuu Kaizoku Mito no Daibouken: Futari no Joou-sama | Diabolik Lovers
tag,popularity fetish,4,0,4,0,4,0.0,False,True,Kareshi Kanojo no Jijou | Maria†Holic | Maria†Holic Alive | Watashi ga Motenai no wa Dou Kangaetemo Omaera ga Warui!
tag,softball,4,0,4,0,4,0.0,False,True,Slow Step | Shigatsu wa Kimi no Uso | Orange | Akina to Onsen de H Shiyo!
tag,Ainu mythology,5,0,5,0,5,0.0,False,True,Tenpou Ibun: Ayakashi Ayashi | Kobayashi-san Chi no Maid Dragon | Golden Kamuy | Golden Kamuy 2nd Season | Golden Kamuy 3rd Season
tag,Night on the Galactic Railroad,5,0,5,0,5,0.0,False,True,"Hanbun no Tsuki ga Noboru Sora | Ginga Tetsudou no Yoru | Ginga Tetsudou no Yoru: Fantasy Railroad in the Stars | ""Bungaku Shoujo"" Memoire | Giovanni no Shima"
tag,Snow White,5,0,5,0,5,0.0,False,True,Shin Shirayuki-hime Densetsu Prétear | Shirayuki Hime no Densetsu | Amada Anime Series: Super Mario Brothers | Hello Kitty no Shirayuki-hime | RWBY: Hyousetsu Teikoku
tag,The Wizard of Oz,5,0,5,0,5,0.0,False,True,OZ | Oz no Mahoutsukai (TV) | Space Oz no Bouken | Oz no Mahoutsukai | Ozmafia!!
tag,battlefield of dreams,5,0,5,0,5,0.0,False,True,Yumeria | Yume Tsukai | Yumekui Merry | Kyoukai no Kanata | Kyoukai no Kanata: Idol Saiban! Mayoi Nagara mo Kimi wo Sabaku Tami
tag,courtroom drama,5,0,5,0,5,0.0,False,True,"Meitantei Conan | Elf wo Karu Mono-tachi | Wizard Barristers: Benmashi Cecil | Gyakuten Saiban: Sono ""Shinjitsu"", Igi Ari! | Enzai"
tag,endless battles,5,0,5,0,5,0.0,False,True,Yakitate!! Japan | Dragon Ball Z | Saint Seiya | Tenkuu Senki Shurato | Hunter x Hunter (2011)
tag,red ones go faster,5,0,5,0,5,0.0,False,True,Kidou Senshi Gundam | Kidou Senshi Gundam 00 | Dash! Yonkurou | Mirai Robo Daltanias | Kämpfer
tag,secret service,5,0,5,0,5,0.0,False,True,Final Approach | Najica Dengeki Sakusen | California Crisis: Tsuigeki no Juuka | Inu x Boku SS | Centaur no Nayami
tag,Hakkenden,6,0,6,0,6,0.0,False,True,The Hakkenden | Shin Hakkenden | The Hakkenden: Shin Shou | Fuse: Teppou Musume no Torimonochou | Hakkenden: Touhou Hakken Ibun
tag,Hyakunin Isshu,6,0,6,0,6,0.0,False,True,Chihayafuru | Chouyaku Hyakuninisshu: Uta Koi. | Chihayafuru 2 | Chihayafuru 2: Waga Miyo ni Furu Nagame Shima ni | Meitantei Conan Movie 21: Karakurenai no Love Letter
tag,Robinson Crusoe,6,0,6,0,6,0.0,False,True,Digimon Adventure | Mujin Wakusei Survive | Kazoku Robinson Hyouryuuki: Fushigi na Shima no Flone | Hinamatsuri | Kanata no Astra
tag,breast expansion,6,0,6,0,6,0.0,False,True,One Piece | Magical Canan | Baby☆Love | Dororon Enma-kun Meeramera | Mahou Sensou
tag,choose your route,6,0,6,0,6,0.0,False,True,Issho ni Sleeping: Sleeping with Hinako | Attraction | PriPara Movie: Mi~nna Atsumare! Prism☆Tours | Big Order | Hallelujah: Unmei no Sentaku
tag,documentary,6,0,6,0,6,0.0,False,True,Kore ga UFO da! Soratobu Enban | Miyamoto Musashi: Souken ni Haseru Yume | Natsufuku no Shoujo-tachi | Document Taiyou no Kiba Dougram | Bokura Mangaka: Tokiwasou Monogatari
tag,evil american,6,0,6,0,6,0.0,False,True,Mai-HiME | Moonlight Mile 2nd Season: Touch Down | Blassreiter | Eureka Seven AO | Kuroi Ame ni Utarete
tag,roulette,6,0,6,0,6,0.0,False,True,Mardock Scramble: The First Compression | Rio: Rainbow Gate! | Norageki! | Mardock Scramble: The Second Combustion | Mardock Scramble: The Third Exhaust
tag,symbiotic creatures,6,0,6,0,6,0.0,False,True,Juuni Kokuki | Kurau Phantom Memory | Tokyo Mew Mew | Narutaru: Mukuro Naru Hoshi Tama Taru Ko | Anyamal Tantei Kiruminzoo
tag,time dilation,6,0,6,0,6,0.0,False,True,Hoshi no Koe | Narue no Sekai | Top wo Nerae! Gunbuster | Soukou no Strain | Top wo Nerae! & Top wo Nerae 2! Gattai Movie!!
tag,world government,6,0,6,0,6,0.0,False,True,Kidou Senshi Gundam | Kidou Senshi Zeta Gundam | Kidou Senshi Gundam SEED Destiny | Macross | Kidou Senshi Gundam 00 Second Season
tag,Persian mythology,7,0,7,0,7,0.0,False,True,Lupin III: Babylon no Ougon Densetsu | Arslan Senki | Senya Ichiya Monogatari | Campione! Matsurowanu Kamigami to Kamigoroshi no Maou | Arslan Senki (TV)
tag,grail in the garbage,7,0,7,0,7,0.0,False,True,Chobits | Zero no Tsukaima | Death Note | Space Cobra | Boushoku no Berserk
tag,guro,7,0,7,0,7,0.0,False,True,Kyougoku Natsuhiko: Kousetsu Hyaku Monogatari | Malice@Doll | Kämpfer | Blood-C | Blood-C: None-None Gekijou
tag,mecha musume,7,0,7,0,7,0.0,False,True,Strike Witches OVA | Strike Witches | Strike Witches 2 | Strike Witches Movie | Busou Shinki Moon Angel
tag,organic spaceship,7,0,7,0,7,0.0,False,True,Musekinin Kanchou Tylor | Macross: Do You Remember Love? | Outlanders | Gall Force 3: Stardust War | Salamander
tag,scary dad,7,0,7,0,7,0.0,False,True,Sumomomo Momomo: Chijou Saikyou no Yome | Seto no Hanayome | Nogizaka Haruka no Himitsu | Seto no Hanayome OVA | Nogizaka Haruka no Himitsu Purezza ♪
tag,ukiyo-e,7,0,7,0,7,0.0,False,True,Samurai Champloo | Gankutsuou | Ayakashi: Japanese Classic Horror | xxxHOLiC | Sarusuberi: Miss Hokusai
tag,Run Melos!,8,0,8,0,8,0.0,False,True,Boukyaku no Senritsu | Hashire Melos (Movie) | Aoi Bungaku Series | Hashire Melos (1981) | Amagami SS
tag,Urashima Tarou,8,0,8,0,8,0.0,False,True,Urusei Yatsura 2: Beautiful Dreamer | Urashima Tarou (1931) | Urashima Tarou (supposed title) | Namiuchigiwa no Muromi-san | Namiuchigiwa no Muromi-san: Pangea Chou Tairiku no Muromi-san
tag,ballet,8,0,8,0,8,0.0,False,True,Princess Tutu | Shugo Chara! | RideBack | Mujaki no Rakuen | Hana to Alice: Satsujin Jiken
tag,frame story,8,0,8,0,8,0.0,False,True,Princess Tutu | Manie-Manie: Meikyuu Monogatari | Batman: Gotham Knight | Oretachi ni Tsubasa wa Nai: Under the Innocent Sky. | Sengoku Collection
tag,group love,8,0,8,0,8,0.0,False,True,Futakoi Alternative | Shinsekai yori | Noragami | Hisone to Maso-tan | Strike the Blood Final
tag,high-class world,8,0,8,0,8,0.0,False,True,Hana yori Dango | Maria-sama ga Miteru | Ouran Koukou Host Club | Kuroshitsuji | Citrus
tag,living weapons,8,0,8,0,8,0.0,False,True,Figure 17: Tsubasa & Hikaru | Erementar Gerad | Dallos | Dallos Special | Upotte!!
tag,magical boy,8,0,8,0,8,0.0,False,True,"Kamichama Karin | Kore wa Zombie desu ka? | Prism Magical: Prism Generations! | Kore wa Zombie desu ka? of the Dead | Kore wa Zombie desu ka? of the Dead: Hai, Minotake ni Attemasu"
tag,techno music,8,0,8,0,8,0.0,False,True,Interstella5555: The 5tory of The 5ecret 5tar 5ystem | Murder Princess | Senki Zesshou Symphogear | Senki Zesshou Symphogear G | ClassicaLoid
tag,the lives of mini-people,8,0,8,0,8,0.0,False,True,Strange Dawn | Aa! Megami-sama!: Chicchai tte Koto wa Benri da ne | Binzume Yousei | Binchou-tan | Karigurashi no Arrietty
tag,Kaguya-hime,9,0,9,0,9,0.0,False,True,InuYasha Movie 2: Kagami no Naka no Mugenjou | Bishoujo Senshi Sailor Moon S: Kaguya-hime no Koibito | Oh! Edo Rocket | Kaguya-hime no Monogatari | Hello Kitty no Kaguya-hime
tag,animal transforms into weapon,9,0,9,0,9,0.0,False,True,Ou Dorobou Jing | Seihou Tenshi Angel Links | Rosario to Vampire Capu2 | Mardock Scramble: The First Compression | Mardock Scramble: The Second Combustion
tag,complete manga adaptation,9,0,9,0,9,0.0,False,True,Hellsing Ultimate | Dragon Ball Z | Fullmetal Alchemist: Brotherhood | Hatsukoi Limited. | Ansatsu Kyoushitsu
tag,flying boats,9,0,9,0,9,0.0,False,True,Kurenai no Buta | Aria the Animation | Aria the Natural | Eden's Bowy | Aria the Origination
tag,hand signs,9,0,9,0,9,0.0,False,True,Naruto | Tales of Phantasia The Animation | Naruto: Shippuuden | Kujakuou | 11eyes
tag,hip-hop,9,0,9,0,9,0.0,False,True,Samurai Champloo | Afro Samurai | Tokyo Tribe 2 | Afro Samurai: Resurrection | Tonkatsu DJ Agetarou
tag,psychedelic,9,0,9,0,9,0.0,False,True,Mousou Dairinin | Mind Game | Kanashimi no Belladonna | Genius Party Beyond | Kick-Heart
tag,quantum mechanics,9,0,9,0,9,0.0,False,True,"RahXephon | Divergence Eve | Divergence Eve 2: Misaki Chronicles | Kumo no Mukou, Yakusoku no Basho | Kurau Phantom Memory"
tag,religious persecution,9,0,9,0,9,0.0,False,True,Scrapped Princess | Hellsing | Ookami to Koushinryou | Ookami to Koushinryou II | Berserk
tag,undefeatable spaceship,9,0,9,0,9,0.0,False,True,Densetsu Kyojin Ideon | Glass no Kantai: La Legende du Vent de l'Univers | Sol Bianca: Taiyou no Fune | Cosmo Warrior Zero | Waga Seishun no Arcadia: Mugen Kidou SSX
tag,Chinese zodiac,10,0,10,0,10,0.0,False,True,Fruits Basket | Cardcaptor Sakura | Juuni Senshi Bakuretsu Eto Ranger | Etotama | Juuni Taisen
tag,Happy Science,10,0,10,0,10,0.0,False,True,Ougon no Hou: El Cantare no Rekishikan | Hermes: Ai wa Kaze no Gotoku | Eien no Hou | Buddha Saitan | Taiyou no Hou: El Cantare e no Michi
tag,aphrodisiac,10,0,10,0,10,0.0,False,True,Zero no Tsukaima | Moyashimon | Haiyore! Nyaruko-san W | Haiyore! Nyaruko-san W: W ni Sayonara/Kono Onsen ni Koi no Konton wo | Manaria Friends
tag,kamikaze,10,0,10,0,10,0.0,False,True,Koukyoushihen Eureka Seven | Saishuu Heiki Kanojo: Another Love Song | Neo Ranga | The Cockpit | Blassreiter
tag,religious conflicts,10,0,10,0,10,0.0,False,True,Flag | Buddha Saitan | Toaru Majutsu no Index II | Godzilla 1: Kaijuu Wakusei | Tate no Yuusha no Nariagari
tag,series end,10,0,10,0,10,0.0,False,True,Urusei Yatsura Movie 5: Kanketsu-hen | Kimagure Orange☆Road: Ano Hi ni Kaeritai | Maison Ikkoku: Kanketsu-hen | Shin Evangelion Movie:|| | InuYasha: Kanketsu-hen
tag,slow motion,10,0,10,0,10,0.0,False,True,Kyou no 5 no 2 | Uchuu no Kishi Tekkaman | Dirty Pair: The Movie | Ultraviolet: Code 044 | Kyou no 5 no 2 (TV)
tag,special bullet,10,0,10,0,10,0.0,False,True,Trinity Blood | Blood+ | Final Fantasy: Unlimited | Hyper Police | Katekyou Hitman Reborn!
tag,tuning,10,0,10,0,10,0.0,False,True,Initial D Fourth Stage | Initial D First Stage | Wangan Midnight | Initial D Battle Stage 2 | Initial D Fifth Stage
tag,chemical weapons,11,0,11,0,11,0.0,False,True,Kidou Senshi Gundam: Dai 08 MS Shoutai | Kidou Senshi Zeta Gundam | Narutaru: Mukuro Naru Hoshi Tama Taru Ko | Pumpkin Scissors | Darker than Black: Kuro no Keiyakusha
tag,concentration camp,11,0,11,0,11,0.0,False,True,Devilman Lady | Muteki Choujin Zambot 3 | Ginga Hyouryuu Vifam | Senjou no Valkyria | Junod
tag,gaslamp fantasy,11,0,11,0,11,0.0,False,True,Howl no Ugoku Shiro | Pandora Hearts | Gosick | Machine-Doll wa Kizutsukanai | Kimetsu no Yaiba
tag,ghost hunting,11,0,11,0,11,0.0,False,True,Gakkou no Kaidan | Teizokurei Daydream | Ghost Hunt | GS Mikami | Ga-Rei: Zero
tag,human - god relationship,11,0,11,0,11,0.0,False,True,"Eden's Bowy | Inari, Konkon, Koi Iroha. | Noragami | Noragami OVA | Kamigami no Asobi"
tag,mutation,11,0,11,0,11,0.0,False,True,Sunabouzu | I: Wish You Were Here | Bio Hunter | Barom One | Skull Man
tag,ominous future,11,0,11,0,11,0.0,False,True,Katekyou Hitman Reborn! | Dirty Pair: The Movie | Toki no Tabibito: Time Stranger | Kurozuka | Planzet
tag,poetry,11,0,11,0,11,0.0,False,True,X | Peace Maker Kurogane | The Third: Aoi Hitomi no Shoujo | Fuyu no Hi | Chouyaku Hyakuninisshu: Uta Koi.
tag,secret military unit,11,0,11,0,11,0.0,False,True,Moekan The Animation | Pumpkin Scissors | Daimajuu Gekitou: Hagane no Oni | Gear Fighter Dendoh | GR: Giant Robo
tag,twisted love,11,0,11,0,11,0.0,False,True,Aishiteruze Baby★★ | Glass no Kantai: La Legende du Vent de l'Univers | Baccano! | Durarara!! | Mirai Nikki
tag,unexpected inheritance,11,0,11,0,11,0.0,False,True,Jungle wa Itsumo Hare nochi Guu Final | Hanaukyou Maid-tai | Hanaukyou Maid-tai: La Verite | Hanaukyou Maid-tai OVA | Princess Lover!
tag,Egyptian mythology,12,0,12,0,12,0.0,False,True,Tezuka Osamu no Kyuuyaku Seisho Monogatari: In the Beginning | Kamigami no Asobi | JoJo no Kimyou na Bouken Part 3: Stardust Crusaders - Egypt-hen | Kyoufu Shinbun (2014) | Kamigami no Ki
tag,One Thousand and One Nights,12,0,12,0,12,0.0,False,True,Arabian Nights: Sindbad no Bouken (TV) | Senya Ichiya Monogatari | Sekai Meisaku Douwa: Aladdin to Mahou no Lamp | 1001 Nights | Magi: The Labyrinth of Magic
tag,castaway,12,0,12,0,12,0.0,False,True,Mujin Wakusei Survive | Nagasarete Airantou | Kazoku Robinson Hyouryuuki: Fushigi na Shima no Flone | Cross Ange: Tenshi to Ryuu no Rondo | Valkyrie Drive: Mermaid
tag,childhood town,12,0,12,0,12,0.0,False,True,Wind: A Breath of Heart OVA | Kanon (2006) | Sora no Manimani | Fortune Arterial: Akai Yakusoku | Boku dake ga Inai Machi
tag,cram school,12,0,12,0,12,0.0,False,True,Sakura Tsuushin | Genki Bakuhatsu Ganbaruger | Ougon Senshi Gold Lightan | Amagami SS+ Plus | Love Lab
tag,fighting dolls,12,0,12,0,12,0.0,False,True,Kidou Tenshi Angelic Layer | Rozen Maiden | Rozen Maiden: Träumend | Burn Up! W | Ichigeki Sacchuu!! Hoihoi-san
tag,heavy metal music,12,0,12,0,12,0.0,False,True,Murder Princess | Detroit Metal City | K-On!! | Aa! Megami-sama! (2011) | Aggressive Retsuko
tag,euro-beat,13,0,13,0,13,0.0,False,True,Initial D Fourth Stage | Initial D First Stage | Initial D Second Stage | Initial D Third Stage | Dear Boys
tag,inconclusive romantic plot,13,0,13,0,13,0.0,False,True,Isekai no Seikishi Monogatari | Sora no Manimani | Asura Cryin' 2 | Baka to Test to Shoukanjuu Ni! | Boku wa Tomodachi ga Sukunai: Relay Shousetsu wa Ketsumatsu ga Hanpanai
tag,man vs nature,13,0,13,0,13,0.0,False,True,Mononoke Hime | Giniro no Kami no Agito | Coo: Tooi Umi kara Kita Coo | Mashin Eiyuuden Wataru | Guskou Budori no Denki
tag,out-of-place artefact,13,0,13,0,13,0.0,False,True,Spriggan | Seisenshi Dunbine | Taiyou no Ko Esteban | Mirai Shounen Conan 2: Taiga Daibouken | Ryuusei no Rockman Tribe
tag,pachinko,13,0,13,0,13,0.0,False,True,Witch Hunter Robin | Yomigaeru Sora: Rescue Wings | Maison Ikkoku | Nerima Daikon Brothers | Hanada Shounen-shi
tag,sea monsters,13,0,13,0,13,0.0,False,True,One Piece | Kaze wo Mita Shounen | Fushigi no Umi no Nadia | WXIII Kidou Keisatsu Patlabor | Sirius no Densetsu
tag,space western,13,0,13,0,13,0.0,False,True,Cowboy Bebop | Cowboy Bebop: Tengoku no Tobira | Trigun | Wild Arms: Twilight Venom | Seihou Bukyou Outlaw Star
tag,superstition,13,0,13,0,13,0.0,False,True,Mai-HiME | Mushishi | Burn Up Scramble | xxxHOLiC | D.Gray-man
tag,twincest,13,0,13,0,13,0.0,False,True,Shakugan no Shana | Black Lagoon: The Second Barrage | Shakugan no Shana: Koi to Onsen no Kougai Gakushuu! | Seraphim Call | Myself; Yourself
tag,uniform fetish,13,0,13,0,13,0.0,False,True,Fullmetal Alchemist | Fullmetal Alchemist: Premium Collection | Cyclops Shoujo Saipuu | Youjo Senki | Youjo Shenki
tag,vile protagonist,13,0,13,0,13,0.0,False,True,Sunabouzu | Black Lagoon | Death Note | Skull Man | Aoki Honoo
tag,zashiki-warashi,13,0,13,0,13,0.0,False,True,xxxHOLiC | Jigoku Sensei Nube | Mononoke | Takahashi Rumiko Gekijou | Miyori no Mori
tag,downer ending,14,0,14,0,14,0.0,False,True,Texhnolyze | Kenpuu Denki Berserk | Gilgamesh | Saishuu Heiki Kanojo | Jin-Rou
tag,growing hair,14,0,14,0,14,0.0,False,True,School Rumble | Kyou kara Maou! | Kamichu! | Night Walker: Mayonaka no Tantei | Ushio to Tora
tag,lonely atmosphere,14,0,14,0,14,0.0,False,True,"Hoshi no Koe | Kumo no Mukou, Yakusoku no Basho | Mushishi | Pale Cocoon | Byousoku 5 Centimeter"
tag,lost love,14,0,14,0,14,0.0,False,True,Argento Soma | Planetes | Rayearth | Kiss wa Hitomi ni Shite | Choujuu Kishin Dancougar
tag,loyalty,14,0,14,0,14,0.0,False,True,Ginga Eiyuu Densetsu | Katekyou Hitman Reborn! | Seto no Hanayome | Code Geass: Hangyaku no Lelouch R2 | Pandora Hearts
tag,stars,14,0,14,0,14,0.0,False,True,Hoshizora Kiseki | Darker than Black: Kuro no Keiyakusha | Sora no Manimani | Yuusei Shounen Papii | Darker than Black: Ryuusei no Gemini
tag,Asimov`s Three Laws of Robotics,15,0,15,0,15,0.0,False,True,Innocence | Narue no Sekai | The Animatrix | Robot Carnival | Mizu no Kotoba
tag,belly dance,15,0,15,0,15,0.0,False,True,Power Stone | Honoo no Labyrinth | Yuugo: Koushounin | Lupin III: Part II | Hokuto no Ken: Raoh Gaiden Junai-hen
tag,biological warfare,15,0,15,0,15,0.0,False,True,Blood+ | Chikyuu Shoujo Arjuna | Kai Doh Maru | Higurashi no Naku Koro ni Kai | Yakushiji Ryouko no Kaiki Jikenbo
tag,cute but deadly,15,0,15,0,15,0.0,False,True,Basilisk: Kouga Ninpou Chou | Mezzo DSA | Noir | Kyougoku Natsuhiko: Kousetsu Hyaku Monogatari | Bokusatsu Tenshi Dokuro-chan
tag,global warming,15,0,15,0,15,0.0,False,True,Kurogane Communication | Shangri-La | Guskou Budori no Denki | Glass no Chikyuu wo Sukue Unico Special | High School Fleet
tag,jazz,15,0,15,0,15,0.0,False,True,Cowboy Bebop | Cowboy Bebop: Tengoku no Tobira | Bartender | X Densha de Ikou | Baccano!
tag,machiavellian intrigues,15,0,15,0,15,0.0,False,True,Gankutsuou | Ginga Eiyuu Densetsu | Saiunkoku Monogatari | Ginga Eiyuu Densetsu Gaiden | Hunter x Hunter (2011)
tag,philosopher`s stone,15,0,15,0,15,0.0,False,True,Fullmetal Alchemist | Slayers | Fullmetal Alchemist: Premium Collection | Yoshinaga-san Chi no Gargoyle | Fullmetal Alchemist: Brotherhood
tag,political unrest,15,0,15,0,15,0.0,False,True,Strange Dawn | Jin-Rou | RideBack | Viper's Creed | Magi: The Labyrinth of Magic
tag,space Nazis,15,0,15,0,15,0.0,False,True,Kidou Senshi Gundam | Kidou Senshi Gundam 0083: Stardust Memory | Kidou Senshi Gundam ZZ | Uchuu Senkan Yamato (Movie) | Kidou Senshi Gundam I
tag,you`re my hidden weapon!,15,0,15,0,15,0.0,False,True,Shin Shirayuki-hime Densetsu Prétear | Shoujo Kakumei Utena | Shoujo Kakumei Utena: Adolescence Mokushiroku | Erementar Gerad | Shining Tears X Wind
tag,Matter of Britain,16,0,16,0,16,0.0,False,True,Fate/stay night | Fate/stay night Movie: Unlimited Blade Works | Fate/stay night TV Reproduction | Fate/Zero | Fate/Zero 2nd Season
tag,formerly one-gender school,16,0,16,0,16,0.0,False,True,Green Green | Green Green Character DVD | Kaichou wa Maid-sama! | Seitokai Yakuindomo | Maken-Ki!
tag,organ trafficking,16,0,16,0,16,0.0,False,True,Witch Hunter Robin | Koukyoushihen Eureka Seven | Angel Heart | Koukaku Kidoutai: Stand Alone Complex | Yami no Matsuei
tag,trapped,16,0,16,0,16,0.0,False,True,Sword Art Online | Mahou Shoujo Madoka★Magica Movie 1: Hajimari no Monogatari | Mahou Shoujo Madoka★Magica Movie 2: Eien no Monogatari | Mahou Shoujo Madoka★Magica Movie 3: Hangyaku no Monogatari | Zetsuen no Tempest
tag,drastic change in sequel,17,0,17,0,17,0.0,False,True,Rurouni Kenshin: Meiji Kenkaku Romantan - Tsuioku-hen | Full Metal Panic? Fumoffu | R.O.D: The TV | Kidou Senkan Nadesico: The Prince of Darkness | Fullmetal Alchemist: The Conqueror of Shamballa
tag,engaged to an alien,17,0,17,0,17,0.0,False,True,Onegai☆Teacher | Onegai☆Teacher: Himitsu na Futari | UFO Princess Valkyrie | UFO Princess Valkyrie 2: Juunigatsu no Yasoukyoku | UFO Princess Valkyrie 3: Seiresetsu no Hanayome
tag,group suicide,17,0,17,0,17,0.0,False,True,NHK ni Youkoso! | Night Head Genesis | Arslan Senki | Code Geass: Hangyaku no Lelouch R2 | Code Geass: Hangyaku no Lelouch R2 Special Edition - Zero Requiem
tag,history is written by the victors,17,0,17,0,17,0.0,False,True,Scrapped Princess | Seirei no Moribito | RideBack | Senjou no Valkyria | 07-Ghost
tag,symbiotic aliens,17,0,17,0,17,0.0,False,True,Kurau Phantom Memory | Figure 17: Tsubasa & Hikaru | Melty Lancer | Alien 9 | Uchuu no Kishi Tekkaman Blade
tag,tarot,17,0,17,0,17,0.0,False,True,Tenkuu no Escaflowne | Cardcaptor Sakura | Kaleido Star | Yami no Matsuei | Hyper Police
tag,unresolved romance,17,0,17,0,17,0.0,False,True,To Heart 2 | Palme no Ki | Angelique | Code-E | Nyan Koi!
tag,Yggdrasil,18,0,18,0,18,0.0,False,True,Aa! Megami-sama! (TV) | Sousei no Aquarion | Aa! Megami-sama! Sorezore no Tsubasa | Palme no Ki | G-On Riders
tag,organism cloning,18,0,18,0,18,0.0,False,True,"Shinseiki Evangelion | Shinseiki Evangelion Movie: Air/Magokoro wo, Kimi ni | Blood+ | Xenosaga The Animation | Gantz"
tag,pact,18,0,18,0,18,0.0,False,True,Night Walker: Mayonaka no Tantei | Kuroshitsuji | Kuroshitsuji II | Dantalian no Shoka | Dantalian no Shoka: Ibarahime
tag,play or die,18,0,18,0,18,0.0,False,True,Gantz | Gantz 2nd Stage | Bokura no | Deadman Wonderland | Togainu no Chi
tag,terraforming,18,0,18,0,18,0.0,False,True,Avenger | Aria the Animation | Venus Senki | Mujin Wakusei Survive | Aria the Natural
tag,tsunami,18,0,18,0,18,0.0,False,True,Saishuu Heiki Kanojo | Mujin Wakusei Survive | Narue no Sekai | Ankoku Shindenshou Takegami | Kurogane Communication
tag,visiting alien superhero,18,0,18,0,18,0.0,False,True,Tetsuwan Birdy | Gakuen Senki Muryou | Uchuu no Kishi Tekkaman | Tatakae!! Iczer-1 | Bouken! Iczer 3
tag,Nazis,19,0,19,0,19,0.0,False,True,Monster | Fullmetal Alchemist: The Conqueror of Shamballa | Hellsing Ultimate | Black Lagoon | Urda
tag,Western zodiac,19,0,19,0,19,0.0,False,True,Saint Seiya: Meiou Hades Meikai-hen | Saint Seiya | Saint Seiya: Shinku no Shounen Densetsu | Saint Seiya: Jashin Eris | Saint Seiya: Meiou Hades Juuni Kyuu-hen
tag,covert operations,19,0,19,0,19,0.0,False,True,Gunslinger Girl | Starship Operators | Samurai Gun | Flag | Soukou Kihei Votoms
tag,killing criminals,19,0,19,0,19,0.0,False,True,Noir | Angel Cop | Death Note | Kikou Ryouhei Merowlink | Karakuri Zoushi Ayatsuri Sakon
tag,piledriver,19,0,19,0,19,0.0,False,True,Gravitation | Fake | Kizuna | Kizuna: Koi no Karasawagi | Papa to Kiss in the Dark
tag,preview in ed,19,0,19,0,19,0.0,False,True,Aishiteruze Baby★★ | Yoshinaga-san Chi no Gargoyle | Kekkaishi | Nodame Cantabile | Eve no Jikan
tag,breathing in space,20,0,20,0,20,0.0,False,True,Kiddy Grade | Bishoujo Senshi Sailor Moon R: The Movie | Narue no Sekai | Glass no Kantai: La Legende du Vent de l'Univers | Bishoujo Senshi Sailor Moon S: Kaguya-hime no Koibito
tag,brother-sister incest,20,0,20,0,20,0.0,False,True,D.C.: Da Capo | Hitsuji no Uta | Shoujo Kakumei Utena | Kagi Hime Monogatari: Eikyuu Alice Rondo | Koi Kaze
tag,cute monster,20,0,20,0,20,0.0,False,True,Ragnarök The Animation | Digimon Tamers | Rikujou Bouei-tai Mao-chan | Hyper Police | Miyori no Mori
tag,even the girls want her,20,0,20,0,20,0.0,False,True,Kannazuki no Miko | Love Hina | Kashimashi: Girl Meets Girl | Tactical Roar | Maze☆Bakunetsu Jikuu (TV)
tag,internet,20,0,20,0,20,0.0,False,True,Serial Experiments Lain | Koukaku Kidoutai: Stand Alone Complex | Shin Megami Tensei: Tokyo Mokushiroku | Digimon Adventure: Bokura no War Game! | Shigofumi
tag,memory transfer,20,0,20,0,20,0.0,False,True,Hotori: Tada Saiwai wo Koinegau | Saber Marionette J | Saber Marionette J to X | A.D. Police (TV) | Kikaider 01 The Animation
tag,reintroducing technology,20,0,20,0,20,0.0,False,True,Pumpkin Scissors | Maoyuu Maou Yuusha | Isekai wa Smartphone to Tomo ni. | Dr. Stone | Honzuki no Gekokujou: Shisho ni Naru Tame ni wa Shudan wo Erandeiraremasen
tag,transforming guardian,20,0,20,0,20,0.0,False,True,Cardcaptor Sakura | Cardcaptor Sakura Movie 1 | Cardcaptor Sakura Movie 2: Fuuin Sareta Card | Otogi Story Tenshi no Shippo | Otogi Story Tenshi no Shippo Specials
tag,undercover,20,0,20,0,20,0.0,False,True,Parasite Dolls | Lupin III | Lupin III: Part II | Lupin III: Part III | Psycho Diver: Mashou Bosatsu
tag,underwater diving,20,0,20,0,20,0.0,False,True,Koukaku Kidoutai | Wild Arms: Twilight Venom | Twilight Q | Cat's Eye | Tsurikichi Sanpei
tag,video game development,20,0,20,0,20,0.0,False,True,Golden Boy | NHK ni Youkoso! | Ore no Imouto ga Konnani Kawaii Wake ga Nai | Ore no Imouto ga Konnani Kawaii Wake ga Nai Specials | Sakura-sou no Pet na Kanojo
tag,bridge bunnies,21,0,21,0,21,0.0,False,True,Vandread | Vandread: The Second Stage | Kidou Senkan Nadesico | Musekinin Kanchou Tylor | Macross
tag,doujin,21,0,21,0,21,0.0,False,True,Genshiken | Comic Party | Nurse Witch Komugi-chan Magikarte | Comic Party Revolution | Genshiken OVA
tag,small town,21,0,21,0,21,0.0,False,True,Haibane Renmei | Touch: Cross Road - Kaze no Yukue | Yozakura Quartet | Yozakura Quartet: Hana no Uta | Gochuumon wa Usagi desu ka?
tag,impending death,22,0,22,0,22,0.0,False,True,Scrapped Princess | Maburaho | Mahoromatic: Automatic Maiden | Mahoromatic: Motto Utsukushii Mono | Haibane Renmei
tag,liberation of slaves,22,0,22,0,22,0.0,False,True,Hyper Police | Seirei no Moribito | Magi: The Labyrinth of Magic | Log Horizon | Akatsuki no Yona
tag,monologues,22,0,22,0,22,0.0,False,True,Sakigake!! Cromartie Koukou | Touhai Densetsu Akagi: Yami ni Maiorita Tensai | Dragon Ball Z | Suzumiya Haruhi no Yuuutsu | Kiss wa Hitomi ni Shite
tag,nature strikes back,22,0,22,0,22,0.0,False,True,Blue Gender | Koukyoushihen Eureka Seven | Kaze no Tani no Nausicaä | Juu Ou Sei | Giniro no Kami no Agito
tag,onmyoudou,22,0,22,0,22,0.0,False,True,X | Tactics | Harukanaru Toki no Naka de: Hachiyou Shou | Abenobashi Mahou☆Shoutengai | Otogizoushi
tag,out-of-body experience,22,0,22,0,22,0.0,False,True,Kamichu! | Key the Metal Idol | Venus Versus Virus | Hanada Shounen-shi | Dennou Coil
tag,twisted ending,22,0,22,0,22,0.0,False,True,Maburaho | Gilgamesh | Sousei no Aquarion | Mahoutsukai Tai! | Geneshaft
tag,wardrobe limited to school uniform,22,0,22,0,22,0.0,False,True,Fushigi Yuugi | Tenkuu no Escaflowne | InuYasha | Princess Tutu | Battle Athletess Daiundoukai (TV)
tag,human-replacement robots,23,0,23,0,23,0.0,False,True,Avenger | Chobits | Xenosaga The Animation | Ergo Proxy | Eden's Bowy
tag,illness,23,0,23,0,23,0.0,False,True,Hitsuji no Uta | Versailles no Bara | Hanbun no Tsuki ga Noboru Sora | Red Garden | Clannad
tag,living with the villain,23,0,23,0,23,0.0,False,True,Mahou Shoujo Lyrical Nanoha A's | Shin Shirayuki-hime Densetsu Prétear | Elfen Lied | Bannou Bunka Neko-Musume DASH! | Bannou Bunka Neko-Musume (1998)
tag,man the hell up!,23,0,23,0,23,0.0,False,True,"Shinseiki Evangelion | Shinseiki Evangelion Movie: Shi to Shinsei | Shinseiki Evangelion Movie: Air/Magokoro wo, Kimi ni | RahXephon | Mugen no Ryvius"
tag,pacifism,23,0,23,0,23,0.0,False,True,"Trigun | Shin Kidou Senki Gundam Wing | Kidou Senshi Gundam SEED Destiny | Ima, Soko ni Iru Boku | Jungle Taitei"
tag,German suplex,24,0,24,0,24,0.0,False,True,School Rumble | Great Teacher Onizuka | School Rumble Ni Gakki | Yoshinaga-san Chi no Gargoyle | Mainichi ga Nichiyoubi
tag,Sherlock Holmes,24,0,24,0,24,0.0,False,True,Meitantei Conan | Meitantei Conan Movie 06: Baker Street no Bourei | Meitantei Conan OVA 06: Kieta Daiya wo Oe! Conan & Heiji VS Kid! | Meitantei Conan OVA 01: Conan vs. Kid vs. Yaiba - Houtou Soudatsu Daikessen!! | Meitantei Conan OVA 02: 16-nin no Yougisha!?
tag,age change,24,0,24,0,24,0.0,False,True,Full Moon wo Sagashite | Jungle wa Itsumo Hare nochi Guu Deluxe | Mahou Senshi Louie | Asatte no Houkou. | Mahou no Tenshi Creamy Mami
tag,demon hunt,24,0,24,0,24,0.0,False,True,Tokkou | Mamono Hunter Youko | Dororon Enma-kun | Kikoushi Enma | Devil May Cry
tag,deus ex machina,24,0,24,0,24,0.0,False,True,Mai-HiME | Fullmetal Alchemist | Dragon Ball | Jigoku Shoujo | Bleach
tag,fashion,24,0,24,0,24,0.0,False,True,Paradise Kiss | Gokinjo Monogatari | Red Garden | Super GALS! Kotobuki Ran | Red Garden: Dead Girls
tag,flood,24,0,24,0,24,0.0,False,True,Fullmetal Alchemist | Juuni Kokuki | Kerokko Demetan | Tenshi no Tamago | Fullmetal Alchemist: Premium Collection
tag,futuristic motorcycle,24,0,24,0,24,0.0,False,True,Akira | Aria the Animation | Venus Senki | Wonderful Days | Aria the Natural
tag,nationalism,24,0,24,0,24,0.0,False,True,Code Geass: Hangyaku no Lelouch | Bakumatsu Kikansetsu Irohanihoheto | Hidamari no Ki | Raiyantsuuri no Uta | Un-Go
tag,person from the past,24,0,24,0,24,0.0,False,True,"One Piece | Blue Gender | Ima, Soko ni Iru Boku | Utawarerumono | Hikari to Mizu no Daphne"
tag,religious propaganda,24,0,24,0,24,0.0,False,True,Glass no Kantai: La Legende du Vent de l'Univers | Melty Lancer | Shin Hakkenden | Anime Oyako Gekijou | Tondera House no Daibouken
tag,rock music,24,0,24,0,24,0.0,False,True,Beck | Nana | Geneshaft | Kaikan Phrase | Kachou Ouji
tag,aggressive plants,25,0,25,0,25,0.0,False,True,"Ima, Soko ni Iru Boku | Jungle wa Itsumo Hare nochi Guu | Mujin Wakusei Survive | Juu Ou Sei | Blue Seed"
tag,divorce,25,0,25,0,25,0.0,False,True,Takahashi Rumiko Gekijou Ningyo no Mori | Koi Kaze | Umi ga Kikoeru | Chikyuu Shoujo Arjuna | Narutaru: Mukuro Naru Hoshi Tama Taru Ko
tag,fake relationship,25,0,25,0,25,0.0,False,True,Marmalade Boy | Clannad: After Story | Mayo Chiki! | Mawaru Penguindrum | Ore no Kanojo to Osananajimi ga Shuraba Sugiru
tag,mind games,25,0,25,0,25,0.0,False,True,Yami no Matsuei | Death Note | Code Geass: Hangyaku no Lelouch | Roots Search: Shokushin Buttai X | Death Note: Rewrite
tag,space is an ocean,25,0,25,0,25,0.0,False,True,Musekinin Kanchou Tylor | Mugen no Ryvius | Uchuu Senkan Yamato (Movie) | Ginga Eiyuu Densetsu | Uchuu Kaizoku Captain Herlock
tag,unfoundedly feared character,25,0,25,0,25,0.0,False,True,Midori no Hibi | Karin | Ouran Koukou Host Club | Shugo Chara! | Toradora!
tag,French kiss,26,0,26,0,26,0.0,False,True,Pumpkin Scissors | Malice@Doll | Kämpfer | Kiss x Sis (TV) | Kämpfer für die Liebe
tag,back to square one,26,0,26,0,26,0.0,False,True,Mousou Dairinin | Memories Off | Suzumiya Haruhi no Yuuutsu (2009) | Higashi no Eden Movie I: The King of Eden | Yojouhan Shinwa Taikei
tag,guns are useless,26,0,26,0,26,0.0,False,True,Asura Cryin' | Break Blade Movie 1: Kakusei no Toki | Break Blade Movie 2: Ketsubetsu no Michi | Break Blade Movie 3: Kyoujin no Ato | Break Blade Movie 4: Sanka no Chi
tag,living together with god,26,0,26,0,26,0.0,False,True,Aa! Megami-sama! | Aa! Megami-sama! (TV) | Mononoke Hime | Aa! Megami-sama! Movie | Mamotte Shugogetten!
tag,resurrection,26,0,26,0,26,0.0,False,True,Nurse Witch Komugi-chan Magikarte | Hi no Tori | Uchuu Senkan Yamato | Outlanders | Gall Force 2: Destruction
tag,spiritual powers,26,0,26,0,26,0.0,False,True,Bakumatsu Kikansetsu Irohanihoheto | Masou Kishin Cybuster | Mokke | Hengen Taima Yakou Karura Mau! Nara Onryou Emaki | Shinrei Tantei Yakumo
tag,water scarcity,26,0,26,0,26,0.0,False,True,"Sunabouzu | Last Exile | Ima, Soko ni Iru Boku | Mujin Wakusei Survive | Giniro no Kami no Agito"
tag,cheating,27,0,27,0,27,0.0,False,True,Touhai Densetsu Akagi: Yami ni Maiorita Tensai | Chikyuu Bouei Kazoku | Gyakkyou Burai Kaiji: Ultimate Survivor | Shoubushi Densetsu Tetsuya | Shigofumi
tag,evil empire,27,0,27,0,27,0.0,False,True,"Ima, Soko ni Iru Boku | Tenkuu no Escaflowne | B'T X | Utawarerumono | Hokuto no Ken 2"
tag,evil organization,27,0,27,0,27,0.0,False,True,Chuuka Ichiban! | Dragon Ball | Neo Ranga | Night Head Genesis | Key the Metal Idol
tag,evolution,27,0,27,0,27,0.0,False,True,Texhnolyze | Serial Experiments Lain | Digimon Adventure | Digimon Savers | Digimon Tamers
tag,it`s time to duel,27,0,27,0,27,0.0,False,True,Rozen Maiden | Loveless | Ikkitousen | Versailles no Bara | Shoujo Kakumei Utena
tag,love letter,27,0,27,0,27,0.0,False,True,Okusama wa Joshikousei (TV) | Seto no Hanayome | Oira Sukeban | Itazura na Kiss | Body Jack: Tanoshii Yutai Ridatsu
tag,overcoming adversity,27,0,27,0,27,0.0,False,True,Aishiteruze Baby★★ | Majo no Takkyuubin | Mujin Wakusei Survive | Kaikan Phrase | Ouritsu Uchuugun: Honneamise no Tsubasa
tag,wartime propaganda,27,0,27,0,27,0.0,False,True,"Kidou Senshi Victory Gundam | Kidou Senshi Gundam SEED | Ima, Soko ni Iru Boku | RahXephon | Starship Operators"
tag,hidden base,28,0,28,0,28,0.0,False,True,Mai-HiME | Moldiver | Mouse | Mujin Wakusei Survive | Aria the Natural
tag,imperialism,28,0,28,0,28,0.0,False,True,Fullmetal Alchemist | Seikai no Monshou | Fullmetal Alchemist: Premium Collection | Code Geass: Hangyaku no Lelouch | Shin Hakkenden
tag,life force,28,0,28,0,28,0.0,False,True,Bishoujo Senshi Sailor Moon | Bishoujo Senshi Sailor Moon R: The Movie | Bishoujo Senshi Sailor Moon S | Digimon Adventure | Bishoujo Senshi Sailor Moon R
tag,occult,28,0,28,0,28,0.0,False,True,Shin Megami Tensei: Tokyo Mokushiroku | Mokke | Digital Devil Story: Megami Tensei | Kanashimi no Belladonna | Mouryou no Hako
tag,time machine,28,0,28,0,28,0.0,False,True,Dragon Ball Z | Suzumiya Haruhi no Yuuutsu | Katekyou Hitman Reborn! | Toki wo Kakeru Shoujo | Doraemon Movie 08: Nobita to Ryuu no Kishi
tag,unrequited shounen ai,28,0,28,0,28,0.0,False,True,Speed Grapher | Seihou Bukyou Outlaw Star | Mahoutsukai Tai! | Glass no Kantai: La Legende du Vent de l'Univers | Majutsushi Orphen
tag,troubled male lead,29,0,29,0,29,0.0,False,True,Natsume Yuujinchou | ChäoS;HEAd | Zoku Natsume Yuujinchou | Nyan Koi! | Ningen Shikkaku: Director's Cut-ban
tag,aviation,30,0,30,0,30,0.0,False,True,Cluster Edge | Last Exile | Area 88 (TV) | Kurenai no Buta | Ginban Kaleidoscope
tag,children of destiny,30,0,30,0,30,0.0,False,True,Avenger | Digimon Adventure | Rikujou Bouei-tai Mao-chan | Digimon Frontier | Digimon Adventure 02
tag,cyberterrorism,30,0,30,0,30,0.0,False,True,Koukaku Kidoutai | Serial Experiments Lain | Koukaku Kidoutai: Stand Alone Complex | Innocence | Koukaku Kidoutai: Stand Alone Complex 2nd GIG
tag,hallucination,30,0,30,0,30,0.0,False,True,Monster | Mousou Dairinin | Perfect Blue | Yami no Matsuei | Ergo Proxy
tag,impact event,30,0,30,0,30,0.0,False,True,Kidou Senshi Gundam | Kidou Senshi Gundam 0083: Stardust Memory | Kidou Senshi Gundam ZZ | Kidou Senshi Gundam: Gyakushuu no Char | Kidou Shinseiki Gundam X
tag,odd jobs,30,0,30,0,30,0.0,False,True,Sunabouzu | Cardcaptor Sakura | Dirty Pair | Binchou-tan | Gintama
tag,butchered foreign languages,31,0,31,0,31,0.0,False,True,Monster | Shinseiki Evangelion | Full Metal Panic! The Second Raid | Ginban Kaleidoscope | Black Lagoon
tag,governmental censorship,31,0,31,0,31,0.0,False,True,Mai-HiME | R.O.D: The TV | Tokkou | Katekyou Hitman Reborn! | Dennou Coil
tag,unidentified flying object,31,0,31,0,31,0.0,False,True,Daa! Daa! Daa! | Kamichu! | NieA Under 7 | Figure 17: Tsubasa & Hikaru | UFO Princess Valkyrie
tag,childhood ties,32,0,32,0,32,0.0,False,True,Gate Keepers | Dragon Drive | Sakura Tsuushin | Dog Soldier | Sora no Manimani
tag,hirable protagonist,32,0,32,0,32,0.0,False,True,Sunabouzu | Black Cat | Jigoku Shoujo | Kurau Phantom Memory | Vampire Hunter D (2000)
tag,i got a crush on you,32,0,32,0,32,0.0,False,True,Hachimitsu to Clover | Aishiteruze Baby★★ | Loveless | Pita Ten | Cardcaptor Sakura
tag,body sharing,33,0,33,0,33,0.0,False,True,D.N.Angel | Tsukuyomi: Moon Phase | Saishuu Heiki Kanojo | Usagi-chan de Cue!! | Le Chevalier D'Eon
tag,diet,33,0,33,0,33,0.0,False,True,Sousei no Aquarion | Hidamari Sketch | Seto no Hanayome | Wagaya no Oinari-sama. | New Dream Hunter Rem: Setsuriku no Mudenmekyu
tag,longing,33,0,33,0,33,0.0,False,True,"Hoshi no Koe | Kumo no Mukou, Yakusoku no Basho | Fantastic Children | Sennen Joyuu | Saber Marionette J to X"
tag,space exploration,33,0,33,0,33,0.0,False,True,Argento Soma | Planetes | Mujin Wakusei Survive | Geneshaft | Ouritsu Uchuugun: Honneamise no Tsubasa
tag,Itano circus,34,0,34,0,34,0.0,False,True,Cowboy Bebop | Cowboy Bebop: Tengoku no Tobira | Futakoi Alternative | Macross Zero | Koukyoushihen Eureka Seven
tag,crash landing,34,0,34,0,34,0.0,False,True,Project A-Ko | Mujin Wakusei Survive | Saber Marionette J to X | Black Magic M-66 | A-Ko The Versus
tag,experimental technology,34,0,34,0,34,0.0,False,True,Shinseiki Evangelion | Mugen no Ryvius | Kaze wo Mita Shounen | Z.O.E. 2167 Idolo | Key the Metal Idol
tag,beer,35,0,35,0,35,0.0,False,True,Jungle wa Itsumo Hare nochi Guu | Jungle wa Itsumo Hare nochi Guu Deluxe | Jungle wa Itsumo Hare nochi Guu Final | Mahou Senshi Louie | Touch: Cross Road - Kaze no Yukue
tag,dark past,35,0,35,0,35,0.0,False,True,Angel Heart | Night Walker: Mayonaka no Tantei | Strait Jacket | Saraiya Goyou | Mardock Scramble: The First Compression
tag,recap in opening,35,0,35,0,35,0.0,False,True,One Piece | Aishiteruze Baby★★ | Tsubasa Chronicle | Baccano! | Durarara!!
tag,sex change,35,0,35,0,35,0.0,False,True,Ranma ½ | Mugen no Ryvius | Kashimashi: Girl Meets Girl | Simoun | Majutsushi Orphen
tag,skilled main character,35,0,35,0,35,0.0,False,True,Full Metal Panic! | Full Metal Panic? Fumoffu | Full Metal Panic! The Second Raid | Meitantei Conan | Gallery Fake
tag,fight for peace,36,0,36,0,36,0.0,False,True,Kidou Senshi Gundam ZZ | Kidou Senshi Victory Gundam | Shin Kidou Senki Gundam Wing | Kidou Shinseiki Gundam X | Kidou Senshi Gundam SEED Destiny
tag,fist fight,36,0,36,0,36,0.0,False,True,Makai Senki Disgaea | Hikari to Mizu no Daphne | Souryuuden | Seto no Hanayome | Sentou Mecha Xabungle
tag,seven deadly sins,36,0,36,0,36,0.0,False,True,Fullmetal Alchemist | Fullmetal Alchemist: Premium Collection | Katekyou Hitman Reborn! | Umineko no Naku Koro ni | Fullmetal Alchemist: Brotherhood
tag,space monsters,36,0,36,0,36,0.0,False,True,Choujuushin Gravion | Yuusha-Ou GaoGaiGar | Top wo Nerae! Gunbuster | Top wo Nerae 2! Diebuster | Choujuushin Gravion Zwei
tag,sudden loli companion appearance,37,0,37,0,37,0.0,False,True,Shuffle! | Rizelmine | Yumeria | Grenadier: Hohoemi no Senshi | Tsukuyomi: Moon Phase
tag,typhoon,37,0,37,0,37,0.0,False,True,Kamichu! | Yokohama Kaidashi Kikou: Quiet Country Cafe | Cat's Eye | Gake no Ue no Ponyo | Explorer Woman Ray
tag,Bright slap,38,0,38,0,38,0.0,False,True,Kidou Senshi Gundam | Kidou Senshi Zeta Gundam | Kidou Senshi Gundam: Gyakushuu no Char | Kidou Senshi Victory Gundam | Shin Kidou Senki Gundam Wing: Endless Waltz
tag,catastrophic gadgets,38,0,38,0,38,0.0,False,True,Project A-Ko | Happy☆Lesson The Final | Aa! Megami-sama!: Chicchai tte Koto wa Benri da ne | Dokidoki♡Densetsu: Mahoujin Guruguru | Narue no Sekai
tag,rural town,38,0,38,0,38,0.0,False,True,Zettai Shounen | Higurashi no Naku Koro ni | Omoide Poroporo | Higurashi no Naku Koro ni Kai | Hanada Shounen-shi
tag,bendy lasers,39,0,39,0,39,0.0,False,True,Solty Rei | Vandread | Koukyoushihen Eureka Seven | Mujin Wakusei Survive | Top wo Nerae 2! Diebuster
tag,cosmic reset,39,0,39,0,39,0.0,False,True,Mai-HiME | Kannazuki no Miko | RahXephon | Wolf's Rain | Bishoujo Senshi Sailor Moon
tag,dark mood,39,0,39,0,39,0.0,False,True,Kenpuu Denki Berserk | Rurouni Kenshin: Meiji Kenkaku Romantan - Tsuioku-hen | Bakuretsu Tenshi | Hitsuji no Uta | Serial Experiments Lain
tag,dementia,39,0,39,0,39,0.0,False,True,"Shinseiki Evangelion | Ima, Soko ni Iru Boku | Mousou Dairinin | Serial Experiments Lain | Bokusatsu Tenshi Dokuro-chan"
tag,human-animal relationship,39,0,39,0,39,0.0,False,True,Kanojo to Kanojo no Neko | Aru Tabibito no Nikki | Stranger: Mukou Hadan | Utawarerumono OVA | Kemono no Souja Erin
tag,paradise lost,39,0,39,0,39,0.0,False,True,Shinseiki Evangelion | Kenpuu Denki Berserk | Rurouni Kenshin: Meiji Kenkaku Romantan - Tsuioku-hen | Fullmetal Alchemist | Kono Minikuku mo Utsukushii Sekai
tag,the effects of time and distance on human relationships,39,0,39,0,39,0.0,False,True,"Fullmetal Alchemist | Blood+ | RahXephon | Hoshi no Koe | Kumo no Mukou, Yakusoku no Basho"
tag,transforming weapons,39,0,39,0,39,0.0,False,True,Mai-HiME | Bleach | KO Seiki Beast Sanjuushi | Witchblade | The Third: Aoi Hitomi no Shoujo
tag,existentialism,40,0,40,0,40,0.0,False,True,Shinseiki Evangelion | Koukaku Kidoutai | .hack//Sign | Serial Experiments Lain | Koukaku Kidoutai: Stand Alone Complex
tag,inter-dimensional schoolgirl,40,0,40,0,40,0.0,False,True,Fushigi Yuugi | Fushigi Yuugi: Eikouden | Juuni Kokuki | Strange Dawn | Tenkuu no Escaflowne
tag,multiple protagonists,40,0,40,0,40,0.0,False,True,Kita e.: Diamond Dust Drops | Memories Off 3.5 | Galaxy Angel | Neo Ranga | Shin Hakkenden
tag,power corrupts,40,0,40,0,40,0.0,False,True,"Witch Hunter Robin | Akira | Kidou Senshi Victory Gundam | Ima, Soko ni Iru Boku | Gankutsuou"
tag,restaurant,40,0,40,0,40,0.0,False,True,Futari Ecchi | Aria the Natural | Touch | Aria the Origination | Neko Ramen
tag,ruins,40,0,40,0,40,0.0,False,True,Tsubasa Chronicle | RG Veda | Mujin Wakusei Survive | Ao no 6-gou | Hyper Police
tag,sudden naked guy appearance,40,0,40,0,40,0.0,False,True,Wild Arms: Twilight Venom | Gintama | Inukami! | Majutsushi Orphen | Mahou Senshi Louie
tag,there can be only one,40,0,40,0,40,0.0,False,True,Rozen Maiden | Rozen Maiden: Träumend | Basilisk: Kouga Ninpou Chou | Mai-HiME | X/1999
tag,school rivalry,41,0,41,0,41,0.0,False,True,Ikkitousen | Ikkitousen: Dragon Destiny | Ikkitousen: Great Guardians | Kaichou wa Maid-sama! | Ikkitousen: Xtreme Xecutor
tag,street fighting,41,0,41,0,41,0.0,False,True,Air Master | Gantz | Gantz 2nd Stage | Street Fighter II Movie | Muteki Kanban Musume
tag,asymmetric warfare,42,0,42,0,42,0.0,False,True,Fullmetal Alchemist | Saishuu Heiki Kanojo | Utawarerumono | Simoun | Fullmetal Alchemist: Premium Collection
tag,delayed death,42,0,42,0,42,0.0,False,True,Zegapain | Shin Angyo Onshi | Hokuto no Ken | Interlude | Digimon Frontier
tag,feud,42,0,42,0,42,0.0,False,True,Basilisk: Kouga Ninpou Chou | Romeo x Juliet | Shin Hakkenden | Yakushiji Ryouko no Kaiki Jikenbo | Uchouten Kazoku
tag,medieval European aesthetic,42,0,42,0,42,0.0,False,True,Elf wo Karu Mono-tachi | Elf wo Karu Mono-tachi II | Ookami to Koushinryou | Kuroshitsuji | Ookami to Koushinryou II
tag,space pirates,42,0,42,0,42,0.0,False,True,Vandread | Vandread: The Second Stage | Seihou Bukyou Outlaw Star | Kurau Phantom Memory | Glass no Kantai: La Legende du Vent de l'Univers
tag,Chinese mythology,43,0,43,0,43,0.0,False,True,Senkaiden Houshin Engi | Monkey Magic | Saiyuuki | Hakujaden | Da Nao Tiangong
tag,agriculture,43,0,43,0,43,0.0,False,True,Chikyuu Shoujo Arjuna | Jungle Taitei | Geragera Boes Monogatari | Moyashimon | Kanashimi no Belladonna
tag,faceless alien invasion,43,0,43,0,43,0.0,False,True,"Soukyuu no Fafner: Dead Aggressor | Iriya no Sora, UFO no Natsu | Mahoutsukai Tai! | Geneshaft | Sentou Yousei Yukikaze"
tag,giant insects,43,0,43,0,43,0.0,False,True,Blue Gender | Kaze no Tani no Nausicaä | The Third: Aoi Hitomi no Shoujo | Majutsushi Orphen | Majutsushi Orphen: Revenge
tag,contraband,44,0,44,0,44,0.0,False,True,Koukyoushihen Eureka Seven | Seihou Bukyou Outlaw Star | Black Lagoon | Le Chevalier D'Eon | Tokusou Senshatai Dominion
tag,dear mother in heaven,44,0,44,0,44,0.0,False,True,Aishiteruze Baby★★ | Sakigake!! Cromartie Koukou | Fruits Basket | Cardcaptor Sakura | Ouran Koukou Host Club
tag,misleading beginning,44,0,44,0,44,0.0,False,True,"Ima, Soko ni Iru Boku | Narutaru: Mukuro Naru Hoshi Tama Taru Ko | Suzumiya Haruhi no Yuuutsu | Coyote Ragtime Show | Soukou no Strain"
tag,Norse mythology,46,0,46,0,46,0.0,False,True,Aa! Megami-sama! | Aa! Megami-sama! (TV) | Aa! Megami-sama!: Chicchai tte Koto wa Benri da ne | Aa! Megami-sama! Movie | Matantei Loki Ragnarok
tag,broken friendship,46,0,46,0,46,0.0,False,True,Naruto | Strange Dawn | Koukyoushihen Eureka Seven | Kazemakase Tsukikage Ran | Kemonozume
tag,star-crossed lovers,46,0,46,0,46,0.0,False,True,Rurouni Kenshin: Meiji Kenkaku Romantan - Tsuioku-hen | Basilisk: Kouga Ninpou Chou | Kidou Senshi Gundam: Dai 08 MS Shoutai | Kidou Senshi Gundam 0080: Pocket no Naka no Sensou | Kidou Senshi Zeta Gundam
tag,love between enemies,47,0,47,0,47,0.0,False,True,Basilisk: Kouga Ninpou Chou | Kidou Senshi Gundam SEED | X | Seihou Bukyou Outlaw Star | Jin-Rou
tag,magical realism,47,0,47,0,47,0.0,False,True,Video Girl Ai | Mahoutsukai ni Taisetsu na Koto | Angel Heart | Haibane Renmei | Aria the Animation
tag,manipulated memories,47,0,47,0,47,0.0,False,True,Koukaku Kidoutai | .hack//Sign | Majutsushi Orphen: Revenge | Seihou Tenshi Angel Links | A.D. Police (TV)
tag,cliffhanger ending,49,0,49,0,49,0.0,False,True,Final Fantasy VII: Last Order | Alien 9 | Uchuu no Kishi Tekkaman | Code Geass: Hangyaku no Lelouch | Choushin Hime Dangaizer 3
tag,dreams,49,0,49,0,49,0.0,False,True,Ou Dorobou Jing in Seventh Heaven | s.CRY.ed | Jungle wa Itsumo Hare nochi Guu | Mahoutsukai Tai! | Yume Tsukai
tag,human psyche,49,0,49,0,49,0.0,False,True,Witch Hunter Robin | Texhnolyze | Shinseiki Evangelion | Mai-HiME | Gankutsuou
tag,hyperspace mallet,49,0,49,0,49,0.0,False,True,Kimi ga Nozomu Eien | Ranma ½ | Angel Heart | Kingyo Chuuihou! | Dominion
tag,power gives you wings,49,0,49,0,49,0.0,False,True,Kidou Tenshi Angelic Layer | Cardcaptor Sakura | Shakugan no Shana | Saishuu Heiki Kanojo | Bishoujo Senshi Sailor Moon: Sailor Stars
tag,royal intrigue,49,0,49,0,49,0.0,False,True,Versailles no Bara | Saiunkoku Monogatari | Le Chevalier D'Eon | Arslan Senki | Seirei no Moribito
tag,insects of doom,50,0,50,0,50,0.0,False,True,Blue Gender | Ijigen no Sekai El-Hazard | Shinpi no Sekai El-Hazard (TV) | Shinpi no Sekai El-Hazard | Shinpi no Sekai El-Hazard Season 2
tag,mono no aware,50,0,50,0,50,0.0,False,True,Mushishi | Aria the Animation | Kino no Tabi: The Beautiful World | Tonari no Totoro | NieA Under 7
tag,nuclear weapons,50,0,50,0,50,0.0,False,True,Kidou Senshi Gundam 0080: Pocket no Naka no Sensou | Kidou Senshi Gundam SEED | RahXephon | Fullmetal Alchemist: The Conqueror of Shamballa | Kaze wo Mita Shounen
tag,symbolism,51,0,51,0,51,0.0,False,True,"Shinseiki Evangelion | Shinseiki Evangelion Movie: Shi to Shinsei | Shinseiki Evangelion Movie: Air/Magokoro wo, Kimi ni | Chobits | RahXephon"
tag,hidden power,53,0,53,0,53,0.0,False,True,Mai-HiME | Kyou kara Maou! | Gokujou Seitokai | Tenchi Muyou! Ryououki 3rd Season | Moekan The Animation
tag,library,53,0,53,0,53,0.0,False,True,R.O.D: Read or Die | R.O.D: The TV | Kokoro Toshokan | Toshokan Sensou | Tatakau Shisho: The Book of Bantorra
tag,nervous breakdown,53,0,53,0,53,0.0,False,True,Shinseiki Evangelion | Avenger | Aishiteruze Baby★★ | RahXephon | Koukyoushihen Eureka Seven
tag,put right what once went wrong,53,0,53,0,53,0.0,False,True,Fullmetal Alchemist | Dragon Ball Z | Fullmetal Alchemist: Premium Collection | Soukou no Strain | Toki wo Kakeru Shoujo
tag,school for the rich elite,53,0,53,0,53,0.0,False,True,Shin Kidou Senki Gundam Wing | Hana yori Dango | Gakuen Heaven | Ouran Koukou Host Club | Red Garden
tag,bloodless wounds,54,0,54,0,54,0.0,False,True,One Piece | Lodoss-tou Senki: Eiyuu Kishi Den | Noir | Weiß Kreuz | Ueki no Housoku
tag,corrupt church,54,0,54,0,54,0.0,False,True,Fullmetal Alchemist | Scrapped Princess | Nanako Kaitai Shinsho | Fullmetal Alchemist: Premium Collection | Glass no Kantai: La Legende du Vent de l'Univers
tag,genocide,54,0,54,0,54,0.0,False,True,Witch Hunter Robin | Kidou Senshi Zeta Gundam | Kidou Senshi Victory Gundam | Kidou Senshi Gundam SEED | Fullmetal Alchemist
tag,time loop,54,0,54,0,54,0.0,False,True,Cardcaptor Sakura | Magikano | Zegapain | Higurashi no Naku Koro ni | Kimagure Orange☆Road
tag,Tokyo is the centre of the universe,55,0,55,0,55,0.0,False,True,"Shinseiki Evangelion | Shinseiki Evangelion Movie: Shi to Shinsei | Shinseiki Evangelion Movie: Air/Magokoro wo, Kimi ni | X/1999 | X"
tag,large-scale war,55,0,55,0,55,0.0,False,True,Kidou Senshi Gundam SEED | Wild Arms: Twilight Venom | Saishuu Heiki Kanojo | Uchuu Senkan Yamato (Movie) | Utawarerumono
tag,nostalgia,55,0,55,0,55,0.0,False,True,Akazukin Chacha | GetBackers | Kimi ga Nozomu Eien | Elfen Lied | Haibane Renmei
tag,redemption,55,0,55,0,55,0.0,False,True,Monster | Rurouni Kenshin: Meiji Kenkaku Romantan | Fullmetal Alchemist | Mahoromatic: Automatic Maiden | Mousou Dairinin
tag,unlikely duo,55,0,55,0,55,0.0,False,True,Hayate no Gotoku! | Mainichi ga Nichiyoubi | Switch | Monkey Punch no Sekai: Alice | Michiko to Hatchin
tag,imperial stormtrooper marksmanship academy,56,0,56,0,56,0.0,False,True,Bakuretsu Tenshi | Jungle wa Itsumo Hare nochi Guu Final | Noir | Grenadier: Hohoemi no Senshi | Wild Arms: Twilight Venom
tag,evil military,57,0,57,0,57,0.0,False,True,"Kidou Senshi Gundam: Dai 08 MS Shoutai | Fullmetal Alchemist | Blood+ | Ima, Soko ni Iru Boku | Strange Dawn"
tag,introspection,57,0,57,0,57,0.0,False,True,Hachimitsu to Clover | Monster | Shinseiki Evangelion | Soukyuu no Fafner: Dead Aggressor | Hana yori Dango
tag,coup d`etat,58,0,58,0,58,0.0,False,True,Fullmetal Alchemist | Juuni Kokuki | Koukyoushihen Eureka Seven | Gankutsuou | Kerokko Demetan
tag,unintentional comedy,58,0,58,0,58,0.0,False,True,RahXephon | Hametsu no Mars | Tokkou | Hokuto no Ken | Gun-dou Musashi
tag,family values,59,0,59,0,59,0.0,False,True,Fullmetal Alchemist | Solty Rei | Tokyo Godfathers | Fullmetal Alchemist: Premium Collection | Witchblade
tag,medieval,59,0,59,0,59,0.0,False,True,Kenpuu Denki Berserk | Juuni Kokuki | Scrapped Princess | Tenkuu no Escaflowne | RG Veda
tag,body exchange,60,0,60,0,60,0.0,False,True,Cardcaptor Sakura | Jungle wa Itsumo Hare nochi Guu | Girls Bravo: Second Season | Makai Senki Disgaea | Majutsushi Orphen
tag,despair,60,0,60,0,60,0.0,False,True,Cowboy Bebop | Texhnolyze | Aishiteruze Baby★★ | Wolf's Rain | Jigoku Shoujo
tag,adoring fan club,61,0,61,0,61,0.0,False,True,Shuffle! | Futakoi | Kore ga Watashi no Goshujinsama | I''s Pure | Ouran Koukou Host Club
tag,against destiny,61,0,61,0,61,0.0,False,True,Kenpuu Denki Berserk | Mai-HiME | Fullmetal Alchemist | Mononoke Hime | Shoujo Kakumei Utena
tag,deception,61,0,61,0,61,0.0,False,True,Starship Operators | Gun x Sword | Mouse | Psychic Force | Zero no Tsukaima
tag,master-slave relation,61,0,61,0,61,0.0,False,True,Interstella5555: The 5tory of The 5ecret 5tar 5ystem | Master Mosquiton | Mitsu x Mitsu Drops | Zero no Tsukaima: Futatsuki no Kishi | Yakushiji Ryouko no Kaiki Jikenbo
tag,paper clothes,61,0,61,0,61,0.0,False,True,Tenjou Tenge | Grenadier: Hohoemi no Senshi | Wild Arms: Twilight Venom | UG☆Ultimate Girls | Okusama wa Joshikousei (TV)
tag,court politics,62,0,62,0,62,0.0,False,True,Juuni Kokuki | Versailles no Bara | Saiunkoku Monogatari | Glass no Kantai: La Legende du Vent de l'Univers | Kanashimi no Belladonna
tag,tragic ending,62,0,62,0,62,0.0,False,True,"Cowboy Bebop | Cowboy Bebop: Tengoku no Tobira | Texhnolyze | Shinseiki Evangelion Movie: Air/Magokoro wo, Kimi ni | Kenpuu Denki Berserk"
tag,god is a girl,63,0,63,0,63,0.0,False,True,Aa! Megami-sama! | Aa! Megami-sama! (TV) | Scrapped Princess | Serial Experiments Lain | Kamichu!
tag,recruiting teammates,65,0,65,0,65,0.0,False,True,One Piece | Fushigi Yuugi | Dragon Drive | Bastard!! Ankoku no Hakaishin | RG Veda
tag,light-hearted,66,0,66,0,66,0.0,False,True,Tonari no Yamada-kun | Kurenai no Buta | Majo no Takkyuubin | Neko no Ongaeshi | Umi ga Kikoeru
tag,tactics,66,0,66,0,66,0.0,False,True,Kidou Senshi Gundam: Dai 08 MS Shoutai | Ginga Eiyuu Densetsu | Yokoyama Mitsuteru Sangokushi | Innocent Venus | Kidou Keisatsu Patlabor: New OVA
tag,mental cinema,68,0,68,0,68,0.0,False,True,Cardcaptor Sakura | Daa! Daa! Daa! | Golden Boy | Itazura na Kiss | Kanamemo
tag,sake,68,0,68,0,68,0.0,False,True,Kazemakase Tsukikage Ran | xxxHOLiC Movie: Manatsu no Yoru no Yume | xxxHOLiC | Saber Marionette J to X | Hand Maid Mai
tag,civil war,69,0,69,0,69,0.0,False,True,Akira | Kidou Senshi Gundam ZZ | Fullmetal Alchemist | Juuni Kokuki | Strange Dawn
tag,human cannibalism,69,0,69,0,69,0.0,False,True,Xenosaga The Animation | Speed Grapher | Kyougoku Natsuhiko: Kousetsu Hyaku Monogatari | Kino no Tabi: The Beautiful World | Takahashi Rumiko Gekijou Ningyo no Mori
tag,manipulation,69,0,69,0,69,0.0,False,True,Eyeshield 21 | Basilisk: Kouga Ninpou Chou | Gankutsuou | Kyougoku Natsuhiko: Kousetsu Hyaku Monogatari | Phantom The Animation
tag,treasure hunting,69,0,69,0,69,0.0,False,True,One Piece | Wild Arms: Twilight Venom | Gallery Fake | Dirty Pair | Kamui no Ken
tag,sibling rivalry,70,0,70,0,70,0.0,False,True,Trigun | Monster | Naruto | Ayashi no Ceres | Blood+
tag,aliens living on Earth,71,0,71,0,71,0.0,False,True,DearS | Daa! Daa! Daa! | Shin Tenchi Muyou! | Tenchi Muyou! Ryououki | Tenchi Muyou! Ryououki 2nd Season
tag,nightmares,71,0,71,0,71,0.0,False,True,Monster | Shingetsutan Tsukihime | Kiddy Grade | Wild Arms: Twilight Venom | Gilgamesh
tag,psychological manipulation,71,0,71,0,71,0.0,False,True,Monster | .hack//Sign | Mai-HiME | Peach Girl | Perfect Blue
tag,seeking protagonist,71,0,71,0,71,0.0,False,True,Monster | One Piece | Texhnolyze | .hack//Sign | Fullmetal Alchemist
tag,dreams and reality,72,0,72,0,72,0.0,False,True,Tenshi Kinryouku | Ou Dorobou Jing in Seventh Heaven | Yumeria | Jungle wa Itsumo Hare nochi Guu | Mousou Dairinin
tag,main character dies,73,0,73,0,73,0.0,False,True,Cowboy Bebop | Chrno Crusade | Basilisk: Kouga Ninpou Chou | Kidou Senshi Gundam 0080: Pocket no Naka no Sensou | Mai-HiME
tag,absurdly powerful student council,74,0,74,0,74,0.0,False,True,Mai-HiME | Tenjou Tenge | Shoujo Kakumei Utena | Shoujo Kakumei Utena: Adolescence Mokushiroku | Tenjou Tenge: The Ultimate Fight
tag,ancient aliens,74,0,74,0,74,0.0,False,True,"Shinseiki Evangelion | Shinseiki Evangelion Movie: Shi to Shinsei | Shinseiki Evangelion Movie: Air/Magokoro wo, Kimi ni | Shingetsutan Tsukihime | Macross Zero"
tag,environmentalism,74,0,74,0,74,0.0,False,True,Blue Gender | Mononoke Hime | Koukyoushihen Eureka Seven | Mirai Shounen Conan | Mushishi
tag,everybody is nice,74,0,74,0,74,0.0,False,True,Haibane Renmei | Aria the Animation | Aria the Natural | Hidamari Sketch | Aria the OVA: Arietta
tag,faster-than-light travel,75,0,75,0,75,0.0,False,True,Cowboy Bebop | Cowboy Bebop: Tengoku no Tobira | Kiddy Grade | Seikai no Monshou | Starship Operators
tag,mind fuck,75,0,75,0,75,0.0,False,True,"Texhnolyze | Shinseiki Evangelion | Shinseiki Evangelion Movie: Air/Magokoro wo, Kimi ni | FLCL | Argento Soma"
tag,fate worse than death,76,0,76,0,76,0.0,False,True,"Witch Hunter Robin | Shinseiki Evangelion Movie: Air/Magokoro wo, Kimi ni | Kidou Senshi Victory Gundam | Fullmetal Alchemist | Gantz"
tag,the chosen one!,76,0,76,0,76,0.0,False,True,Juuni Kokuki | Tsubasa Chronicle | Mujin Wakusei Survive | Top wo Nerae! Gunbuster | Star Ocean EX
tag,classical music,77,0,77,0,77,0.0,False,True,Gankutsuou | Piano | Versailles no Bara | Memories Off 3.5 | Hametsu no Mars
tag,artificial intelligence,78,0,78,0,78,0.0,False,True,Koukaku Kidoutai | Chobits | Corrector Yui | Scrapped Princess | B'T X
tag,Tokyo destroyed,79,0,79,0,79,0.0,False,True,Shinseiki Evangelion | Akira | Tenshi Kinryouku | X/1999 | Akahori Gedou Hour Rabuge
tag,unrequited shoujo ai,80,0,80,0,80,0.0,False,True,Azumanga Daiou The Animation | Mai-HiME | Koutetsu Tenshi Kurumi 2 | The Third: Aoi Hitomi no Shoujo | Project A-Ko 2: Daitokuji Zaibatsu no Inbou
tag,good vs evil,81,0,81,0,81,0.0,False,True,Arc the Lad | Akazukin Chacha | Power Stone | Yu☆Gi☆Oh! Duel Monsters | Amaenaide yo!! Katsu!!
tag,motifs,81,0,81,0,81,0.0,False,True,Fruits Basket | Fullmetal Alchemist | Tenkuu no Escaflowne | Cardcaptor Sakura | Kaleido Star
tag,bullet time,82,0,82,0,82,0.0,False,True,Witch Hunter Robin | School Rumble | Full Metal Panic? Fumoffu | Mai-HiME | FLCL
tag,hidden agenda,82,0,82,0,82,0.0,False,True,Witch Hunter Robin | Mai-HiME | Tsubasa Chronicle | Starship Operators | Seihou Bukyou Outlaw Star
tag,penis jokes,82,0,82,0,82,0.0,False,True,Hajime no Ippo | Wild Arms: Twilight Venom | Futari Ecchi | Dragon Half | Ike! Ina-chuu Takkyuu-bu
tag,gattai,83,0,83,0,83,0.0,False,True,Vandread | Vandread: The Second Stage | Gun x Sword | Sousei no Aquarion | Haja Taisei Dangaiou
tag,anachronisms,84,0,84,0,84,0.0,False,True,Samurai Champloo | Haibane Renmei | Aria the Animation | Aria the Natural | Le Chevalier D'Eon
tag,death is cheap,84,0,84,0,84,0.0,False,True,Tenshi Kinryouku | Mai-HiME | 3x3 Eyes | Puchi Pri*Yucie | Bokusatsu Tenshi Dokuro-chan
tag,spirits,84,0,84,0,84,0.0,False,True,Shaman King | Strange Dawn | Tactics | Sen to Chihiro no Kamikakushi | Matantei Loki Ragnarok
tag,strategy,85,0,85,0,85,0.0,False,True,Zipang | Kenpuu Denki Berserk | Konjiki no Gash Bell!! | Mutsu Enmei Ryuu Gaiden: Shura no Toki | Starship Operators
tag,world domination,88,0,88,0,88,0.0,False,True,"Blood+ | Ima, Soko ni Iru Boku | Heppoko Jikken Animation Excel♥Saga | Bastard!! Ankoku no Hakaishin | Keroro Gunsou"
tag,human sacrifice,90,0,90,0,90,0.0,False,True,Witch Hunter Robin | Mai-HiME | Fullmetal Alchemist | Jigoku Shoujo | Koukyoushihen Eureka Seven
tag,zero to hero,90,0,90,0,90,0.0,False,True,Eyeshield 21 | Naruto | Kidou Tenshi Angelic Layer | Aishiteruze Baby★★ | Uchuu no Stellvia
tag,exorcism,91,0,91,0,91,0.0,False,True,Chrno Crusade | Tactics | Dokidoki♡Densetsu: Mahoujin Guruguru | Matantei Loki Ragnarok | Shiritsu Araiso Koutougakkou Seitokai Shikkoubu
tag,trapped in the body of a child,93,0,93,0,93,0.0,False,True,Mai-HiME | Meitantei Conan | Jungle wa Itsumo Hare nochi Guu | Matantei Loki Ragnarok | Wild Arms: Twilight Venom
tag,magic school,94,0,94,0,94,0.0,False,True,Akazukin Chacha | Dokidoki♡Densetsu: Mahoujin Guruguru | Majutsushi Orphen | Mahou Senshi Louie | Zero no Tsukaima
tag,dark,96,0,96,0,96,0.0,False,True,Texhnolyze | Kenpuu Denki Berserk | Rurouni Kenshin: Meiji Kenkaku Romantan - Tsuioku-hen | Blue Gender | Basilisk: Kouga Ninpou Chou
tag,magical creatures,96,0,96,0,96,0.0,False,True,Akazukin Chacha | Ou Dorobou Jing | Juuni Kokuki | Tsubasa Chronicle | Cardcaptor Sakura
tag,child soldier,97,0,97,0,97,0.0,False,True,"Shinseiki Evangelion | Shinseiki Evangelion Movie: Air/Magokoro wo, Kimi ni | Full Metal Panic! | Kidou Senshi Gundam: Dai 08 MS Shoutai | Kidou Senshi Gundam ZZ"
tag,dark atmosphere,98,0,98,0,98,0.0,False,True,"Cowboy Bebop | Texhnolyze | Avenger | Ima, Soko ni Iru Boku | Shingetsutan Tsukihime"
tag,wardrobe malfunction,101,0,101,0,101,0.0,False,True,Ai Yori Aoshi | Mai-HiME | Moldiver | Gunsmith Cats | Joshikousei: Girl's High
tag,long time span,102,0,102,0,102,0.0,False,True,Monster | Kimi ga Nozomu Eien | Dragon Ball | Gungrave | Akage no Anne
tag,dancing,104,0,104,0,104,0.0,False,True,"Full Metal Panic? Fumoffu | Power Stone | Mahoujin Guruguru | Iriya no Sora, UFO no Natsu | Honoo no Labyrinth"
tag,forbidden love,105,0,105,0,105,0.0,False,True,Tenshi Kinryouku | Chobits | Rozen Maiden | Basilisk: Kouga Ninpou Chou | Kamikaze Kaitou Jeanne
tag,childhood promise,106,0,106,0,106,0.0,False,True,Aa! Megami-sama! | Tenshi Kinryouku | Fullmetal Alchemist | Full Moon wo Sagashite | Love Hina
tag,sudden naked girl appearance,106,0,106,0,106,0.0,False,True,Mai-HiME | Blood+ | Happy World! | Kurau Phantom Memory | Mamotte Shugogetten!
tag,gangs,107,0,107,0,107,0.0,False,True,Witch Hunter Robin | Fullmetal Alchemist | Groove Adventure Rave | Gantz | Gantz 2nd Stage
tag,kids in war,107,0,107,0,107,0.0,False,True,Kidou Senshi Gundam | Kidou Senshi Gundam 0080: Pocket no Naka no Sensou | Kidou Senshi Gundam ZZ | Kidou Senshi Gundam F91 | Kidou Senshi Victory Gundam
tag,misunderstanding,107,0,107,0,107,0.0,False,True,School Rumble | Arc the Lad | Love Hina | Binzume Yousei | School Rumble: Ichi Gakki Hoshuu
tag,rebellion,107,0,107,0,107,0.0,False,True,"Fullmetal Alchemist | Juuni Kokuki | Ima, Soko ni Iru Boku | Koukyoushihen Eureka Seven | Kerokko Demetan"
tag,manly tears,108,0,108,0,108,0.0,False,True,One Piece | Kidou Butouden G Gundam | Aishiteruze Baby★★ | Kimi ga Nozomu Eien | Samurai 7
tag,just as planned,109,0,109,0,109,0.0,False,True,Monster | Tennis no Oujisama | Mai-HiME | Kyougoku Natsuhiko: Kousetsu Hyaku Monogatari | Takahashi Rumiko Gekijou Ningyo no Mori
tag,animal abuse,113,0,113,0,113,0.0,False,True,Witch Hunter Robin | One Piece | Fullmetal Alchemist | Jigoku Shoujo | Bleach
tag,disturbing,115,0,115,0,115,0.0,False,True,"Witch Hunter Robin | Boukyaku no Senritsu | Ima, Soko ni Iru Boku | Elfen Lied | Madlax"
tag,self-parody,115,0,115,0,115,0.0,False,True,One Piece | Full Metal Panic? Fumoffu | Final Approach | Puni Puni☆Poemii | Honoo no Labyrinth
tag,aim for the top,119,0,119,0,119,0.0,False,True,Fullmetal Alchemist | Tenjou Tenge | Dragon Ball | Hajime no Ippo | Ace wo Nerae!
tag,battle of wits,120,0,120,0,120,0.0,False,True,Hikaru no Go | Meitantei Conan | Spiral: Suiri no Kizuna | Seikai no Senki Special | Tantei Gakuen Q
tag,human - non-human relationship,120,0,120,0,120,0.0,False,True,"Trinity Blood | Mai-HiME | Blood+ | Ima, Soko ni Iru Boku | Tactics"
tag,military is useless,121,0,121,0,121,0.0,False,True,Shin Kidou Senki Gundam Wing | Bannou Bunka Neko-Musume DASH! | Dirty Pair | Mahoutsukai Tai! | Makai Senki Disgaea
tag,sibling yin yang,122,0,122,0,122,0.0,False,True,Witch Hunter Robin | School Rumble | D.N.Angel | Blood+ | Tenkuu no Escaflowne
tag,brainwashing,124,0,124,0,124,0.0,False,True,Last Exile | Fullmetal Alchemist | Solty Rei | Kyougoku Natsuhiko: Kousetsu Hyaku Monogatari | Wild Arms: Twilight Venom
tag,family without father,124,0,124,0,124,0.0,False,True,Aishiteruze Baby★★ | Fullmetal Alchemist | First Kiss Monogatari | Kokoro Toshokan | Fullmetal Alchemist: Premium Collection
tag,car chases,125,0,125,0,125,0.0,False,True,Cowboy Bebop | Meitantei Conan | Jungle wa Itsumo Hare nochi Guu | Seikai no Monshou | eX-Driver
tag,entertainment industry,126,0,126,0,126,0.0,False,True,Full Moon wo Sagashite | Gravitation | Golden Boy | Love♥Love? | Perfect Blue
tag,gotta catch them all,131,0,131,0,131,0.0,False,True,Mahou Shoujo Lyrical Nanoha | Hunter x Hunter: Greed Island | Hunter x Hunter: Greed Island Final | Kamikaze Kaitou Jeanne | Tsubasa Chronicle
tag,be careful what you wish for,135,0,135,0,135,0.0,False,True,Tsubasa Chronicle | Speed Grapher | Sen to Chihiro no Kamikakushi | Jigoku Shoujo | Jungle wa Itsumo Hare nochi Guu
tag,alien invasion,137,0,137,0,137,0.0,False,True,"Soukyuu no Fafner: Dead Aggressor | Iriya no Sora, UFO no Natsu | Stratos 4 | Puni Puni☆Poemii | Mahoutsukai Tai!"
tag,defeat means friendship,139,0,139,0,139,0.0,False,True,Naruto | Tennis no Oujisama | Rurouni Kenshin: Meiji Kenkaku Romantan | Kidou Tenshi Angelic Layer | Chrno Crusade
tag,parricide,142,0,142,0,142,0.0,False,True,Witch Hunter Robin | Monster | Avenger | Kidou Senshi Gundam | Fullmetal Alchemist
tag,saving the world,147,0,147,0,147,0.0,False,True,Kidou Senshi Victory Gundam | Dokidoki♡Densetsu: Mahoujin Guruguru | Mujin Wakusei Survive | Uchuu Senkan Yamato (Movie) | Digimon Tamers
tag,girly tears,148,0,148,0,148,0.0,False,True,Kidou Tenshi Angelic Layer | Air | Aishiteruze Baby★★ | Ayashi no Ceres | Fruits Basket
tag,spacing out,148,0,148,0,148,0.0,False,True,D.C.: Da Capo | Azumanga Daiou The Animation | Green Green | Tenshi na Konamaiki | Cardcaptor Sakura
tag,dysfunctional family,153,0,153,0,153,0.0,False,True,.hack//Sign | Aishiteruze Baby★★ | Loveless | Gankutsuou | Jungle wa Itsumo Hare nochi Guu Final
tag,immortality,155,0,155,0,155,0.0,False,True,Witch Hunter Robin | Avenger | Fullmetal Alchemist | Juuni Kokuki | Shingetsutan Tsukihime
tag,slow-paced,159,0,159,0,159,0.0,False,True,Monster | One Piece | Texhnolyze | .hack//Sign | Aa! Megami-sama!
tag,eating of humans,160,0,160,0,160,0.0,False,True,Kenpuu Denki Berserk | Fullmetal Alchemist | Blood+ | Juuni Kokuki | Boukyaku no Senritsu
tag,RPG aspects,161,0,161,0,161,0.0,False,True,Bouken Ou Beet | .hack//Sign | Arc the Lad | Chobits | Tsubasa Chronicle
tag,social class issues,163,0,163,0,163,0.0,False,True,Monster | Texhnolyze | Kenpuu Denki Berserk | Cluster Edge | Last Exile
tag,child abuse,165,0,165,0,165,0.0,False,True,.hack//Sign | Avenger | Mahou Shoujo Lyrical Nanoha | Aishiteruze Baby★★ | Fullmetal Alchemist
tag,cultural references,165,0,165,0,165,0.0,False,True,Witch Hunter Robin | FLCL | Cardcaptor Sakura | Koukyoushihen Eureka Seven | Aa! Megami-sama!: Chicchai tte Koto wa Benri da ne
tag,everybody dies,165,0,165,0,165,0.0,False,True,"Texhnolyze | Shinseiki Evangelion Movie: Air/Magokoro wo, Kimi ni | Kenpuu Denki Berserk | Tenshi Kinryouku | Blue Gender"
tag,Japanese mythology,168,0,168,0,168,0.0,False,True,Naruto | Tactics | Sen to Chihiro no Kamikakushi | Zettai Shounen | Mushishi
tag,flat chest jokes,168,0,168,0,168,0.0,False,True,Mai-HiME | Air | Cardcaptor Sakura | Jungle wa Itsumo Hare nochi Guu | Pokemon
tag,antihero,169,0,169,0,169,0.0,False,True,Cowboy Bebop | Sunabouzu | Kenpuu Denki Berserk | Tenjou Tenge | Hellsing
tag,grandiose displays of wealth,170,0,170,0,170,0.0,False,True,D.C.: Da Capo | Shin Kidou Senki Gundam Wing | Hana yori Dango | Shinpi no Sekai El-Hazard | Speed Grapher
tag,police are useless,172,0,172,0,172,0.0,False,True,D.N.Angel | Bakuretsu Tenshi | Futakoi Alternative | Re: Cutie Honey | Solty Rei
tag,hard work and guts,175,0,175,0,175,0.0,False,True,Eyeshield 21 | Tennis no Oujisama | Beck | Fullmetal Alchemist | Air Master
tag,Do Androids Dream of Electric Sheep?,176,0,176,0,176,0.0,False,True,Koukaku Kidoutai | Appleseed (Movie) | Chobits | D.C.: Da Capo | Mai-HiME
tag,hostage situation,178,0,178,0,178,0.0,False,True,Full Metal Panic! | Kidou Senshi Victory Gundam | Chuuka Ichiban! | Fullmetal Alchemist | Solty Rei
tag,show within a show,178,0,178,0,178,0.0,False,True,School Rumble | Rozen Maiden | Rozen Maiden: Träumend | Kidou Senkan Nadesico | Genshiken
tag,fast-paced,179,0,179,0,179,0.0,False,True,Kidou Senshi Gundam F91 | Air | Re: Cutie Honey | Tenkuu no Escaflowne | FLCL
tag,war-zone realities,184,0,184,0,184,0.0,False,True,Zipang | Cluster Edge | Kidou Senshi Gundam | Kidou Senshi Gundam: Dai 08 MS Shoutai | Kidou Senshi Gundam 0080: Pocket no Naka no Sensou
tag,secret organisation,186,0,186,0,186,0.0,False,True,Witch Hunter Robin | One Piece | Full Metal Panic! | Full Metal Panic! The Second Raid | Gakuen Alice
tag,lost technology,188,0,188,0,188,0.0,False,True,Cowboy Bebop | Trigun | Trinity Blood | Mahou Shoujo Lyrical Nanoha | Mahou Shoujo Lyrical Nanoha A's
tag,melodrama,188,0,188,0,188,0.0,False,True,Tenshi Kinryouku | Soukyuu no Fafner: Dead Aggressor | Shin Kidou Senki Gundam Wing | Air | Ayashi no Ceres
tag,talking is a free action,188,0,188,0,188,0.0,False,True,Naruto | Kidou Senshi Victory Gundam | Kidou Senshi Gundam SEED | Mai-HiME | Juuni Kokuki
tag,mundane made awesome,191,0,191,0,191,0.0,False,True,Eyeshield 21 | Tennis no Oujisama | School Rumble | Yakitate!! Japan | Full Metal Panic? Fumoffu
tag,family without mother,192,0,192,0,192,0.0,False,True,Aishiteruze Baby★★ | Fullmetal Alchemist | Pita Ten | Ranma ½ | Cardcaptor Sakura
tag,lethal chef,194,0,194,0,194,0.0,False,True,Tennis no Oujisama | Chrno Crusade | D.N.Angel | D.C.: Da Capo | DearS
tag,sociocultural evolution,194,0,194,0,194,0.0,False,True,"Sunabouzu | Shinseiki Evangelion | Shinseiki Evangelion Movie: Air/Magokoro wo, Kimi ni | Appleseed (Movie) | Last Exile"
tag,tournament,197,0,197,0,197,0.0,False,True,One Piece | Yakitate!! Japan | Kidou Tenshi Angelic Layer | Avenger | Kidou Butouden G Gundam
tag,running gag,199,0,199,0,199,0.0,False,True,Azumanga Daiou The Animation | Mai-HiME | Fullmetal Alchemist | Gate Keepers | Strange Dawn
tag,occupation and career,200,0,200,0,200,0.0,False,True,Yakitate!! Japan | Chuuka Ichiban! | Fullmetal Alchemist | Full Moon wo Sagashite | Hikaru no Go
tag,promise,202,0,202,0,202,0.0,False,True,Aa! Megami-sama! | Tenshi Kinryouku | Kidou Senshi Gundam 0080: Pocket no Naka no Sensou | Fullmetal Alchemist | Full Moon wo Sagashite
tag,poverty,206,0,206,0,206,0.0,False,True,Witch Hunter Robin | Hana yori Dango | Fullmetal Alchemist | Gunparade March: Arata Naru Kougunka | Kerokko Demetan
tag,the power of love,207,0,207,0,207,0.0,False,True,Chrno Crusade | D.N.Angel | Basilisk: Kouga Ninpou Chou | Kidou Butouden G Gundam | Shin Shirayuki-hime Densetsu Prétear
tag,human experimentation,213,0,213,0,213,0.0,False,True,Witch Hunter Robin | Monster | Mai-HiME | Fullmetal Alchemist | Loveless
tag,colour coded,215,0,215,0,215,0.0,False,True,Shuffle! | Shoujo Kakumei Utena | Aria the Animation | Joshikousei: Girl's High | Higurashi no Naku Koro ni
tag,mutilation,237,0,237,0,237,0.0,False,True,Mai-HiME | Fullmetal Alchemist | Solty Rei | Kyougoku Natsuhiko: Kousetsu Hyaku Monogatari | Gilgamesh
tag,magic weapons,239,0,239,0,239,0.0,False,True,Mai-HiME | Juuni Kokuki | Cardcaptor Sakura | Bleach | Dokidoki♡Densetsu: Mahoujin Guruguru
tag,wordplay,240,0,240,0,240,0.0,False,True,Azumanga Daiou The Animation | Mai-HiME | Akazukin Chacha | Shaman King | Cardcaptor Sakura
tag,fate,241,0,241,0,241,0.0,False,True,Kenpuu Denki Berserk | Avenger | Mai-HiME | Ayashi no Ceres | Fullmetal Alchemist
tag,improbable physics,243,0,243,0,243,0.0,False,True,Tennis no Oujisama | Rozen Maiden: Träumend | Cluster Edge | Last Exile | Bakuretsu Tenshi
tag,emotions awaken superpowers,245,0,245,0,245,0.0,False,True,Witch Hunter Robin | Tenshi Kinryouku | Ayashi no Ceres | Fushigi Yuugi | Hunter x Hunter
tag,European stylised,257,0,257,0,257,0.0,False,True,Kenpuu Denki Berserk | D.N.Angel | Cluster Edge | Last Exile | Fullmetal Alchemist
tag,in medias res,258,0,258,0,258,0.0,False,True,Kenpuu Denki Berserk | Tenshi Kinryouku | Kidou Senshi Victory Gundam | Tsubasa Chronicle | Gungrave
tag,monster of the week,259,0,259,0,259,0.0,False,True,Witch Hunter Robin | Yakitate!! Japan | Shin Shirayuki-hime Densetsu Prétear | Akazukin Chacha | Ou Dorobou Jing
tag,heroic sacrifice,270,0,270,0,270,0.0,False,True,Witch Hunter Robin | .hack//Sign | Soukyuu no Fafner: Dead Aggressor | Kidou Senshi Victory Gundam | Shin Kidou Senki Gundam Wing
tag,jealousy,277,0,277,0,277,0.0,False,True,Kenpuu Denki Berserk | .hack//Sign | Mai-HiME | Aishiteruze Baby★★ | Hana yori Dango
tag,plot twists,283,0,283,0,283,0.0,False,True,Witch Hunter Robin | Monster | Shuffle! | Shin Kidou Senki Gundam Wing | Kidou Senshi Gundam SEED Destiny
tag,science and magic coexist,289,0,289,0,289,0.0,False,True,Witch Hunter Robin | Aa! Megami-sama! | Aa! Megami-sama! (TV) | Cluster Edge | Mahou Shoujo Lyrical Nanoha A's
tag,betrayal,298,0,298,0,298,0.0,False,True,Witch Hunter Robin | Monster | Full Metal Panic! | Kidou Senshi Gundam: Dai 08 MS Shoutai | Kidou Senshi Gundam 0083: Stardust Memory
tag,suicide,301,0,301,0,301,0.0,False,True,Witch Hunter Robin | Monster | Texhnolyze | Shinseiki Evangelion | Basilisk: Kouga Ninpou Chou
tag,adults are useless,304,0,304,0,304,0.0,False,True,D.N.Angel | Shin Kidou Senki Gundam Wing | Bakuretsu Tenshi | Futakoi Alternative | Re: Cutie Honey
tag,happy ending,304,0,304,0,304,0.0,False,True,Arc the Lad | Blue Gender | D.N.Angel | Mahou Shoujo Lyrical Nanoha A's | Shuffle!
tag,strong male lead,314,0,314,0,314,0.0,False,True,Cowboy Bebop | Witch Hunter Robin | One Piece | Texhnolyze | Akira
tag,kidnapping,323,0,323,0,323,0.0,False,True,Witch Hunter Robin | Fullmetal Alchemist | Strange Dawn | Xenosaga The Animation | Jungle wa Itsumo Hare nochi Guu Final
tag,breast fondling,327,0,327,0,327,0.0,False,True,Sunabouzu | Shinseiki Evangelion | Aa! Megami-sama! | Aa! Megami-sama! (TV) | Ai Yori Aoshi
tag,call my name,327,0,327,0,327,0.0,False,True,Naruto | School Rumble | Kenpuu Denki Berserk | Akira | Ai Yori Aoshi
tag,massacre,339,0,339,0,339,0.0,False,True,"Cowboy Bebop | Witch Hunter Robin | Monster | Trinity Blood | Shinseiki Evangelion Movie: Air/Magokoro wo, Kimi ni"
tag,spellcasting,343,0,343,0,343,0.0,False,True,.hack//Sign | Mahou Shoujo Lyrical Nanoha A's | Scrapped Princess | Dokidoki♡Densetsu: Mahoujin Guruguru | Tsukuyomi: Moon Phase
tag,money,346,0,346,0,346,0.0,False,True,Witch Hunter Robin | D.C.: Da Capo | Shin Kidou Senki Gundam Wing | Hana yori Dango | Shinpi no Sekai El-Hazard
tag,boy meets girl,357,0,357,0,357,0.0,False,True,Aa! Megami-sama! | Aa! Megami-sama! (TV) | Ai Yori Aoshi | Chobits | Rozen Maiden
tag,ensemble cast,366,0,366,0,366,0.0,False,True,Cowboy Bebop | .hack//Sign | Azumanga Daiou The Animation | Kita e.: Diamond Dust Drops | Tsubasa Chronicle
tag,Engrish,375,0,375,0,375,0.0,False,True,Witch Hunter Robin | Tennis no Oujisama | Beck | DearS | Azumanga Daiou The Animation
tag,teamwork,376,0,376,0,376,0.0,False,True,Witch Hunter Robin | One Piece | .hack//Sign | Kidou Senshi Victory Gundam | GetBackers
tag,nearly almighty protagonist,379,0,379,0,379,0.0,False,True,Trigun | Witch Hunter Robin | Naruto | One Piece | Trinity Blood
tag,sense of foreboding,406,0,406,0,406,0.0,False,True,Cowboy Bebop | Monster | .hack//Sign | Appleseed (Movie) | Avenger
tag,drastic change of life,411,0,411,0,411,0.0,False,True,Witch Hunter Robin | Kenpuu Denki Berserk | Gakuen Alice | Mahou Shoujo Lyrical Nanoha | Mai-Otome
tag,following one`s dream,447,0,447,0,447,0.0,False,True,Eyeshield 21 | Hachimitsu to Clover | Naruto | One Piece | Tennis no Oujisama
tag,Gainax bounce,467,0,467,0,467,0.0,False,True,Sunabouzu | Ai Yori Aoshi | Chrno Crusade | D.N.Angel | D.C.: Da Capo
tag,magic circles,469,0,469,0,469,0.0,False,True,Witch Hunter Robin | .hack//Sign | Aa! Megami-sama! | Aa! Megami-sama! (TV) | Mahou Shoujo Lyrical Nanoha
tag,ass-kicking girls,474,0,474,0,474,0.0,False,True,One Piece | Avenger | Rozen Maiden | Rozen Maiden: Träumend | Mahou Shoujo Lyrical Nanoha
tag,skimpy clothing,503,0,503,0,503,0.0,False,True,Witch Hunter Robin | One Piece | Aa! Megami-sama! | Aa! Megami-sama! (TV) | Basilisk: Kouga Ninpou Chou
tag,breasts,596,0,596,0,596,0.0,False,True,One Piece | Sunabouzu | Shinseiki Evangelion | Aa! Megami-sama! (TV) | D.C.: Da Capo
tag,visible aura,614,0,614,0,614,0.0,False,True,Initial D Fourth Stage | Tennis no Oujisama | School Rumble | Aishiteruze Baby★★ | Tsubasa Chronicle
tag,collateral damage,817,0,817,0,817,0.0,False,True,Cowboy Bebop | Witch Hunter Robin | One Piece | Tenshi Kinryouku | Chrno Crusade
tag,borderline porn,29,5,29,0,29,0.0,False,True,UG☆Ultimate Girls | Kiss x Sis (TV) | Dororon Enma-kun Meeramera | 30-sai no Hoken Taiiku | Kämpfer für die Liebe
tag,game references,78,5,78,0,78,0.0,False,True,Yumeria | Genshiken | Jungle wa Itsumo Hare nochi Guu Final | Wizardry | Lucky☆Star
tag,love at first sight,79,5,79,0,79,0.0,False,True,Cardcaptor Sakura | Koukyoushihen Eureka Seven | Versailles no Bara | Gantz | Gantz 2nd Stage
tag,important haircut,163,5,163,0,163,0.0,False,True,Trigun | Naruto | Yakitate!! Japan | Full Metal Panic! The Second Raid | Shuffle!
tag,intact family,184,5,184,0,184,0.0,False,True,Mahou Shoujo Lyrical Nanoha | Aishiteruze Baby★★ | Uchuu no Stellvia | Kareshi Kanojo no Jijou | Ultra Maniac
tag,damsel in distress,221,5,221,0,221,0.0,False,True,Rurouni Kenshin: Meiji Kenkaku Romantan - Tsuioku-hen | Rurouni Kenshin: Meiji Kenkaku Romantan | Black Cat | Shin Kidou Senki Gundam Wing: Endless Waltz | Ayashi no Ceres
tag,social commentary,463,5,463,0,463,0.0,False,True,Monster | Texhnolyze | Shinseiki Evangelion | Kenpuu Denki Berserk | Akira
tag,non-linear,83,6,83,0,83,0.0,False,True,Jinki:Extend | Boogiepop wa Warawanai | Yami to Boushi to Hon no Tabibito | Suzumiya Haruhi no Yuuutsu | Shamanic Princess
tag,propaganda,93,6,93,0,93,0.0,False,True,"Witch Hunter Robin | Kidou Senshi Victory Gundam | Kidou Senshi Gundam SEED | Ima, Soko ni Iru Boku | RahXephon"
tag,extrasensory perception,195,6,195,0,195,0.0,False,True,Witch Hunter Robin | School Rumble | Akira | Gakuen Alice | Kidou Senshi Gundam
tag,summoning,230,6,230,0,230,0.0,False,True,Mai-HiME | Shaman King | Strange Dawn | Dokidoki♡Densetsu: Mahoujin Guruguru | Tsukuyomi: Moon Phase
tag,character driven,381,6,381,0,381,0.0,False,True,Cowboy Bebop | Monster | Azumanga Daiou The Animation | Gunslinger Girl | Juuni Kokuki
tag,facial distortion,434,6,434,0,434,0.0,False,True,One Piece | School Rumble | Aa! Megami-sama! (TV) | Kidou Tenshi Angelic Layer | Mai-HiME
tag,family life,1138,6,1138,0,1138,0.0,False,True,School Rumble | .hack//Sign | D.N.Angel | D.C.: Da Capo | DearS
tag,motivational anime,82,7,82,0,82,0.0,False,True,Hachimitsu to Clover | Tennis no Oujisama | Yakitate!! Japan | Beck | Chuuka Ichiban!
tag,iyashi-kei,118,7,118,0,118,0.0,False,True,Mushishi | Aria the Animation | Kamichu! | Kokoro Toshokan | NieA Under 7
tag,faceless background characters,145,7,145,0,145,0.0,False,True,Jungle wa Itsumo Hare nochi Guu Final | Kyougoku Natsuhiko: Kousetsu Hyaku Monogatari | Pugyuru | xxxHOLiC | Hidamari Sketch
tag,first love,154,7,154,0,154,0.0,False,True,Aishiteruze Baby★★ | Hana yori Dango | Kamichu! | Sakura Tsuushin | Narue no Sekai
tag,body and host,263,7,263,0,263,0.0,False,True,D.N.Angel | Ayashi no Ceres | Hikaru no Go | Juuni Kokuki | Shaman King
tag,dialogue driven,450,7,450,0,450,0.0,False,True,.hack//Sign | Full Metal Panic! The Second Raid | Aishiteruze Baby★★ | Kimi ga Nozomu Eien | Maria-sama ga Miteru
tag,time skip,404,8,404,0,404,0.0,False,True,Bouken Ou Beet | Monster | One Piece | Kenpuu Denki Berserk | .hack//Sign
tag,journey,141,9,141,0,141,0.0,False,True,One Piece | Fushigi Yuugi | Gensoumaden Saiyuuki | Saiyuuki Reload | Saiyuuki Reload Gunlock
tag,Greek mythology,145,9,145,0,145,0.0,False,True,One Piece | Trinity Blood | Tenshi Kinryouku | Appleseed (Movie) | Kidou Senshi Gundam SEED Destiny
tag,amnesia,281,9,281,0,281,0.0,False,True,Monster | .hack//Sign | D.C.: Da Capo | Ayashi no Ceres | Bakuretsu Tenshi
tag,horny nosebleed,404,9,404,0,404,0.0,False,True,One Piece | Aa! Megami-sama! | Chobits | D.C.: Da Capo | Full Metal Panic? Fumoffu
tag,death,1192,9,1192,0,1192,0.0,False,True,Cowboy Bebop | Witch Hunter Robin | Monster | One Piece | Texhnolyze
tag,Alice`s Adventures in Wonderland,31,10,31,0,31,0.0,False,True,Rozen Maiden | Kagi Hime Monogatari: Eikyuu Alice Rondo | Mahou Shoujo-tai Arusu | Project ARMS | Project ARMS: The 2nd Chapter
tag,Journey to the West,34,10,34,0,34,0.0,False,True,Gensoumaden Saiyuuki | Saiyuuki Reload | Saiyuuki Reload Gunlock | Dragon Ball | Gensoumaden Saiyuuki Movie: Requiem - Erabarezaru Mono e no Chinkonka
tag,body takeover,191,10,191,0,191,0.0,False,True,Ayashi no Ceres | Hikaru no Go | Juuni Kokuki | Shaman King | Kyou kara Maou!
tag,bullying,273,10,273,0,273,0.0,False,True,Aishiteruze Baby★★ | Hana yori Dango | Fruits Basket | Fullmetal Alchemist | Loveless
tag,open-ended,713,10,713,0,713,0.0,False,True,Initial D Fourth Stage | Trinity Blood | Zipang | Shinseiki Evangelion | Kenpuu Denki Berserk
tag,strong female lead,771,10,771,0,771,0.0,False,True,Witch Hunter Robin | Koukaku Kidoutai | Kidou Tenshi Angelic Layer | Appleseed (Movie) | Avenger
tag,perpetual ongoing,56,11,56,0,56,0.0,False,True,Naruto | One Piece | Ranma ½ | Dragon Ball | Meitantei Conan
tag,daikaijuu,315,11,315,0,315,0.0,False,True,"Shinseiki Evangelion | Shinseiki Evangelion Movie: Shi to Shinsei | Shinseiki Evangelion Movie: Air/Magokoro wo, Kimi ni | Soukyuu no Fafner: Dead Aggressor | Mahou Shoujo Lyrical Nanoha A's"
tag,heart-warming,498,11,498,0,498,0.0,False,True,Kidou Tenshi Angelic Layer | Aishiteruze Baby★★ | Uchuu no Stellvia | Fruits Basket | Full Moon wo Sagashite
tag,randomness,315,12,315,0,315,0.0,False,True,School Rumble | Azumanga Daiou The Animation | Sakigake!! Cromartie Koukou | Tsubasa Chronicle | FLCL
tag,master-servant relationship,352,12,352,0,352,0.0,False,True,DearS | Rozen Maiden | Rozen Maiden: Träumend | Mai-Otome | Loveless
tag,animal world,54,13,54,0,54,0.0,False,True,Kerokko Demetan | Meitantei Holmes | Tamala 2010: A Punk Cat in Space | Mitsubachi Maya no Bouken | TaoTao Ehonkan Sekai Doubutsu Banashi
tag,funny expressions,699,13,699,0,699,0.0,False,True,One Piece | School Rumble | Mai-HiME | Hana yori Dango | GetBackers
tag,surreal,126,14,126,0,126,0.0,False,True,"Texhnolyze | Shinseiki Evangelion Movie: Air/Magokoro wo, Kimi ni | Ou Dorobou Jing | Ou Dorobou Jing in Seventh Heaven | Fushigi Yuugi"
tag,branching story,48,15,48,0,48,0.0,False,True,Higurashi no Naku Koro ni | Yojouhan Shinwa Taikei | Issho ni Sleeping: Sleeping with Hinako | Amagami SS | Yosuga no Sora
tag,competition,353,15,353,0,353,0.0,False,True,Hungry Heart: Wild Striker | One Piece | Tennis no Oujisama | Yakitate!! Japan | Aa! Megami-sama!
tag,predominantly male cast,405,15,405,0,405,0.0,False,True,Initial D Fourth Stage | Tennis no Oujisama | Zipang | Tenshi Kinryouku | Shin Shirayuki-hime Densetsu Prétear
tag,incomplete story,440,15,440,0,440,0.0,False,True,Initial D Fourth Stage | Tennis no Oujisama | Yakitate!! Japan | Zipang | Kenpuu Denki Berserk
tag,under one roof,386,16,386,0,386,0.0,False,True,Aa! Megami-sama! | D.C.: Da Capo | DearS | Rozen Maiden | Aishiteruze Baby★★
tag,older female younger male,90,18,90,0,90,0.0,False,True,Rurouni Kenshin: Meiji Kenkaku Romantan - Tsuioku-hen | RahXephon | Onegai☆Teacher | FLCL | Cardcaptor Sakura
tag,walls of text,172,20,172,0,172,0.0,False,True,Serial Experiments Lain | Paniponi Dash! | Sensei no Ojikan: Dokidoki School Hours | Suzumiya Haruhi no Yuuutsu | Negima!?
tag,tales,177,20,177,0,177,0.0,False,True,Rozen Maiden | Shin Shirayuki-hime Densetsu Prétear | Gensoumaden Saiyuuki | Saiyuuki Reload | Saiyuuki Reload Gunlock
tag,folklore,149,23,149,0,149,0.0,False,True,Shin Shirayuki-hime Densetsu Prétear | Mononoke Hime | Sen to Chihiro no Kamikakushi | Kyougoku Natsuhiko: Kousetsu Hyaku Monogatari | Howl no Ugoku Shiro
tag,fighting,624,23,624,0,624,0.0,False,True,Naruto | One Piece | Shinseiki Evangelion | Avenger | Basilisk: Kouga Ninpou Chou
tag,fairy tale,76,24,76,0,76,0.0,False,True,Shin Shirayuki-hime Densetsu Prétear | Mononoke Hime | Sen to Chihiro no Kamikakushi | Howl no Ugoku Shiro | Tenkuu no Shiro Laputa
tag,undead,581,24,581,0,581,0.0,False,True,Witch Hunter Robin | One Piece | Trinity Blood | D.N.Angel | Akazukin Chacha
tag,age difference romance,228,25,228,0,228,0.0,False,True,Rurouni Kenshin: Meiji Kenkaku Romantan - Tsuioku-hen | Rurouni Kenshin: Meiji Kenkaku Romantan | Kita e.: Diamond Dust Drops | Loveless | RahXephon
tag,animal protagonist,76,31,76,0,76,0.0,False,True,Kerokko Demetan | Neko no Ongaeshi | Kanojo to Kanojo no Neko | Oruchuban Ebichu | Junkers Come Here
tag,narration,730,44,730,0,730,0.0,False,True,One Piece | Shin Kidou Senki Gundam Wing | Aishiteruze Baby★★ | Fullmetal Alchemist | Onegai☆Teacher
tag,predominantly female cast,1040,45,1040,0,1040,0.0,False,True,School Rumble | Ai Yori Aoshi | D.C.: Da Capo | Azumanga Daiou The Animation | Shuffle!
tag,episodic,387,51,387,0,387,0.0,False,True,Cowboy Bebop | Kita e.: Diamond Dust Drops | Tactics | Samurai Champloo | Meitantei Conan
tag,calling your attacks,858,54,858,0,858,0.0,False,True,Naruto | One Piece | Rurouni Kenshin: Meiji Kenkaku Romantan | Chrno Crusade | Mahou Shoujo Lyrical Nanoha
tag,female protagonist,1119,70,1119,0,1119,0.0,False,True,Cowboy Bebop: Tengoku no Tobira | Witch Hunter Robin | School Rumble | Blue Gender | Gakuen Alice
tag,male protagonist,1498,111,1498,0,1498,0.0,False,True,Cowboy Bebop | Cowboy Bebop: Tengoku no Tobira | Trigun | One Piece | Kenpuu Denki Berserk
tag,billiards,5,5,5,5,0,300.0,False,False,Soreyuke! Uchuu Senkan Yamamoto Youko | Mikeneko Holmes no Yuurei Joushu | Death Billiards | Gamers! | CMFU Xueyuan: Wangzi Peng Peng Qiu
tag,lacrosse,6,6,6,6,0,150.0,False,False,Futari wa Precure | Ochame na Futago: Claire Gakuin Monogatari | Yozakura Quartet: Hana no Uta | Cross Ange: Tenshi to Ryuu no Rondo | Kimi no Koe wo Todoketai
tag,mountaineering,6,6,6,6,0,333.33,False,False,Cobra The Animation | Yama no Susume | Yama no Susume Second Season | Yama no Susume Third Season | Yama no Susume: Omoide Present
tag,housewives,7,7,7,7,0,214.29,False,False,Ai Yori Aoshi | Cream Lemon: New Generation | Hai! Akko desu | Otona Joshi no Anime Time | Slow Start
tag,inline skating,7,7,7,7,0,314.29,False,False,Cardcaptor Sakura | Air Gear | Mahou Shoujo Lyrical Nanoha StrikerS | Aachi wa Ssipak | Shugo Chara!
tag,cheerleading,9,9,9,9,0,355.56,False,False,Cardcaptor Sakura | Ookiku Furikabutte | Cheer Danshi!! | Anima Yell! | Jingai-san no Yome
tag,office lady,9,9,9,9,0,344.44,False,False,Ai Yori Aoshi | Bannou Bunka Neko-Musume DASH! | Yutori-chan | Sweet Spot | Senpai ga Uzai Kouhai no Hanashi
tag,poker,9,9,9,9,0,222.22,False,False,Devil May Cry | Shin Hakkenden | Mardock Scramble: The First Compression | Rio: Rainbow Gate! | Asobi ni Iku yo!: Asobi ni Oide
tag,rugby,9,9,9,9,0,333.33,False,False,Full Metal Panic? Fumoffu | Ai Monogatari: 9 Love Stories | Madonna | Osu!! Karate-bu | All Out!!
tag,karuta,10,10,10,10,0,330.0,False,False,Bleach | Seto no Hanayome | Sengoku Otome: Momoiro Paradox | Chihayafuru | Chihayafuru 2
tag,archaeology,11,11,11,11,0,272.73,False,False,Tsubasa Chronicle | Lupin III: Babylon no Ougon Densetsu | Master Keaton | Reideen | Master Keaton OVA
tag,badminton,11,11,11,11,0,281.82,False,False,Gintama | Wagaya no Oinari-sama. | Gintama' | Tari Tari | Haitai Nanafa
tag,go,11,11,11,11,0,263.64,False,False,Hikaru no Go | Tenjou Tenge | Ranma ½: Chuugoku Nekonron Daikessen! Okite Yaburi no Gekitou-hen!! | Yuukan Club | Saraiya Goyou
tag,volcanic eruption,11,11,11,11,0,163.64,False,False,Kino no Tabi: The Beautiful World | Majutsushi Orphen | Giniro no Kami no Agito | Kakugo no Susume | Guskou Budori no Denki
tag,huge breasts,12,12,12,12,0,208.33,False,False,Kizumonogatari I: Tekketsu-hen | Komori-san wa Kotowarenai! | Kizumonogatari II: Nekketsu-hen | Kizumonogatari III: Reiketsu-hen | Kinsou no Vermeil: Gakeppuchi Majutsushi wa Saikyou no Yakusai to Mahou Sekai wo Tsukisusumu
tag,karate,14,14,14,14,0,314.29,False,False,Kodomo no Omocha (TV) | Shijou Saikyou no Deshi Kenichi | Natsuki Crisis | Shin Hurricane Polymar | Osu!! Karate-bu
tag,sumo wrestling,14,14,14,14,0,278.57,False,False,Maicching Machiko-sensei | Ryuuseiki Gakusaver | Wanpaku Ouji no Orochi Taiji | Let's Nupu Nupu | Kintarou Taiiku Nikki
tag,astronomy,15,15,15,15,0,293.33,False,False,Narue no Sekai | Hoshizora Kiseki | Muumindani no Suisei | Sora no Manimani | Denpa Onna to Seishun Otoko
tag,preschool,15,15,15,15,0,173.33,False,False,Aishiteruze Baby★★ | Yume de Aetara (TV) | Crayon Shin-chan | Hanamaru Youchien | Usagi Drop
tag,wuxia,15,15,15,15,0,500.0,False,False,Shin Chou Kyou Ryo: Condor Hero | Shin Chou Kyou Ryo: Condor Hero II | Shin Chou Kyou Ryo: Condor Hero III | Ling Yu | Doupo Cangqiong
tag,dieselpunk,16,16,16,16,0,331.25,False,False,Fullmetal Alchemist | The Big O | Jin-Rou | Fullmetal Alchemist: Premium Collection | Ouritsu Uchuugun: Honneamise no Tsubasa
tag,drifting,16,16,16,16,0,525.0,False,False,Initial D Fourth Stage | Initial D First Stage | Initial D Second Stage | Initial D Third Stage | Initial D Battle Stage
tag,ice skating,16,16,16,16,0,337.5,False,False,Kita e.: Diamond Dust Drops | Ranma ½ | Kaleido Star | Ginban Kaleidoscope | Love Get Chu
tag,mechanical tentacle,16,16,16,16,0,150.0,False,False,Karas | The Third: Aoi Hitomi no Shoujo | A.D. Police (TV) | Cyber City Oedo 808 | Getsumen to Heiki Mina
tag,Olympics,17,17,17,17,0,258.82,False,False,Ginban Kaleidoscope | Yawara! | Yawara!: Zutto Kimi no Koto ga... | Attacker You! | Ganbarist! Shun
tag,famine,17,17,17,17,0,211.76,False,False,Juuni Kokuki | Saishuu Heiki Kanojo | Hotaru no Haka | Saiunkoku Monogatari | Pumpkin Scissors
tag,seiyuu,17,17,17,17,0,341.18,False,False,Golden Boy | Rec | Love Get Chu | Rec: Yurusarezarumono | Bakuman.
tag,formula racing,18,18,18,18,0,338.89,False,False,Capeta | Moldiver | Future GPX Cyber Formula | Future GPX Cyber Formula 11 | Future GPX Cyber Formula Zero
tag,dodgeball,19,19,19,19,0,131.58,False,False,Gakuen Alice | Hunter x Hunter: Greed Island Final | Honoo no Toukyuuji: Dodge Danpei | Mokke | Hyakko
tag,skiing,19,19,19,19,0,147.37,False,False,Hana yori Dango | Futari Ecchi | Mamotte Shugogetten! | Mamoru-kun ni Megami no Shukufuku wo! | Cat's Eye
tag,Taoism,20,20,20,20,0,295.0,False,False,Mushishi | Ghost Hunt | Bao Lian Deng | San Ge Heshang | Mushishi Zoku Shou
tag,biopunk,20,20,20,20,0,300.0,False,False,Koukyoushihen Eureka Seven | Geneshaft | Ao no 6-gou | Blame! | Dominion
tag,shougi,20,20,20,20,0,245.0,False,False,RahXephon | Ranma ½ | Zettai Shounen | Shion no Ou | Natsu no Arashi! Akinaichuu
tag,all-boys school,21,21,21,21,0,328.57,False,False,Cluster Edge | Sakigake!! Cromartie Koukou | Papa to Kiss in the Dark | Princess Princess | Suki na Mono wa Suki Dakara Shou ga Nai!!
tag,golf,21,21,21,21,0,361.9,False,False,Dan Doh!! | Cat's Eye | Warau Salesman | Ashita Tenki ni Naare | Beat Shot!!
tag,Western,22,22,22,22,0,368.18,False,False,Trigun | Grenadier: Hohoemi no Senshi | Wild Arms: Twilight Venom | Makai Senki Disgaea | Majutsushi Orphen: Revenge
tag,bowling,22,22,22,22,0,145.45,False,False,Catman | Love Live! School Idol Project 2nd Season | gdgd Fairies Movie: tte Iu Eiga wa Dou kana...? | Teekyuu 4 | Teekyuu 5
tag,chess,23,23,23,23,0,173.91,False,False,Ginga Eiyuu Densetsu | Youjuu Toshi | Fushigi no Kuni no Miyuki-chan | Code Geass: Hangyaku no Lelouch | Taiho Shichau zo Special
tag,street racing,23,23,23,23,0,413.04,False,False,Initial D Fourth Stage | Akira | Initial D First Stage | Initial D Second Stage | Initial D Third Stage
tag,Villainess,24,24,24,24,0,600.0,True,False,Otome Game no Hametsu Flag shika Nai Akuyaku Reijou ni Tensei shiteshimatta... | Katarina Nounai Kaigi | Otome Game no Hametsu Flag shika Nai Akuyaku Reijou ni Tensei shiteshimatta... X | Otome Game no Hametsu Flag shika Nai Akuyaku Reijou ni Tensei shiteshimatta... OVA | Katarina Nounai Kaigi X
tag,art school,24,24,24,24,0,295.83,False,False,Hachimitsu to Clover | Mahoraba: Heartful Days | Canvas 2: Nijiiro no Sketch | Canvas: Sepia-iro no Motif | Hachimitsu to Clover II
tag,gigantic breasts,25,25,25,25,0,260.0,False,False,Sunabouzu | Air Master | Kagi Hime Monogatari: Eikyuu Alice Rondo | Soul Link | Nurse Witch Komugi-chan Magikarte Z
tag,gymnastics,26,26,26,26,0,265.38,False,False,Ranma ½ | Cardcaptor Sakura | Kaleido Star | Kaleido Star: Aratanaru Tsubasa - Extra Stage | Kaleido Star: Legend of Phoenix - Layla Hamilton Monogatari
tag,nun,26,26,26,26,0,188.46,False,False,Mai-HiME | The SoulTaker: Tamashii-gari | Mahou Senshi Louie | Kaitou Saint Tail | Skull Man
tag,nurse,26,26,26,26,0,226.92,False,False,Angel Heart | D.C.S.S: Da Capo Second Season | Nurse Witch Komugi-chan Magikarte | Nurse Angel Ririka SOS | Pugyuru
tag,archery,28,28,28,28,0,228.57,False,False,Cardcaptor Sakura | InuYasha | Otogizoushi | Chikyuu Shoujo Arjuna | Meitantei Conan Movie 07: Meikyuu no Crossroad
tag,female teacher,28,28,28,28,0,207.14,False,False,Onegai☆Teacher | Ichigo 100% | Onegai☆Teacher: Himitsu na Futari | Battle Programmer Shirase | The Third: Aoi Hitomi no Shoujo
tag,medium breasts,28,28,28,28,0,271.43,False,False,Idol Fight Suchie-Pai 2 | Cream Lemon: New Generation | KanColle: Itsuka Ano Umi de | Tensei shitara Slime Datta Ken OVA | Zuihou de Zhaohuan Shi
tag,shinsengumi,28,28,28,28,0,346.43,False,False,Rurouni Kenshin: Meiji Kenkaku Romantan - Tsuioku-hen | Rurouni Kenshin: Meiji Kenkaku Romantan | Peace Maker Kurogane | Mutsu Enmei Ryuu Gaiden: Shura no Toki | Kidou Shinsengumi Moeyo Ken TV
tag,vandalism,28,28,28,28,0,192.86,False,False,Mai-HiME | Fullmetal Alchemist | Kerokko Demetan | Fullmetal Alchemist: Premium Collection | Majutsushi Orphen
tag,cultivation,29,29,29,29,0,441.38,False,False,Reikenzan: Eichi e no Shikaku | Luo Xiaohei Zhanji | Doupo Cangqiong | Douluo Dalu | Doupo Cangqiong 2nd Season
tag,foot fetish,29,29,29,29,0,186.21,False,False,Aa! Megami-sama! | Power Stone | Strange Dawn | Great Teacher Onizuka | Malice@Doll
tag,utopia,29,29,29,29,0,327.59,False,False,Appleseed (Movie) | Uchuu no Stellvia | Aria the Animation | Mujin Wakusei Survive | Appleseed
tag,kendo,30,30,30,30,0,183.33,False,False,"Mai-HiME | Ima, Soko ni Iru Boku | Makai Toshi Shinjuku | Tenpou Ibun: Ayakashi Ayashi | Jikuu Tenshou Nazca"
tag,shota,30,30,30,30,0,170.0,False,False,Eyeshield 21 | Kidou Senshi Victory Gundam | Loveless | Akahori Gedou Hour Rabuge | RG Veda
tag,horse riding,31,31,31,31,0,274.19,False,False,Lady Lady!! | Hello! Lady Lynn | Lady Georgie | Perrine Monogatari | Panzer Dragoon
tag,human-android love,31,31,31,31,0,206.45,False,False,Chobits | Xenosaga The Animation | Mahoromatic: Automatic Maiden | Mahoromatic: Motto Utsukushii Mono | Seihou Bukyou Outlaw Star
tag,catholic school,32,32,32,32,0,303.12,False,False,Mai-HiME | Blood+ | Maria-sama ga Miteru | Maria-sama ga Miteru: Haru | Yami no Matsuei
tag,table tennis,32,32,32,32,0,153.12,False,False,Full Metal Panic! | Girls Bravo: First Season | Seihou Bukyou Outlaw Star | Popotan | Ike! Ina-chuu Takkyuu-bu
tag,mahjong,33,33,33,33,0,321.21,False,False,Kono Minikuku mo Utsukushii Sekai | Girls Bravo: Second Season | KO Seiki Beast Sanjuushi | Touhai Densetsu Akagi: Yami ni Maiorita Tensai | Suzumiya Haruhi no Yuuutsu
tag,sea battles,35,35,35,35,0,237.14,False,False,Tactical Roar | Ao no 6-gou | Innocent Venus | Kiss Dum: Engage Planet | Plastic Little
tag,dark elf,36,36,36,36,0,261.11,False,False,Lodoss-tou Senki: Eiyuu Kishi Den | Lodoss-tou Senki | Bastard!! Ankoku no Hakaishin | Hajimari no Boukensha-tachi: Legend of Crystania | Star Ocean EX
tag,literature,36,36,36,36,0,183.33,False,False,Gravitation | Mimi wo Sumaseba | Juuni Senshi Bakuretsu Eto Ranger | ef: A Tale of Memories. | Inaka Isha
tag,drawing,37,37,37,37,0,251.35,False,False,ef: A Tale of Memories. | Stop!! Hibari-kun! | Hidamari Sketch x 365 | Bakuman. | Bakuman. 2nd Season
tag,judo,37,37,37,37,0,259.46,False,False,Ranma ½ | Fantastic Children | Yawara! | Shijou Saikyou no Deshi Kenichi | Plawres Sanshirou
tag,Love Status Quo,38,38,38,38,0,600.0,True,False,Working!! | Working'!! | Bokura wa Minna Kawai-sou | Working!!! | Ojisan to Marshmallow
tag,Medical,38,38,38,38,0,600.0,True,False,Nanako Kaitai Shinsho | Ray The Animation | Black Jack Specials: Inochi wo Meguru Yottsu no Kiseki | Black Jack | Black Jack the Movie
tag,bicycling,38,38,38,38,0,339.47,False,False,Golden Boy | Majo no Takkyuubin | Mimi wo Sumaseba | Sennen Joyuu | Battle Athletess Daiundoukai (TV)
tag,hard science fiction,38,38,38,38,0,368.42,False,False,Zipang | Kidou Senshi Gundam | Kidou Senshi Gundam: Dai 08 MS Shoutai | Uchuu no Stellvia | Kidou Keisatsu Patlabor: On Television
tag,wealth-related humour,38,38,38,38,0,171.05,False,False,Dotto Koni-chan | Tanoshii Muumin Ikka | Wagaya no Oinari-sama. | Kaichou wa Maid-sama! | The iDOLM@STER
tag,track and field,40,39,40,39,1,160.0,False,False,Boys Be... | Piano | Binzume Yousei | Suzuka | Shin Angyo Onshi
tag,guerilla warfare,42,42,42,42,0,207.14,False,False,Kidou Senshi Gundam: Dai 08 MS Shoutai | Fullmetal Alchemist | Madlax | Venus Senki | Kaze wo Mita Shounen
tag,boarding school,43,43,43,43,0,293.02,False,False,Uchuu no Stellvia | Ochame na Futago: Claire Gakuin Monogatari | Natsu e no Tobira | Little Busters! | RDG: Red Data Girl
tag,dinosaur,43,43,43,43,0,323.26,False,False,Abenobashi Mahou☆Shoutengai | Seisenshi Dunbine | Shin Getter Robo tai Neo Getter Robo | Kujira no Chouyaku | Ginga Tetsudou 999
tag,fall of a country,43,43,43,43,0,269.77,False,False,Saishuu Heiki Kanojo | Ginga Eiyuu Densetsu | Utawarerumono | Windaria | Arslan Senki
tag,fishing,43,43,43,43,0,188.37,False,False,Hanaukyou Maid-tai OVA | Taiyou no Ouji: Horus no Daibouken | Twin Signal: Family Game | Moonlight Mile 1st Season: Lift Off | Gokudou-kun Manyuuki
tag,waitress,43,43,43,43,0,244.19,False,False,Pia Carrot e Youkoso!! 2 DX | Pia Carrot e Youkoso!!: Sayaka no Koi Monogatari | Wind: A Breath of Heart OVA | Lamune | Tokyo Mew Mew
tag,filmmaking,44,44,44,44,0,281.82,False,False,Love Hina | Golden Boy | Mousou Dairinin | Perfect Blue | Naruto Movie 1: Dai Katsugeki!! Yuki Hime Ninpouchou Dattebayo!
tag,soft science fiction,46,46,46,46,0,302.17,False,False,Barom One | Paprika | Tengen Toppa Gurren Lagann | Sentou Mecha Xabungle | Genki Bakuhatsu Ganbaruger
tag,neo-noir,47,47,47,47,0,310.64,False,False,Cowboy Bebop | Cowboy Bebop: Tengoku no Tobira | Witch Hunter Robin | Texhnolyze | Gunslinger Girl
tag,board games,92,47,92,40,52,123.91,False,False,Hikaru no Go | Kono Minikuku mo Utsukushii Sekai | RahXephon | Tenjou Tenge | Ranma ½
tag,Showbiz,48,48,48,48,0,600.0,True,False,Full Moon wo Sagashite | Gravitation | Kaleido Star | Kaleido Star: Aratanaru Tsubasa - Extra Stage | Perfect Blue
tag,nanomachines,48,48,48,48,0,243.75,False,False,Cowboy Bebop | Cowboy Bebop: Tengoku no Tobira | Trinity Blood | Black Cat | Turn A Gundam
tag,organic mecha,48,48,48,48,0,306.25,False,False,Shinseiki Evangelion | Xenosaga The Animation | Koukyoushihen Eureka Seven | B'T X | Change!! Getter Robo: Sekai Saigo no Hi
tag,gambling,54,48,54,48,6,227.78,False,False,Cowboy Bebop | Witch Hunter Robin | Fullmetal Alchemist | Wild Arms: Twilight Venom | Touhai Densetsu Akagi: Yami ni Maiorita Tensai
tag,baking,49,49,49,49,0,224.49,False,False,Yakitate!! Japan | Cardcaptor Sakura | Motto! Ojamajo Doremi | Mahou Senshi Louie | Ojamajo Doremi Na-i-sho
tag,journalism,49,49,49,49,0,189.8,False,False,Speed Grapher | Mousou Dairinin | Starship Operators | Colorful | Renkin San-kyuu Magical? Pokaan
tag,swimming,50,50,50,50,0,242.0,False,False,Akane Maniax | Kerokko Demetan | Memories Off 2nd | Hanaukyou Maid-tai | First Kiss Monogatari
tag,social media,51,51,51,51,0,213.73,False,False,Higashi no Eden | Gatchaman Crowds | Gatchaman Crowds Insight | Sore ga Seiyuu! | ChäoS;Child
tag,High Stakes Game,52,52,52,52,0,600.0,True,False,Gantz | Gantz 2nd Stage | Touhai Densetsu Akagi: Yami ni Maiorita Tensai | Gyakkyou Burai Kaiji: Ultimate Survivor | Deadman Wonderland
tag,netori,52,52,52,52,0,263.46,False,False,Okusama wa Mahou Shoujo | Genji Monogatari | Genji Monogatari Sennenki | Yakin Byoutou | Aniyome
tag,succubus,52,52,52,52,0,296.15,False,False,Vampire Hunter | Goshuushou-sama Ninomiya-kun | Rosario to Vampire | Rosario to Vampire Capu2 | Astarotte no Omocha!
tag,afterlife,53,53,53,53,0,286.79,False,False,Hikaru no Go | Haibane Renmei | Yami no Matsuei | Nekojiru-sou | Narutaru: Mukuro Naru Hoshi Tama Taru Ko
tag,economics,53,53,53,53,0,209.43,False,False,Gasaraki | Pumpkin Scissors | Devilman Lady | Tamala 2010: A Punk Cat in Space | Ookami to Koushinryou
tag,goblin,54,54,54,54,0,246.3,False,False,Lodoss-tou Senki | Tanoshii Muumin Ikka | Makyou Densetsu Acrobunch | Log Horizon | Hai to Gensou no Grimgar
tag,tank warfare,55,55,55,55,0,261.82,False,False,Burn Up Excess | Venus Senki | Kaze no Tani no Nausicaä | Saishuu Heiki Kanojo: Another Love Song | Kaze wo Mita Shounen
tag,boxing,57,57,57,57,0,345.61,False,False,Ring ni Kakero 1 | Texhnolyze | Hajime no Ippo | Hajime no Ippo: Champion Road | Hajime no Ippo: Mashiba vs. Kimura
tag,earthquake,57,57,57,57,0,207.02,False,False,Avenger | Saishuu Heiki Kanojo | Bubblegum Crisis Tokyo 2040 | Mujin Wakusei Survive | Yomigaeru Sora: Rescue Wings
tag,Childcare,58,58,58,58,0,600.0,True,False,Aishiteruze Baby★★ | Daa! Daa! Daa! | Mama wa Shougaku 4-nensei | Ojamajo Doremi Sharp | Tokyo Godfathers
tag,battle royale,59,59,59,59,0,391.53,False,False,Mai-HiME | Tokyo Underground | Fate/stay night | Gantz | Gantz 2nd Stage
tag,mermaid,60,60,60,60,0,253.33,False,False,One Piece | Akazukin Chacha | Petshop of Horrors | Mermaid Melody Pichi Pichi Pitch | KO Seiki Beast Sanjuushi
tag,painting,60,60,60,60,0,235.0,False,False,Witch Hunter Robin | Mai-HiME | Wild Arms: Twilight Venom | Gallery Fake | Cossette no Shouzou
tag,Delinquents,61,61,61,61,0,600.0,True,False,Sakigake!! Cromartie Koukou | Tenjou Tenge | Gokusen | Great Teacher Onizuka | Midori no Hibi
tag,female student,61,61,61,61,0,329.51,False,False,Mai-Otome | Air Master | Matantei Loki Ragnarok | Battle Programmer Shirase | Joshikousei: Girl's High
tag,superhero,62,62,62,62,0,401.61,False,False,Viewtiful Joe | Dragon Ball Z | Sore Ike! Anpanman | Cybersix | Tetsuwan Atom
tag,surveillance,62,62,62,62,0,285.48,False,False,G-Taste (2010) | Psycho-Pass | Psycho-Pass Movie 1 | Psycho-Pass 2 | Harmony
tag,Idols (Male),64,64,64,64,0,600.0,True,False,Be-Boy Kidnapp'n Idol | Uta no☆Prince-sama♪ Maji Love 1000% | Uta no☆Prince-sama♪ Maji Love 2000% | Uta no☆Prince-sama♪ Maji Love Revolutions | Shounen Hollywood: Holly Stage for 49
tag,wrestling,68,64,68,63,5,245.59,False,False,DearS | Wild Arms: Twilight Venom | Dirty Pair | Girls Bravo: Second Season | Mamotte Shugogetten!
tag,epidemic,65,65,65,65,0,293.85,False,False,Fullmetal Alchemist | Blood+ | Mushishi | Boku no Chikyuu wo Mamotte | Zegapain
tag,pirate,66,66,66,66,0,324.24,False,False,One Piece | Koukyoushihen Eureka Seven | Kyougoku Natsuhiko: Kousetsu Hyaku Monogatari | Seihou Bukyou Outlaw Star | Kurenai no Buta
tag,reverse trap,66,66,66,66,0,209.09,False,False,Cowboy Bebop | .hack//Sign | Mai-HiME | Fullmetal Alchemist | Juuni Kokuki
tag,Visual Arts,67,67,67,67,0,600.0,True,False,Hachimitsu to Clover | Paradise Kiss | Gallery Fake | Cossette no Shouzou | Mahoraba: Heartful Days
tag,bishoujo,67,67,67,67,0,234.33,False,False,Tenshi na Konamaiki | Versailles no Bara | Makai Senki Disgaea | Elf wo Karu Mono-tachi | Elf wo Karu Mono-tachi II
tag,incest,79,68,79,68,11,145.57,False,False,D.C.: Da Capo | Love Hina Again | Gankutsuou | Hitsuji no Uta | Kyougoku Natsuhiko: Kousetsu Hyaku Monogatari
tag,volleyball,69,69,69,69,0,291.3,False,False,Binzume Yousei | Sensei no Ojikan: Dokidoki School Hours | Tennis no Oujisama: Zenkoku Taikai-hen | Taiho Shichau zo (TV) | Attack No.1
tag,healthcare and medicine,70,70,70,70,0,294.29,False,False,Monster | Mushishi | Yami no Matsuei | Ray The Animation | Black Jack Specials: Inochi wo Meguru Yottsu no Kiseki
tag,parasite,70,70,70,70,0,274.29,False,False,Gankutsuou | Stratos 4 | Stratos 4 Advance | Iria: Zeiram The Animation | Kurau Phantom Memory
tag,photography,73,73,73,73,0,223.29,False,False,Boys Be... | Loveless | Maria-sama ga Miteru | Speed Grapher | Koukyoushihen Eureka Seven
tag,basketball,77,77,77,77,0,249.35,False,False,Shin Kidou Senki Gundam Wing | Hana yori Dango | Slam Dunk | Dear Boys | I'll/CKBC
tag,ecology,77,77,77,77,0,249.35,False,False,Wolf's Rain | Mushishi | Aria the Animation | Sousei no Aquarion | Kaze no Tani no Nausicaä
tag,school dormitory,78,78,78,78,0,261.54,False,False,Gakuen Alice | Mai-HiME | Maburaho | Gokujou Seitokai | Mahou Senshi Louie
tag,Christianity,80,80,80,80,0,246.25,False,False,Shinseiki Evangelion | Tenshi Kinryouku | Chrno Crusade | Mai-HiME | Xenosaga The Animation
tag,Shintoism,80,80,80,80,0,225.0,False,False,Kamichu! | Higurashi no Naku Koro ni | Yume Tsukai | Hi no Tori | Key the Metal Idol
tag,tentacle,90,81,90,81,9,122.22,False,False,Mai-HiME | Mai-Otome | Shin Shirayuki-hime Densetsu Prétear | Bakuretsu Tenshi | RahXephon
tag,bounty hunter,85,85,85,85,0,308.24,False,False,Cowboy Bebop | Cowboy Bebop: Tengoku no Tobira | One Piece | Sunabouzu | Arc the Lad
tag,Buddhism,87,87,87,87,0,247.13,False,False,Amaenaide yo!! | Amaenaide yo!! Katsu!! | Patalliro Saiyuuki! | Saint Seiya: Meiou Hades Juuni Kyuu-hen | Hi no Tori
tag,Combat Sports,88,88,88,88,0,600.0,True,False,Ring ni Kakero 1 | Hajime no Ippo | Hajime no Ippo: Champion Road | Hajime no Ippo: Mashiba vs. Kimura | Grappler Baki (TV)
tag,parenting,88,88,88,88,0,220.45,False,False,Aishiteruze Baby★★ | Jungle wa Itsumo Hare nochi Guu Final | Mousou Dairinin | Mama wa Shougaku 4-nensei | Witchblade
tag,real robot,91,91,91,91,0,391.21,False,False,Full Metal Panic! | Kidou Senshi Gundam | Kidou Senshi Gundam: Dai 08 MS Shoutai | Kidou Senshi Gundam 0080: Pocket no Naka no Sensou | Kidou Senshi Gundam: Dai 08 MS Shoutai - Miller's Report
tag,Organized Crime,93,93,93,93,0,600.0,True,False,Texhnolyze | Speed Grapher | Gokusen | Gungrave | Noir
tag,association football,93,93,93,93,0,348.39,False,False,Hungry Heart: Wild Striker | Whistle! | Cardcaptor Sakura | Mama wa Shougaku 4-nensei | Gokujou Seitokai
tag,deconstruction,93,93,93,93,0,254.84,False,False,"Witch Hunter Robin | Shinseiki Evangelion | Shinseiki Evangelion Movie: Air/Magokoro wo, Kimi ni | Kenpuu Denki Berserk | Mai-HiME"
tag,corrupt nobility,96,96,96,96,0,258.33,False,False,One Piece | Versailles no Bara | Pumpkin Scissors | Choujikuu Seiki Orguss 02 | Senya Ichiya Monogatari
tag,Pets,97,97,97,97,0,600.0,True,False,Kanojo to Kanojo no Neko | Oruchuban Ebichu | Wata no Kuni Hoshi | Massugu ni Ikou. | Kappa no Kaikata
tag,tennis,97,97,97,97,0,234.02,False,False,Tennis no Oujisama | Ultra Maniac | Ace wo Nerae! | Ace wo Nerae! Final Stage | Ace wo Nerae! (1979)
tag,zombie,99,99,99,99,0,244.44,False,False,One Piece | Hellsing | Vampire Hunter D (2000) | Yuugen Kaisha | Legend of Duo
tag,post-war,102,102,102,102,0,263.73,False,False,Fullmetal Alchemist | Blood+ | Juuni Kokuki | Koukyoushihen Eureka Seven | Fullmetal Alchemist: The Conqueror of Shamballa
tag,high fantasy,105,105,105,105,0,412.38,False,False,Kenpuu Denki Berserk | Juuni Kokuki | Scrapped Princess | Tsubasa Chronicle | Lodoss-tou Senki: Eiyuu Kishi Den
tag,racism,106,106,106,106,0,204.72,False,False,Witch Hunter Robin | Monster | One Piece | Kidou Senshi Gundam SEED | Fullmetal Alchemist
tag,motorsport,108,106,108,105,3,401.85,False,False,Initial D Fourth Stage | Akira | Aa! Megami-sama! | Aa! Megami-sama! (TV) | Initial D First Stage
tag,sexual fantasies,107,107,107,107,0,165.42,False,False,Basilisk: Kouga Ninpou Chou | Yumeria | Ninin ga Shinobuden | Bannou Bunka Neko-Musume DASH! | Okusama wa Joshikousei (TV)
tag,student government,107,107,107,107,0,260.75,False,False,Full Metal Panic? Fumoffu | Mai-HiME | Shoujo Kakumei Utena | Gokujou Seitokai | Kamichu!
tag,musical band,108,108,108,108,0,369.44,False,False,Beck | Gravitation | Aa! Megami-sama!: Chicchai tte Koto wa Benri da ne | Lemon Angel Project | Interstella5555: The 5tory of The 5ecret 5tar 5ystem
tag,space opera,109,109,109,109,0,422.02,False,False,Kidou Senshi Zeta Gundam | Kidou Senshi Gundam: Gyakushuu no Char | Shin Kidou Senki Gundam Wing: Endless Waltz | Vandread | Vandread: The Second Stage
tag,dark-skinned girl,110,110,110,110,0,230.0,False,False,.hack//Sign | Ai Yori Aoshi | Uchuu no Stellvia | Fullmetal Alchemist | Love Hina
tag,feudal warfare,112,112,112,112,0,277.68,False,False,Kenpuu Denki Berserk | Juuni Kokuki | Mononoke Hime | Strange Dawn | Lodoss-tou Senki: Eiyuu Kishi Den
tag,Performing Arts,113,113,113,113,0,600.0,True,False,Piano | Kaleido Star | Kaleido Star: Aratanaru Tsubasa - Extra Stage | Ginban Kaleidoscope | Glass no Kamen
tag,satire,117,117,117,117,0,218.8,False,False,Mai-HiME | Boukyaku no Senritsu | Aa! Megami-sama!: Chicchai tte Koto wa Benri da ne | Mousou Dairinin | Heppoko Jikken Animation Excel♥Saga
tag,Video Game,118,118,118,118,0,600.0,True,False,.hack//Sign | .hack//Tasogare no Udewa Densetsu | .hack//Liminality | .hack//Gift | .hack//Roots
tag,maid,118,118,118,118,0,238.98,False,False,Ai Yori Aoshi | Chobits | Mai-HiME | Mai-Otome | Shingetsutan Tsukihime
tag,university,120,120,120,120,0,256.67,False,False,Hachimitsu to Clover | Aa! Megami-sama! | Aa! Megami-sama! (TV) | Ai Yori Aoshi | Chobits
tag,fairy,127,127,127,127,0,235.43,False,False,One Piece | Puchi Pri*Yucie | Binzume Yousei | Sousei no Aquarion | Chicchana Yukitsukai Sugar
tag,navy,128,128,128,128,0,254.69,False,False,One Piece | Zipang | Shinseiki Evangelion | Shinseiki Evangelion Movie: Shi to Shinsei | Full Metal Panic!
tag,steampunk,128,128,128,128,0,320.31,False,False,Cluster Edge | Turn A Gundam | Last Exile | Fullmetal Alchemist | Samurai 7
tag,multiple couples,131,131,131,131,0,266.41,False,False,Hachimitsu to Clover | Arc the Lad | Chobits | Basilisk: Kouga Ninpou Chou | Mai-HiME
tag,combat,242,131,242,126,116,190.91,False,False,"Ring ni Kakero 1 | Texhnolyze | DearS | Mai-HiME | Ima, Soko ni Iru Boku"
tag,air combat,132,132,132,132,0,186.36,False,False,Cowboy Bebop | Cowboy Bebop: Tengoku no Tobira | Cluster Edge | Last Exile | Macross Zero
tag,Iyashikei,134,134,134,134,0,600.0,True,False,Mahoutsukai ni Taisetsu na Koto | Mushishi | Aria the Animation | Ichigo Mashimaro | Kamichu!
tag,Reverse Harem,135,135,135,135,0,407.41,True,False,Shin Shirayuki-hime Densetsu Prétear | Ayashi no Ceres | Hana yori Dango | Fruits Basket | Fushigi Yuugi
tag,slavery,141,138,141,138,3,255.32,False,False,"One Piece | DearS | Ima, Soko ni Iru Boku | Speed Grapher | Kerokko Demetan"
tag,super robot,141,141,141,141,0,397.87,False,False,Shinseiki Evangelion | Xenosaga The Animation | Akane Maniax | Magic Knight Rayearth | Sousei no Aquarion
tag,Racing,145,145,145,145,0,600.0,True,False,Initial D Fourth Stage | Initial D First Stage | Initial D Second Stage | Initial D Third Stage | eX-Driver
tag,toilet humour,149,149,149,149,0,186.58,False,False,Strange Dawn | Koukyoushihen Eureka Seven | Golden Boy | Akahori Gedou Hour Rabuge | Bokusatsu Tenshi Dokuro-chan
tag,robot helper,155,155,155,155,0,276.77,False,False,Avenger | Gakuen Alice | Kidou Senshi Victory Gundam | Vandread | Vandread: The Second Stage
tag,angel,157,157,157,157,0,311.46,False,False,Aa! Megami-sama! (TV) | Tenshi Kinryouku | D.N.Angel | Cluster Edge | Air
tag,anti-war,159,159,159,159,0,285.53,False,False,Trinity Blood | Kidou Senshi Gundam: Dai 08 MS Shoutai | Kidou Senshi Gundam 0080: Pocket no Naka no Sensou | Kidou Senshi Victory Gundam | Kidou Senshi Gundam SEED
tag,trap,161,161,161,161,0,200.0,False,False,Fullmetal Alchemist | Fushigi Yuugi | Samurai 7 | Vandread | Gankutsuou
tag,loli,168,168,168,168,0,252.38,False,False,D.C.: Da Capo | Fullmetal Alchemist | Xenosaga The Animation | Love Hina | Yumeria
tag,air force,171,171,171,171,0,253.22,False,False,Zipang | Shinseiki Evangelion | Shinseiki Evangelion Movie: Shi to Shinsei | Appleseed (Movie) | Cluster Edge
tag,Educational,172,172,172,40,132,139.53,True,False,Hikaru no Go | Aa! Megami-sama!: Chicchai tte Koto wa Benri da ne | Binzume Yousei | Hotaru no Haka | Mujin Wakusei Survive
tag,Idols (Female),177,177,177,177,0,600.0,True,False,Mahou no Stage Fancy Lala | Lemon Angel Project | Lovedol: Lovely Idol | Mahou no Tenshi Creamy Mami | Mahou no Tenshi Creamy Mami: Eien no Once More
tag,curse,177,177,177,177,0,248.02,False,False,Fruits Basket | Mononoke Hime | Tsubasa Chronicle | Sen to Chihiro no Kamikakushi | Tenshi na Konamaiki
tag,Urban Fantasy,182,182,182,182,0,600.0,True,False,Shuffle! | Mahoutsukai ni Taisetsu na Koto | Shakugan no Shana | Fate/stay night | PetoPeto-san
tag,all-girls school,182,182,182,182,0,357.14,False,False,Mai-Otome | Mahou Sensei Negima! | Maria-sama ga Miteru | Maria-sama ga Miteru: Haru | Gokujou Seitokai
tag,dystopia,182,182,182,182,0,374.18,False,False,"Texhnolyze | Kenpuu Denki Berserk | Ou Dorobou Jing | Ima, Soko ni Iru Boku | Tokyo Underground"
tag,Workplace,183,183,183,183,0,600.0,True,False,Gokusen | Great Teacher Onizuka | Golden Boy | Di Gi Charat | Kidou Keisatsu Patlabor: On Television
tag,elementary school,183,183,183,183,0,297.27,False,False,Gakuen Alice | Mahou Shoujo Lyrical Nanoha | Mahou Shoujo Lyrical Nanoha A's | Kidou Senshi Gundam 0080: Pocket no Naka no Sensou | Aishiteruze Baby★★
tag,space battles,183,183,183,183,0,259.02,False,False,Kidou Senshi Gundam | Kidou Senshi Gundam 0080: Pocket no Naka no Sensou | Kidou Senshi Gundam 0083: Stardust Memory | Kidou Senshi Zeta Gundam | Kidou Senshi Gundam ZZ
tag,torture,183,183,183,183,0,236.61,False,False,Fullmetal Alchemist | Loveless | Strange Dawn | Kerokko Demetan | Yami no Matsuei
tag,terrorism,204,189,204,189,15,193.14,False,False,Cowboy Bebop: Tengoku no Tobira | Witch Hunter Robin | Monster | Koukaku Kidoutai | Full Metal Panic!
tag,thievery,195,195,195,195,0,247.18,False,False,Witch Hunter Robin | Monster | One Piece | D.N.Angel | Mai-HiME
tag,psychoactive drugs,197,197,197,197,0,236.55,False,False,Cowboy Bebop | Monster | Chuuka Ichiban! | Solty Rei | Samurai Champloo
tag,sudden girlfriend appearance,199,199,199,199,0,330.15,False,False,Aa! Megami-sama! | Aa! Megami-sama! (TV) | Ai Yori Aoshi | Chobits | D.N.Angel
tag,elf,203,200,203,200,3,259.61,False,False,Lodoss-tou Senki: Eiyuu Kishi Den | Lodoss-tou Senki | Bastard!! Ankoku no Hakaishin | Hajimari no Boukensha-tachi: Legend of Crystania | Slayers: The Motion Picture
tag,sexual humour,324,201,324,201,123,122.84,False,False,Mai-HiME | Air | Cardcaptor Sakura | Jungle wa Itsumo Hare nochi Guu | Hajime no Ippo
tag,infidelity,318,202,318,136,182,106.6,False,False,Kenpuu Denki Berserk | Kidou Senshi Gundam 0083: Stardust Memory | Kimi ga Nozomu Eien | Versailles no Bara | Okusama wa Mahou Shoujo
tag,baseball,204,204,204,204,0,300.49,False,False,Boys Be... | Blood+ | Ultra Maniac | Maburaho | Samurai Champloo
tag,netorare,204,204,204,204,0,328.43,False,False,Kenpuu Denki Berserk | Kidou Senshi Gundam 0083: Stardust Memory | Eiken: Eikenbu yori Ai wo Komete | Shonan Junai Gumi! | School Days
tag,Magical Sex Shift,207,207,207,5,202,14.49,True,False,Ultra Maniac OVA | Tenkuu no Escaflowne | Tenshi na Konamaiki | Ranma ½ | Cinderella Boy
tag,delinquent,210,210,210,210,0,274.29,False,False,Eyeshield 21 | School Rumble | Aa! Megami-sama! | Tenshi Kinryouku | Beck
tag,ninja,212,212,212,212,0,321.23,False,False,Naruto | Basilisk: Kouga Ninpou Chou | Mai-HiME | Peace Maker Kurogane | Power Stone
tag,Survival,213,213,213,213,0,370.42,True,False,"Blue Gender | Ima, Soko ni Iru Boku | Wolf's Rain | Gantz | Gantz 2nd Stage"
tag,teacher x student,213,213,213,213,0,312.68,False,False,Chobits | Onegai☆Teacher | Onegai☆Twins | Cardcaptor Sakura | Jungle wa Itsumo Hare nochi Guu Deluxe
tag,black humour,217,217,217,217,0,201.38,False,False,Mai-HiME | Strange Dawn | Abashiri Ikka | Mousou Dairinin | Wild Arms: Twilight Venom
tag,end of the world,219,219,219,219,0,235.62,False,False,"Texhnolyze | Shinseiki Evangelion | Shinseiki Evangelion Movie: Air/Magokoro wo, Kimi ni | Kidou Butouden G Gundam | Last Exile"
tag,cyberpunk,220,220,220,220,0,337.27,False,False,Cowboy Bebop | Cowboy Bebop: Tengoku no Tobira | Texhnolyze | Koukaku Kidoutai | Akira
tag,sex,221,221,221,221,0,161.99,False,False,Cowboy Bebop | Rurouni Kenshin: Meiji Kenkaku Romantan - Tsuioku-hen | Kidou Senshi Gundam SEED | Air | Shinpi no Sekai El-Hazard
tag,Reincarnation,222,222,222,95,127,256.76,True,False,Tenshi Kinryouku | Air | Ayashi no Ceres | Gensoumaden Saiyuuki | Green Green
tag,proxy battles,223,223,223,223,0,504.04,False,False,Naruto | Kidou Tenshi Angelic Layer | Mai-HiME | Shaman King | s.CRY.ed
tag,transforming craft,258,226,258,226,32,308.14,False,False,Mahou Shoujo Lyrical Nanoha A's | Kidou Senshi Gundam | Kidou Senshi Zeta Gundam | Kidou Senshi Gundam ZZ | Kidou Senshi Victory Gundam
tag,genetic modification,227,227,227,227,0,298.68,False,False,Witch Hunter Robin | Shinseiki Evangelion | Shinseiki Evangelion Movie: Shi to Shinsei | Akira | Avenger
tag,Vampire,231,231,231,231,0,385.71,True,False,Trinity Blood | Akazukin Chacha | Blood+ | Shingetsutan Tsukihime | Hitsuji no Uta
tag,power suit,231,231,231,231,0,328.57,False,False,Appleseed (Movie) | Full Metal Panic? Fumoffu | Solty Rei | Power Stone | Yumeria
tag,Team Sports,233,233,233,233,0,600.0,True,False,Eyeshield 21 | Hungry Heart: Wild Striker | Slam Dunk | Whistle! | Dear Boys
tag,small breasts,235,235,235,235,0,239.57,False,False,Sunabouzu | Shinseiki Evangelion | Aa! Megami-sama! (TV) | D.C.: Da Capo | Mahou Shoujo Lyrical Nanoha
tag,Otaku Culture,237,237,237,30,207,75.95,True,False,Genshiken | Comic Party | Abenobashi Mahou☆Shoutengai | Sensei no Ojikan: Dokidoki School Hours | Battle Programmer Shirase
tag,CGDCT,238,238,238,238,0,486.97,True,False,Azumanga Daiou The Animation | Binzume Yousei | Ichigo Mashimaro | Azumanga Daiou: Gekijou Tanpen | Renkin San-kyuu Magical? Pokaan
tag,deity,241,241,241,241,0,320.75,False,False,Aa! Megami-sama! | Aa! Megami-sama! (TV) | Shuffle! | Kannazuki no Miko | Mononoke Hime
tag,dark fantasy,244,244,244,244,0,369.26,False,False,"Kenpuu Denki Berserk | Fullmetal Alchemist | Juuni Kokuki | Ima, Soko ni Iru Boku | Kyougoku Natsuhiko: Kousetsu Hyaku Monogatari"
tag,tone changes,246,246,246,246,0,294.31,False,False,Witch Hunter Robin | Mai-HiME | Aishiteruze Baby★★ | Fullmetal Alchemist | Fushigi Yuugi
tag,lingerie,247,247,247,247,0,177.33,False,False,Aa! Megami-sama! (TV) | Chobits | Mai-HiME | Tenjou Tenge | Jungle wa Itsumo Hare nochi Guu Final
tag,mafia,247,247,247,247,0,265.59,False,False,Witch Hunter Robin | Monster | Yakitate!! Japan | Bakuretsu Tenshi | Futakoi Alternative
tag,middle school,247,247,247,247,0,321.46,False,False,Tennis no Oujisama | Shinseiki Evangelion | Shinseiki Evangelion Movie: Shi to Shinsei | D.N.Angel | D.C.: Da Capo
tag,blackmail,267,267,267,267,0,234.08,False,False,Monster | Mai-HiME | Solty Rei | Mousou Dairinin | Versailles no Bara
tag,religion,354,269,354,266,88,164.97,False,False,Witch Hunter Robin | Shinseiki Evangelion | Tenshi Kinryouku | Chrno Crusade | Cluster Edge
tag,cyborg,272,272,272,272,0,325.37,False,False,Cowboy Bebop | Trigun | One Piece | Koukaku Kidoutai | Appleseed (Movie)
tag,ghost,277,272,277,272,5,229.6,False,False,Witch Hunter Robin | D.N.Angel | Hikaru no Go | Solty Rei | Shaman King
tag,cosplaying,280,280,280,280,0,197.14,False,False,DearS | Shin Shirayuki-hime Densetsu Prétear | Re: Cutie Honey | Maburaho | Yumeria
tag,humanoid alien,288,288,288,288,0,384.38,False,False,Trigun | DearS | Mahou Shoujo Lyrical Nanoha A's | Mai-HiME | Futakoi Alternative
tag,special squads,320,297,320,297,23,327.5,False,False,Witch Hunter Robin | One Piece | Trinity Blood | Koukaku Kidoutai | Rurouni Kenshin: Meiji Kenkaku Romantan - Tsuioku-hen
tag,rotten world,408,301,408,300,108,221.08,False,False,Witch Hunter Robin | Texhnolyze | Kenpuu Denki Berserk | Koukaku Kidoutai | Rurouni Kenshin: Meiji Kenkaku Romantan - Tsuioku-hen
tag,Strategy Game,302,302,302,293,9,528.48,True,False,Naruto | Kidou Tenshi Angelic Layer | Hikaru no Go | Hunter x Hunter: Greed Island | Hunter x Hunter: Greed Island Final
tag,dragon,303,303,303,303,0,221.45,False,False,One Piece | Ou Dorobou Jing | Scrapped Princess | Tenkuu no Escaflowne | Sen to Chihiro no Kamikakushi
tag,politics,345,311,345,310,35,227.25,False,False,Witch Hunter Robin | Rurouni Kenshin: Meiji Kenkaku Romantan | Avenger | Kidou Senshi Gundam 0083: Stardust Memory | Kidou Senshi Zeta Gundam
tag,space travel,342,327,342,327,15,318.42,False,False,Cowboy Bebop | Cowboy Bebop: Tengoku no Tobira | Avenger | Mahou Shoujo Lyrical Nanoha A's | Kidou Senshi Gundam
tag,juujin,330,330,330,330,0,325.15,False,False,Mahou Shoujo Lyrical Nanoha | Mahou Shoujo Lyrical Nanoha A's | Loveless | Juuni Kokuki | Pita Ten
tag,Samurai,333,333,333,333,0,415.62,True,False,One Piece | Rurouni Kenshin: Meiji Kenkaku Romantan - Tsuioku-hen | Rurouni Kenshin: Meiji Kenkaku Romantan | Rurouni Kenshin: Meiji Kenkaku Romantan - Ishinshishi e no Chinkonka | Basilisk: Kouga Ninpou Chou
tag,training,348,348,348,348,0,236.78,False,False,Witch Hunter Robin | Eyeshield 21 | Naruto | Kenpuu Denki Berserk | Fullmetal Alchemist
tag,Crossdressing,357,357,357,277,80,200.0,True,False,Cowboy Bebop | Witch Hunter Robin | .hack//Sign | Turn A Gundam | Mai-HiME
tag,idol,363,363,363,363,0,353.17,False,False,Beck | Full Moon wo Sagashite | Di Gi Charat | Aa! Megami-sama!: Chicchai tte Koto wa Benri da ne | Petshop of Horrors
tag,police,374,374,374,374,0,274.06,False,False,Witch Hunter Robin | Monster | Koukaku Kidoutai | D.N.Angel | Fullmetal Alchemist
tag,medium awareness,378,378,378,378,0,193.12,False,False,Cowboy Bebop | Sunabouzu | Yakitate!! Japan | Gakuen Alice | Mai-HiME
tag,post-apocalyptic,381,381,381,381,0,429.13,False,False,Cowboy Bebop | Trigun | Sunabouzu | Trinity Blood | Shinseiki Evangelion
tag,performance,431,384,431,382,49,211.6,False,False,D.N.Angel | D.C.: Da Capo | Full Metal Panic? Fumoffu | Mai-HiME | Aishiteruze Baby★★
tag,android,395,392,395,392,3,319.75,False,False,Sunabouzu | Trinity Blood | Avenger | Chobits | D.C.: Da Capo
tag,Time Travel,403,403,403,394,9,323.08,True,False,One Piece | Yakitate!! Japan | Zipang | Tenshi Kinryouku | Blue Gender
tag,bishounen,403,403,403,403,0,339.45,False,False,Witch Hunter Robin | Sunabouzu | D.N.Angel | D.C.: Da Capo | Shin Shirayuki-hime Densetsu Prétear
tag,rivalry,459,408,459,407,52,220.04,False,False,Trigun | Monster | Naruto | Tennis no Oujisama | Akira
tag,robot,1136,418,1136,406,730,134.95,False,False,"Sunabouzu | Trinity Blood | Shinseiki Evangelion | Shinseiki Evangelion Movie: Shi to Shinsei | Shinseiki Evangelion Movie: Air/Magokoro wo, Kimi ni"
tag,human enhancement,606,424,606,422,184,218.81,False,False,Cowboy Bebop | Trigun | Witch Hunter Robin | One Piece | Trinity Blood
tag,working life,437,437,437,437,0,301.83,False,False,Yakitate!! Japan | Kimi ga Nozomu Eien | Great Teacher Onizuka | Golden Boy | Mousou Dairinin
tag,revenge,438,438,438,438,0,263.24,False,False,Cowboy Bebop | Witch Hunter Robin | Monster | Rurouni Kenshin: Meiji Kenkaku Romantan - Tsuioku-hen | Rurouni Kenshin: Meiji Kenkaku Romantan
tag,alcohol,447,441,447,441,6,174.27,False,False,Trigun | Hachimitsu to Clover | Monster | Ai Yori Aoshi | Mai-HiME
tag,Psychological,462,462,462,299,163,388.31,True,False,Cowboy Bebop | Monster | Texhnolyze | Shinseiki Evangelion | Shinseiki Evangelion Movie: Shi to Shinsei
tag,Space,465,465,465,465,0,600.0,True,False,Cowboy Bebop | Cowboy Bebop: Tengoku no Tobira | Blue Gender | Kidou Senshi Gundam | Kidou Senshi Gundam 0080: Pocket no Naka no Sensou
tag,law and order,684,480,684,474,210,206.58,False,False,Trigun | Witch Hunter Robin | Monster | One Piece | Trinity Blood
tag,Isekai,481,481,481,154,327,192.1,True,False,.hack//Sign | Ijigen no Sekai El-Hazard | Shinpi no Sekai El-Hazard (TV) | Shinpi no Sekai El-Hazard | Shinpi no Sekai El-Hazard Season 2
tag,unrequited love,512,492,512,490,22,225.0,False,False,Hachimitsu to Clover | School Rumble | .hack//Sign | Azumanga Daiou The Animation | Turn A Gundam
tag,Mahou Shoujo,494,494,494,494,0,446.76,True,False,Gakuen Alice | Mahou Shoujo Lyrical Nanoha | Mahou Shoujo Lyrical Nanoha A's | Mai-HiME | Shin Shirayuki-hime Densetsu Prétear
tag,school clubs,520,520,520,520,0,319.23,False,False,Eyeshield 21 | Tennis no Oujisama | School Rumble | Aa! Megami-sama! | Aa! Megami-sama! (TV)
tag,large breasts,522,522,522,522,0,245.21,False,False,One Piece | Sunabouzu | Aa! Megami-sama! (TV) | D.C.: Da Capo | Basilisk: Kouga Ninpou Chou
tag,pantsu,526,526,526,526,0,204.18,False,False,Sunabouzu | Shinseiki Evangelion | Ai Yori Aoshi | Chobits | Chrno Crusade
tag,piloted robot,546,546,546,546,0,432.78,False,False,"Shinseiki Evangelion | Shinseiki Evangelion Movie: Shi to Shinsei | Shinseiki Evangelion Movie: Air/Magokoro wo, Kimi ni | Appleseed (Movie) | Blue Gender"
tag,henshin,559,559,559,559,0,275.13,False,False,One Piece | Aa! Megami-sama! | D.N.Angel | Mahou Shoujo Lyrical Nanoha | Mahou Shoujo Lyrical Nanoha A's
tag,conspiracy,568,568,568,568,0,290.85,False,False,Witch Hunter Robin | Monster | One Piece | Trinity Blood | Shinseiki Evangelion
tag,absurdist humour,571,571,571,571,0,275.83,False,False,One Piece | Trinity Blood | Azumanga Daiou The Animation | Full Metal Panic! | Full Metal Panic? Fumoffu
tag,war,678,574,678,573,105,248.08,False,False,"One Piece | Zipang | Shinseiki Evangelion | Shinseiki Evangelion Movie: Air/Magokoro wo, Kimi ni | Kenpuu Denki Berserk"
tag,alien,675,587,675,585,90,318.81,False,False,Trigun | Shinseiki Evangelion | Shinseiki Evangelion Movie: Shi to Shinsei | DearS | Soukyuu no Fafner: Dead Aggressor
tag,Detective,615,615,615,615,0,356.75,True,False,Cowboy Bebop | Witch Hunter Robin | Monster | Koukaku Kidoutai | D.N.Angel
tag,parental abandonment,635,635,635,635,0,306.14,False,False,School Rumble | D.N.Angel | D.C.: Da Capo | DearS | Rozen Maiden
tag,the arts,1197,663,1197,633,564,165.83,False,False,Cowboy Bebop | Cowboy Bebop: Tengoku no Tobira | Witch Hunter Robin | Hachimitsu to Clover | Initial D Fourth Stage
tag,Harem,695,695,695,695,0,426.47,True,False,School Rumble | Aa! Megami-sama! (TV) | Ai Yori Aoshi | D.C.: Da Capo | Shuffle!
tag,disaster,1402,712,1402,684,718,152.21,False,False,Cowboy Bebop | Trigun | Monster | One Piece | Sunabouzu
tag,Gore,716,716,716,143,573,119.83,True,False,Shinseiki Evangelion | Kenpuu Denki Berserk | Rurouni Kenshin: Meiji Kenkaku Romantan - Tsuioku-hen | Akira | Blue Gender
tag,Anthropomorphic,740,740,740,729,11,435.14,True,False,Rozen Maiden | Rozen Maiden: Träumend | Fullmetal Alchemist | Juuni Kokuki | Mononoke Hime
tag,super deformed,779,779,779,779,0,257.38,False,False,Sunabouzu | Aa! Megami-sama! (TV) | Kidou Tenshi Angelic Layer | D.C.: Da Capo | DearS
tag,murder,894,785,894,785,109,207.94,False,False,Cowboy Bebop | Witch Hunter Robin | Monster | One Piece | Texhnolyze
tag,demon,804,804,804,801,3,357.59,False,False,Naruto | Kenpuu Denki Berserk | Aa! Megami-sama! (TV) | Tenshi Kinryouku | Chrno Crusade
tag,Love Polygon,811,811,811,811,0,298.89,True,False,Hachimitsu to Clover | Naruto | School Rumble | .hack//Sign | Ai Yori Aoshi
tag,Mythology,840,840,840,323,517,230.71,True,False,Naruto | One Piece | Trinity Blood | Aa! Megami-sama! | Aa! Megami-sama! (TV)
tag,gunfights,862,862,862,862,0,285.73,False,False,Cowboy Bebop | Cowboy Bebop: Tengoku no Tobira | Trigun | Witch Hunter Robin | Monster
tag,crime,1229,877,1229,843,386,185.35,False,False,Cowboy Bebop | Cowboy Bebop: Tengoku no Tobira | Witch Hunter Robin | Monster | One Piece
tag,stereotypes,975,975,975,975,0,338.67,False,False,One Piece | Yakitate!! Japan | Aa! Megami-sama! | Aa! Megami-sama! (TV) | Ai Yori Aoshi
tag,contemporary fantasy,983,983,983,983,0,436.62,False,False,Witch Hunter Robin | School Rumble | Kenpuu Denki Berserk | Aa! Megami-sama! | Aa! Megami-sama! (TV)
tag,friendship,1086,1080,1086,1080,6,326.52,False,False,Witch Hunter Robin | Hachimitsu to Clover | Naruto | One Piece | Kenpuu Denki Berserk
tag,Adult Cast,1102,1102,1102,415,687,225.95,True,False,Cowboy Bebop | Cowboy Bebop: Tengoku no Tobira | Trigun | Witch Hunter Robin | Hachimitsu to Clover
tag,coming of age,1119,1119,1119,1119,0,312.24,False,False,Witch Hunter Robin | Eyeshield 21 | Hachimitsu to Clover | Aa! Megami-sama! | Aa! Megami-sama! (TV)
tag,Military,1124,1124,1124,1049,75,366.37,True,False,Witch Hunter Robin | One Piece | Zipang | Shinseiki Evangelion | Shinseiki Evangelion Movie: Shi to Shinsei
tag,Music,1171,1171,1171,996,175,391.55,True,False,Cowboy Bebop | Cowboy Bebop: Tengoku no Tobira | Initial D Fourth Stage | Beck | Full Moon wo Sagashite
tag,swordplay,1220,1181,1220,1180,40,268.44,False,False,Cowboy Bebop | One Piece | Texhnolyze | Kenpuu Denki Berserk | Rurouni Kenshin: Meiji Kenkaku Romantan - Tsuioku-hen
tag,Historical,1205,1205,1205,1205,0,600.0,True,False,Zipang | Rurouni Kenshin: Meiji Kenkaku Romantan - Tsuioku-hen | Rurouni Kenshin: Meiji Kenkaku Romantan | Rurouni Kenshin: Meiji Kenkaku Romantan - Ishinshishi e no Chinkonka | Chrno Crusade
tag,nudity,1215,1215,1215,1215,0,166.09,False,False,Naruto | Sunabouzu | Shinseiki Evangelion | .hack//Sign | Aa! Megami-sama!
tag,high school,1239,1239,1239,1239,0,327.36,False,False,Eyeshield 21 | Hungry Heart: Wild Striker | School Rumble | Akira | D.C.: Da Capo
tag,Parody,1253,1253,1253,1242,11,362.17,True,False,Witch Hunter Robin | One Piece | School Rumble | Sunabouzu | Yakitate!! Japan
tag,Martial Arts,1256,1256,1256,1175,81,381.53,True,False,Cowboy Bebop | Naruto | One Piece | Sunabouzu | Texhnolyze
tag,angst,1344,1344,1344,1344,0,282.74,False,False,Cowboy Bebop | Trigun | Hachimitsu to Clover | Monster | Naruto
tag,ecchi,1655,1456,1655,1453,202,189.55,False,False,Witch Hunter Robin | One Piece | Sunabouzu | Shinseiki Evangelion | Aa! Megami-sama!
tag,magic,1586,1473,1586,1466,120,323.27,False,False,Witch Hunter Robin | Bouken Ou Beet | .hack//Sign | Aa! Megami-sama! | Aa! Megami-sama! (TV)
tag,tragedy,1603,1603,1603,1603,0,307.42,False,False,Cowboy Bebop | Trigun | Witch Hunter Robin | Monster | One Piece
tag,Super Power,1633,1633,1633,1556,77,383.16,True,False,Witch Hunter Robin | Bouken Ou Beet | Naruto | One Piece | School Rumble
tag,Mecha,1737,1737,1737,1411,326,343.7,True,False,Trigun | Sunabouzu | Trinity Blood | Shinseiki Evangelion | Shinseiki Evangelion Movie: Shi to Shinsei
tag,plot continuity,1920,1920,1920,1920,0,421.98,False,False,Cowboy Bebop | Cowboy Bebop: Tengoku no Tobira | Trigun | Witch Hunter Robin | Eyeshield 21
tag,Gag Humor,2099,2099,2099,1871,228,252.6,True,False,Cowboy Bebop | Trigun | Eyeshield 21 | Hachimitsu to Clover | Naruto
tag,violence,2180,2132,2180,2125,55,285.41,False,False,Cowboy Bebop | Trigun | Witch Hunter Robin | Eyeshield 21 | Naruto
tag,School,3264,3264,3264,2915,349,337.78,True,False,Eyeshield 21 | Hachimitsu to Clover | Hungry Heart: Wild Striker | Naruto | Tennis no Oujisama
explicit_tag,biphallic,1,1,1,0,1,0.0,False,False,Isekai Kita no de Sukebe Skill de Zenryoku Ouka Shiyou to Omou The Animation
explicit_tag,vaginal pissing,1,1,1,0,1,0.0,False,False,Succubus Appli: Gakuen Sai*
explicit_tag,double assjob,2,2,2,2,0,100.0,False,False,Mayoiga no Oneesan The Animation | Tsundero Series
explicit_tag,foreskin sex,2,2,2,0,2,0.0,False,False,Futa-bu!! | Otokonoko ♂ Delivery
explicit_tag,oyakodon threesome,2,2,2,0,2,0.0,False,False,Asa made Shiru Daku Haha Musume Donburi!! | Pure Pure Pero Pero Princess
explicit_tag,navel fuck,3,3,3,0,3,0.0,False,False,Ail Maniax: Inma Seifukugari & Majogari no Yoru ni | Mahou Shoujo Elena | Mouryou no Nie
explicit_tag,youji play,3,3,3,0,3,0.0,False,False,Yakin Byoutou Ni | Uchiyama Aki | Euphoria
explicit_tag,eye penetration,4,4,4,0,4,0.0,False,False,Yuuwaku Countdown | Bondage Game: Shinsou no Reijou-tachi | Angel Core: Tenshi-tachi no Sumika | Kowaku no Toki
explicit_tag,microphilia,4,4,4,0,4,0.0,False,False,Stratosphera no Yousei | Oni-Tensei | Ikusa Otome Suvia | Injuu Kyoushi
explicit_tag,wormhole sex,4,4,4,0,4,0.0,False,False,Injuu Gakuen La☆Blue Girl: Fukkatsu-hen | Nuki Doki! Tenshi to Akuma no Sakusei Battle | Yokujou Bazooka The Animation | Onaho Kyoushitsu: Joshi Zenin Ninshin Keikaku - The Animation
explicit_tag,autofellatio,6,6,6,0,6,0.0,False,False,Cool Devices | Youjuu Kyoushitsu | Cambrian | Ikusa Otome Suvia | Futa-bu!!
explicit_tag,eyeball licking,6,6,6,0,6,0.0,False,False,Psycho Diver: Mashou Bosatsu | Chika Gentou Gekiga: Shoujo Tsubaki | Ice Movie | Monster Musume no Iru Nichijou OVA | Ishuzoku Reviewers
explicit_tag,felching,6,6,6,0,6,0.0,False,False,Pure Mail | Bondage Game: Shinsou no Reijou-tachi | Heartwork: Symphony of Destruction | M Ogui: Last Order | Kichiku: Haha Shimai Choukyou Nikki
explicit_tag,glory hole,6,6,6,0,6,0.0,False,False,Soukou Kijo Iris | Fella Pure: Mitarashi-san Chi no Jijou The Animation | Baka Dakedo Chinchin Shaburu no dake wa Jouzu na Chii-chan♡ | Imouto Bitch ni Shiboraretai | Kanpeki Ojousama no Watakushi ga Dogeza de Mazo Ochisuru Choroin na Wakenai desu wa!
explicit_tag,wakamezake,6,6,6,0,6,0.0,False,False,HenSemi (TV) | Inma Youjo | Onmyouji: Youen Emaki | Cartagra: Tsuki Gurui no Yamai | Shounen Maid Kuuro-kun: Tenshi no Uta
explicit_tag,premature male ejaculation,7,7,7,7,0,214.29,False,False,Injuu Gakuen La☆Blue Girl: Fukkatsu-hen | Choujin Densetsu Urotsukidouji | Kakyuusei | Toushin Toshi II | Dakaretai Onna
explicit_tag,pillory,8,8,8,8,0,162.5,False,False,Elfina: Yoru e to Urareta Oukoku de... The Animation | Ikusa Otome Valkyrie | Ikusa Otome Valkyrie Shinshou | Himekishi Lilia | Shoujo Senki Brain Jacker
explicit_tag,sudden naked guy appearance,8,8,8,0,8,0.0,False,False,Crying Freeman | Stop!! Hibari-kun! | Katte ni Kaizou | High School DxD | Ishuzoku Reviewers
explicit_tag,male rapes male,9,9,9,0,9,0.0,False,False,Yarichin☆Bitch-bu | Enzai | Boku no Sexual Harassment | Ginga Teikoku no Metsubou Gaiden: Aoki Ookami-tachi no Densetsu | Yuuwaku Countdown
explicit_tag,MMM threesome,10,10,10,0,10,0.0,False,False,Yarichin☆Bitch-bu | Enzai | Boku no Sexual Harassment | Ginga Teikoku no Metsubou Gaiden: Aoki Ookami-tachi no Densetsu | Boku no Pico
explicit_tag,nyotaimori,10,10,10,0,10,0.0,False,False,Yakin Byoutou Ni | Bondage Game: Shinsou no Reijou-tachi | Dragon Knight | Ryokan Shirasagi | Tony's Heroine Series: Kanojo wa Hanayome Kouhosei? Cinderella Collection
explicit_tag,sex doll,10,10,10,0,10,0.0,False,False,"Eikyuu Kazoku | 30-sai no Hoken Taiiku | Yondemasu yo, Azazel-san. Z | Midara na Ao-chan wa Benkyou ga Dekinai | Ishuzoku Reviewers"
explicit_tag,soapland,10,10,10,0,10,0.0,False,False,Youjuu Toshi | Junk Boy | Ishuzoku Reviewers | Isekai Meikyuu de Harem wo | Iyashite Agerun Saiyuuki
explicit_tag,onahole,11,11,11,0,11,0.0,False,False,Yagami Yuu | Gakuen Saimin Reido | Imouto Paradise! | Futa-bu! | Shoujo Ramune
explicit_tag,anal pissing,12,12,12,0,12,0.0,False,False,Yakin Byoutou | Ail Maniax: Inma Seifukugari & Majogari no Yoru ni | Seikoujo: Haitoku no Biden Dorei | Rensa Byoutou | Himekishi Lilia
explicit_tag,assjob,12,12,12,12,0,308.33,False,False,Aneki... My Sweet Elder Sister The Animation | Mayoiga no Oneesan The Animation | Baku Ane 2: Otouto Ippai Shibocchau zo! The Animation | Oniichan Asa made Zutto Gyutte Shite! | Overflow
explicit_tag,cybersex,13,13,13,13,0,300.0,False,False,Mezzo Forte | Nageki no Kenkou Yuuryouji | Injuu Gakuen La☆Blue Girl: Fukkatsu-hen | G-Taste | Darling
explicit_tag,pegging,13,13,13,0,13,0.0,False,False,Gedou Gakuen | Ogenki Clinic | Onna Kyoushi | Aneki... My Sweet Elder Sister The Animation | Kawarazaki-ke no Ichizoku 2
explicit_tag,urethra penetration,13,13,13,0,13,0.0,False,False,Waver | Gekka Bijin | Gakuen Sodom | Heartwork: Symphony of Destruction | Dorei Maid Princess
explicit_tag,twincest,15,15,15,0,15,0.0,False,False,Boku wa Imouto ni Koi wo Suru | Andromeda Stories | Kiss x Sis | Aki-Sora: Yume no Naka | Yosuga no Sora
explicit_tag,uncle-niece incest,15,15,15,0,15,0.0,False,False,Shinseiki Inma Seiden | Hotaruko | Miboujin: Numeriau Nikuyoku to Midara ni Nureru Mitsusubo | Kawarazaki-ke no Ichizoku 2 | Naoko no Tropic Angel: Hyouryuu
explicit_tag,aunt-nephew incest,16,16,16,0,16,0.0,False,False,Hitozuma no Kuchibiru wa Kan Chuuhai no Aji ga Shite | Daiakuji: The Xena Buster | Daiakuji: The Xena Buster Specials | Enbo | Kuro Ai: Hitoyozumakan Inkou Rannyuuroku
explicit_tag,futa x futa,16,16,16,16,0,243.75,False,False,Nageki no Kenkou Yuuryouji | Injuu Gakuen La Blue Girl | Bible Black: New Testament | Angel Blade | Bondage Game: Shinsou no Reijou-tachi
explicit_tag,enjo-kousai,17,17,17,0,17,0.0,False,False,Mai-HiME | Initial D First Stage | Initial D Second Stage | Nana | Kikoushi Enma
explicit_tag,necrophilia,19,19,19,19,0,200.0,False,False,Kyougoku Natsuhiko: Kousetsu Hyaku Monogatari | Hellsing Ultimate | Sankarea | Sankarea OVA | Ishuzoku Reviewers
explicit_tag,nipple penetration,19,19,19,0,19,0.0,False,False,Bondage Game: Shinsou no Reijou-tachi | Ail Maniax: Inma Seifukugari & Majogari no Yoru ni | Inyouchuu Shoku: Ryoushokutou Taimaroku | Dream Hazard: Akuma no Program | Inyouchuu Shoku: Ryoushokutou Taimaroku - Kanzenban
explicit_tag,petplay,19,19,19,19,0,189.47,False,False,Kurohime: Shikkoku no Yakata | Yakin Byoutou | Shintaisou: Kari | Waver | Bondage Game: Shinsou no Reijou-tachi
explicit_tag,reverse trap,19,19,19,19,0,178.95,False,False,AIKa | .hack//Gift | Teizokurei Daydream | Claymore | AIKa: Special Trial
explicit_tag,cum swapping,20,20,20,0,20,0.0,False,False,Cool Devices | Bible Black: New Testament | Boku no Pico | Shinseiki Inma Seiden | Bondage Game: Shinsou no Reijou-tachi
explicit_tag,cockring,21,21,21,0,21,0.0,False,False,Enzai | Uba | Injuu Gakuen La☆Blue Girl: Fukkatsu-hen | Cool Devices | Kurohime: Shikkoku no Yakata
explicit_tag,futa x male,21,21,21,21,0,200.0,False,False,Bible Black | Yuuwaku Countdown | Yakin Byoutou Ni | Bible Black: New Testament | Sei Michaela Gakuen Hyouryuuki II
explicit_tag,nostril hook,21,21,21,0,21,0.0,False,False,Cool Devices | Shintaisou: Kari | Bondage Game: Shinsou no Reijou-tachi | Pigeon Blood | Discipline
explicit_tag,erotic asphyxiation,22,22,22,0,22,0.0,False,False,Injuu Gakuen EX | Yuuwaku Countdown | Kao no nai Tsuki | Yoru ga Kuru! | Injuu Nerawareta Hanayome
explicit_tag,breast expansion,24,24,24,0,24,0.0,False,False,Mahoromatic: Motto Utsukushii Mono | UFO Princess Valkyrie | Abunai Sisters: Koko & Mika | Seikon no Qwaser | Manyuu Hikenchou
explicit_tag,mechanical tentacle,24,24,24,24,0,245.83,False,False,Gunnm | Bubblegum Crisis | AIKa Zero | Cool Cool Bye | Gyo
explicit_tag,orgasm denial,24,24,24,0,24,0.0,False,False,Kaifuku Jutsushi no Yarinaoshi | Bible Black | Uba | Ginga Teikoku no Metsubou Gaiden: Aoki Ookami-tachi no Densetsu | Kurohime: Shikkoku no Yakata
explicit_tag,macrophilia,27,27,27,27,0,214.81,False,False,Kanashimi no Belladonna | Dragon Pink | Yoru ga Kuru! | Guren | Youjuu Kyoushitsu
explicit_tag,French kiss,31,31,31,0,31,0.0,False,False,Speed Grapher | Futari Ecchi | Lime-iro Senkitan | Youjuu Toshi | AD Police
explicit_tag,impregnation with larvae,33,33,33,0,33,0.0,False,False,Injuu Gakuen La☆Blue Girl: Fukkatsu-hen | Youjuu Kyoushitsu | Youjuu Kyoushitsu Gaiden | Ail Maniax: Inma Seifukugari & Majogari no Yoru ni | Ikusa Otome Valkyrie Shinshou
explicit_tag,mother-daughter incest,33,33,33,0,33,0.0,False,False,Nageki no Kenkou Yuuryouji | Yuuwaku Countdown | MaMa | Ai Shimai: Futari no Kajitsu | Ai Shimai 2: Futari no Kajitsu
explicit_tag,sleeping sex,33,33,33,0,33,0.0,False,False,Kanashimi no Belladonna | Shin Angel | Injuu Gakuen La Blue Girl | Injuu Gakuen La☆Blue Girl: Fukkatsu-hen | Injuu Gakuen EX
explicit_tag,urophagia,34,34,34,34,0,147.06,False,False,Yakin Byoutou | Shintaisou: Kari | Angel Blade | Bondage Game: Shinsou no Reijou-tachi | Shuusaku Replay
explicit_tag,yaoi,34,34,34,34,0,341.18,False,False,"Ikoku Irokoi Romantan | Dream Hunter Rem | Hyakujitsu no Bara | Papa datte, Shitai | Shin Yaranai ka"
explicit_tag,FFF threesome,35,35,35,0,35,0.0,False,False,Nageki no Kenkou Yuuryouji | Bible Black | Injuu Gakuen La☆Blue Girl: Fukkatsu-hen | Yarima Queen | Inma Daitoshi: Beast City
explicit_tag,wooden horse,36,36,36,36,0,161.11,False,False,Puni Puni☆Poemii | Teizokurei Daydream | Yozakura Quartet: Hana no Uta | Ishuzoku Reviewers | Shinka no Mi: Shiranai Uchi ni Kachigumi Jinsei
explicit_tag,point of view,37,37,37,37,0,300.0,False,False,Bible Black: New Testament | G-Taste | Kussetsu | Kuro Ai: Hitoyozumakan Inkou Rannyuuroku | Bible Black Only Version
explicit_tag,wax play,38,38,38,38,0,200.0,False,False,Injuu Gakuen La Blue Girl | Injuu Gakuen La☆Blue Girl: Fukkatsu-hen | Cool Devices | Yoru ga Kuru! | Unbalance
explicit_tag,oyakodon,39,39,39,0,39,0.0,False,False,Chijoku Shinsatsushitsu | MaMa | Ai Shimai: Futari no Kajitsu | Waver | Gekka Bijin
explicit_tag,fisting,40,40,40,0,40,0.0,False,False,Yakin Byoutou | Waver | Bondage Game: Shinsou no Reijou-tachi | Ail Maniax: Inma Seifukugari & Majogari no Yoru ni | Daiakuji: The Xena Buster
explicit_tag,animal abuse,45,45,45,0,45,0.0,False,False,Kenpuu Denki Berserk | Elfen Lied | Girls Bravo: First Season | Gantz | Gantz 2nd Stage
explicit_tag,father-daughter incest,45,45,45,0,45,0.0,False,False,Mousou Dairinin | Mardock Scramble: The First Compression | Mardock Scramble: The Second Combustion | Mardock Scramble: The Third Exhaust | Sankarea OVA
explicit_tag,nun,46,46,46,46,0,230.43,False,False,Amaenaide yo!! | Amaenaide yo!! Katsu!! | G-On Riders | Gall Force: Chikyuu Shou | Sei Michaela Gakuen Hyouryuuki
explicit_tag,golden shower,50,50,50,0,50,0.0,False,False,Kanashimi no Belladonna | Cool Devices | Yakin Byoutou | Yakin Byoutou San | Shintaisou: Kari
explicit_tag,sister-sister incest,52,52,52,0,52,0.0,False,False,Kagaku na Yatsura | High School DxD New | Nageki no Kenkou Yuuryouji | Sexfriend | Injuu Gakuen La Blue Girl
explicit_tag,guro,53,53,53,0,53,0.0,False,False,Youjuu Toshi | Devilman Lady | Kakugo no Susume | Chika Gentou Gekiga: Shoujo Tsubaki | Kanashimi no Belladonna
explicit_tag,mother-son incest,53,53,53,0,53,0.0,False,False,Mardock Scramble: The First Compression | Mardock Scramble: The Second Combustion | Mardock Scramble: The Third Exhaust | Tsuujou Kougeki ga Zentai Kougeki de Ni-kai Kougeki no Okaasan wa Suki desu ka? | Yuuwaku Countdown
explicit_tag,pregnant sex,53,53,53,53,0,216.98,False,False,Kisaku Spirit | Kangoku: Injoku no Jikkentou | Kuro Ai: Hitoyozumakan Inkou Rannyuuroku | Ikusa Otome Valkyrie Shinshou | Ane☆Haramix
explicit_tag,uniform fetish,53,53,53,0,53,0.0,False,False,Kore ga Watashi no Goshujinsama | Bouken Shite mo Ii Koro | Futari Ecchi (2014) | Strike the Blood Final | Mahou Shoujo ni Akogarete
explicit_tag,double-sided dildo,54,54,54,0,54,0.0,False,False,Kuro no Danshou | Bible Black: New Testament | Shintaisou: Kari | Maid no Yakata: Zetsubou-hen | Kyouhaku: Owaranai Ashita
explicit_tag,sex ritual,55,55,55,55,0,396.36,False,False,Kanashimi no Belladonna | Shin Angel | Bible Black | Bible Black Gaiden | Injuu Gakuen La Blue Girl
explicit_tag,prostate massage,58,58,58,58,0,191.38,False,False,Bible Black | Ginga Teikoku no Metsubou Gaiden: Aoki Ookami-tachi no Densetsu | Injuu Gakuen La Blue Girl | Injuu Gakuen La☆Blue Girl: Fukkatsu-hen | Ai Shimai: Futari no Kajitsu
explicit_tag,cervix penetration,59,59,59,0,59,0.0,False,False,Ail Maniax: Inma Seifukugari & Majogari no Yoru ni | Ogenki Clinic | Soukou Kijo Iris | Himekishi Lilia | Dorei Maid Princess
explicit_tag,reverse spitroast,59,59,59,0,59,0.0,False,False,Sexfriend | Boku no Pico | Choukou Tenshi Escalayer | Akibakei Kanojo | Aniyome
explicit_tag,trap,59,59,59,59,0,274.58,False,False,Ranma ½ | Love♥Love? | Seihou Bukyou Outlaw Star | Iketeru Futari | Ike! Ina-chuu Takkyuu-bu
explicit_tag,waitress,59,59,59,59,0,305.08,False,False,Shuffle! | Kimi ga Nozomu Eien | Bannou Bunka Neko-Musume | Futari Ecchi | Variable Geo
explicit_tag,strappado bondage,63,63,63,0,63,0.0,False,False,Words Worth | A Kite | Injuu Gakuen La Blue Girl | Injuu Gakuen EX | Dragon Pink
explicit_tag,suspension bondage,63,63,63,63,0,246.03,False,False,Mahou Shoujo ni Akogarete | Words Worth | Kuro no Danshou | Bible Black Gaiden | Injuu Gakuen La Blue Girl
explicit_tag,aphrodisiac,64,64,64,0,64,0.0,False,False,Kanashimi no Belladonna | Tsugumomo | Injuu Gakuen La☆Blue Girl: Fukkatsu-hen | Injuu Gakuen EX | Dragon Pink
explicit_tag,chikan,64,64,64,64,0,290.62,False,False,Cool Devices | Tokio Kidou Police | Unbalance | Hi.Me.Go.To | Shuudan Chikan Densha
explicit_tag,sudden naked girl appearance,64,64,64,0,64,0.0,False,False,DearS | Kono Minikuku mo Utsukushii Sekai | Elfen Lied | Midori no Hibi | Gantz
explicit_tag,bestiality,65,65,65,65,0,236.92,False,False,Kanashimi no Belladonna | Kennel Tokorozawa | Words Worth | Dragon Pink | Cool Devices
explicit_tag,scat,65,65,65,65,0,260.0,False,False,Cool Devices | Blood Royale | Yakin Byoutou | Yakin Byoutou Ni | Yakin Byoutou San
explicit_tag,scissoring,65,65,65,0,65,0.0,False,False,Bible Black Gaiden | Injuu Gakuen La Blue Girl | Injuu Gakuen La☆Blue Girl: Fukkatsu-hen | Nikutai Teni | Choukou Tenshi Escalayer
explicit_tag,sex while on the phone,65,65,65,0,65,0.0,False,False,Futari Ecchi | Papa to Kiss in the Dark | Yakin Byoutou | Inma Daitoshi: Beast City | Ai Shimai: Futari no Kajitsu
explicit_tag,wardrobe malfunction,65,65,65,0,65,0.0,False,False,Ikkitousen | Abashiri Ikka | Kore ga Watashi no Goshujinsama | Dragon Half | Darkside Blues
explicit_tag,spanking,78,78,78,0,78,0.0,False,False,Mirai Shounen Conan | Kanokon | Queen's Blade: Rebellion | Asa made Jugyou Chu! | Boku wa Tomodachi ga Sukunai Next
explicit_tag,spitroast,78,78,78,0,78,0.0,False,False,Mezzo Forte | Bible Black | Enzai | Ginga Teikoku no Metsubou Gaiden: Aoki Ookami-tachi no Densetsu | Injuu Gakuen La Blue Girl
explicit_tag,sumata,82,82,82,0,82,0.0,False,False,"Papa datte, Shitai | Waver | Hatsu Inu The Animation | Kazama Mana | Discode: Ijou Seiai"
explicit_tag,submission,83,83,83,0,83,0.0,False,False,Teizokurei Daydream | Shinmai Maou no Testament | Ishuzoku Reviewers | Kaifuku Jutsushi no Yarinaoshi | Oroka na Tenshi wa Akuma to Odoru
explicit_tag,pussy sandwich,84,84,84,0,84,0.0,False,False,Bible Black | Yuuwaku Countdown | Choukou Tenshi Escalayer | Famiresu Senshi Purin | Gedou Gakuen
explicit_tag,threesome with sisters,86,86,86,0,86,0.0,False,False,Sexfriend | Cool Devices | Yakin Byoutou | Ai Shimai 2: Futari no Kajitsu | Little Monica Monogatari
explicit_tag,facesitting,91,91,91,91,0,203.3,False,False,Prison School | Kaifuku Jutsushi no Yarinaoshi | Mato Seihei no Slave 2 | Cool Devices | Yuuwaku Countdown
explicit_tag,futa x female,92,92,92,92,0,254.35,False,False,Sei Michaela Gakuen Hyouryuuki | Nageki no Kenkou Yuuryouji | Bible Black | Injuu Gakuen La Blue Girl | Injuu Gakuen La☆Blue Girl: Fukkatsu-hen
explicit_tag,bishoujo,93,93,93,93,0,376.34,False,False,DearS | Dragon Half | Key the Metal Idol | High School DxD | High School DxD OVA
explicit_tag,window fuck,97,97,97,0,97,0.0,False,False,Bible Black | Yakin Byoutou | Yakin Byoutou Ni | Kao no nai Tsuki | Ai Shimai: Futari no Kajitsu
explicit_tag,attempted rape,99,99,99,99,0,175.76,False,False,"Akira | Basilisk: Kouga Ninpou Chou | Strange Dawn | Elfen Lied | Iriya no Sora, UFO no Natsu"
explicit_tag,stomach bulge,99,99,99,0,99,0.0,False,False,Words Worth | Bible Black | Injuu Gakuen La Blue Girl | Yakin Byoutou | Bible Black: New Testament
explicit_tag,stomach stretch,102,102,102,0,102,0.0,False,False,Bible Black | Injuu Gakuen La Blue Girl | The Urotsuki | Yakin Byoutou | Bible Black: New Testament
explicit_tag,pantyjob,103,103,103,103,0,202.91,False,False,Futari Ecchi | Kagaku na Yatsura | Okusama ga Seitokaichou! | Words Worth | Mezzo Forte
explicit_tag,shota,109,109,109,109,0,343.12,False,False,Seihou Bukyou Outlaw Star | Koutetsu Tenshi Kurumi | Papa to Kiss in the Dark | Kanokon | Dream Hunter Rem
explicit_tag,hidden vibrator,110,110,110,0,110,0.0,False,False,Gosenzo Sane | Injuu Gakuen La Blue Girl | Cool Devices | Yakin Byoutou | Shintaisou: Kari
explicit_tag,enema,112,112,112,0,112,0.0,False,False,Bible Black | Chijoku Shinsatsushitsu | Yakin Byoutou | Bible Black: New Testament | Gakuen: Chijoku no Zushiki
explicit_tag,futanari,112,112,112,108,4,270.54,False,False,Sei Michaela Gakuen Hyouryuuki | Nageki no Kenkou Yuuryouji | Bible Black | Injuu Gakuen La Blue Girl | Injuu Gakuen La☆Blue Girl: Fukkatsu-hen
explicit_tag,office lady,113,113,113,113,0,315.93,False,False,Futari Ecchi | Puni Puni☆Poemii | Colorful | Bouken Shite mo Ii Koro | G-Taste (2010)
explicit_tag,triple penetration,114,114,114,114,0,187.72,False,False,Bible Black Gaiden | The Urotsuki | Makai Tenshi Djibril | Bible Black: New Testament | Inma Daitoshi: Beast City
explicit_tag,mutilation,115,115,115,0,115,0.0,False,False,Speed Grapher | Elfen Lied | Boogiepop wa Warawanai | Dragon Half | Youjuu Toshi
explicit_tag,MMF threesome,118,118,118,0,118,0.0,False,False,Kanashimi no Belladonna | Mezzo Forte | Bible Black | Injuu Gakuen La Blue Girl | Cool Devices
explicit_tag,strap-on dildo,118,118,118,115,3,199.15,False,False,Nageki no Kenkou Yuuryouji | Yakin Byoutou | Yakin Byoutou Ni | Yakin Byoutou San | Bible Black: New Testament
explicit_tag,footjob,123,123,123,123,0,234.96,False,False,"Yakin Byoutou | Yakin Byoutou San | Shintaisou: Shin | Sora no Iro, Mizu no Iro | Discipline"
explicit_tag,Crossdressing,124,124,124,97,27,196.77,True,False,Monster | Tenshi Kinryouku | Green Green | Speed Grapher | Ranma ½
explicit_tag,male rape victim,124,124,124,0,124,0.0,False,False,Yarichin☆Bitch-bu | Bible Black | Enzai | Boku no Sexual Harassment | Uba
explicit_tag,nurse,124,124,124,124,0,312.1,False,False,Kimi ga Nozomu Eien | Abenobashi Mahou☆Shoutengai | Hanaukyou Maid-tai | Nanako Kaitai Shinsho | B-gata H-kei
explicit_tag,water sex,126,126,126,0,126,0.0,False,False,Bouken Shite mo Ii Koro | Gosenzo Sane | Nageki no Kenkou Yuuryouji | Dousou Kai | Boku no Sexual Harassment
explicit_tag,bukkake,129,129,129,0,129,0.0,False,False,Mezzo Forte | Bible Black | Bible Black Gaiden | Injuu Gakuen La Blue Girl | Injuu Gakuen La☆Blue Girl: Fukkatsu-hen
explicit_tag,brainwashing,133,133,133,0,133,0.0,False,False,Monster | Seihou Bukyou Outlaw Star | Perfect Blue | Hanaukyou Maid-tai: La Verite | Angel Cop
explicit_tag,safer sex,135,135,135,0,135,0.0,False,False,"Dokushin Apartment Dokudami-sou | Kuro to Kin no Akanai Kagi. | Nozoki Ana | Papa datte, Shitai | Hitozuma no Kuchibiru wa Kan Chuuhai no Aji ga Shite"
explicit_tag,anal fingering,141,141,141,111,30,175.89,False,False,"Kanashimi no Belladonna | Papa datte, Shitai | Ateuma Chara no Kuse shite, Super Darling Ouji ni Chouai sareteimasu. | Bible Black | Enzai"
explicit_tag,impregnation,144,144,144,0,144,0.0,False,False,Pupa | Words Worth | Kuro no Danshou | Injuu Gakuen La☆Blue Girl: Fukkatsu-hen | Dragon Pink
explicit_tag,female rapes female,146,146,146,0,146,0.0,False,False,Gosenzo Sane | Nageki no Kenkou Yuuryouji | Bible Black | Injuu Gakuen La Blue Girl | Injuu Gakuen La☆Blue Girl: Fukkatsu-hen
explicit_tag,orgy,148,148,148,0,148,0.0,False,False,"Speed Grapher | Futari Ecchi | Mnemosyne: Mnemosyne no Musume-tachi | Yondemasu yo, Azazel-san. | Dororon Enma-kun Meeramera"
explicit_tag,sex tape,149,149,149,0,149,0.0,False,False,School Days | Gyo | Kuro no Danshou | Boku no Sexual Harassment | Cool Devices
explicit_tag,groping,153,153,153,99,54,111.11,False,False,Gantz | Gantz 2nd Stage | Legend of Lemnear: Kyokuguro no Tsubasa Valkisas | Juubee Ninpuuchou | I''s Pure
explicit_tag,shibari,153,153,153,0,153,0.0,False,False,Bouken Shite mo Ii Koro | Dororon Enma-kun Meeramera | 30-sai no Hoken Taiiku | Mawaru Penguindrum | Ixion Saga DT
explicit_tag,gigantic breasts,156,156,156,156,0,380.77,False,False,Girls Bravo: Second Season | Eiken: Eikenbu yori Ai wo Komete | Amaenaide yo!! Katsu!! | Renkin San-kyuu Magical? Pokaan | Choujuushin Gravion Zwei
explicit_tag,double fellatio,160,160,160,0,160,0.0,False,False,Cool Devices | Yuuwaku Countdown | Yakin Byoutou | Bible Black: New Testament | Inma Daitoshi: Beast City
explicit_tag,maid,160,160,160,160,0,315.62,False,False,Mahoromatic: Automatic Maiden | Mahoromatic: Motto Utsukushii Mono | Futari Ecchi | Hanaukyou Maid-tai | Kore ga Watashi no Goshujinsama
explicit_tag,foot fetish,161,161,161,161,0,186.34,False,False,Digital Juice | Parasite Dolls | Teizokurei Daydream | The Supergal | Koihime†Musou
explicit_tag,huge breasts,163,163,163,163,0,488.96,False,False,"Prison School: Mad Wax | Ishuzoku Reviewers | Isekai Meikyuu de Harem wo | Futoku no Guild | Meitou ""Isekai no Yu"" Kaitakuki: Around 40 Onsen Mania no Tensei Saki wa, Nonbiri Onsen Tengoku deshita"
explicit_tag,borderline porn,164,164,164,0,164,0.0,False,False,Kenpuu Denki Berserk | Love♥Love? | Mahoromatic: Automatic Maiden | Najica Dengeki Sakusen | AIKa
explicit_tag,whipping,165,165,165,0,165,0.0,False,False,Puni Puni☆Poemii | Arion | Violence Jack: Harem Bomber-hen | Teizokurei Daydream | Sei Michaela Gakuen Hyouryuuki
explicit_tag,exhibitionism,166,166,166,166,0,241.57,False,False,DearS | Tokkou | Crayon Shin-chan | Kanashimi no Belladonna | Crayon Shin-chan Movie 01: Action Kamen vs. Haigure Maou
explicit_tag,lactation,166,166,166,166,0,237.35,False,False,Seikon no Qwaser | Seikon no Qwaser: Jotei no Shouzou | Astarotte no Omocha! | Seikon no Qwaser II | Manyuu Hikenchou
explicit_tag,brother-sister incest,171,171,171,0,171,0.0,False,False,Tenshi Kinryouku | AIKa | Boku wa Imouto ni Koi wo Suru | Maze☆Bakunetsu Jikuu (TV) | Andromeda Stories
explicit_tag,dominatrix,177,177,177,177,0,228.81,False,False,Golden Boy | Puni Puni☆Poemii | Mahou Senshi Louie | Violence Jack: Harem Bomber-hen | Teizokurei Daydream
explicit_tag,foursome,177,177,177,0,177,0.0,False,False,Kanashimi no Belladonna | Nageki no Kenkou Yuuryouji | Bible Black | Injuu Gakuen La Blue Girl | Injuu Gakuen EX
explicit_tag,housewives,181,181,181,181,0,375.69,False,False,Futari Ecchi | Project A-Ko 4: Final | Kanashimi no Belladonna | Hanappe Bazooka | G-Taste (2010)
explicit_tag,rimming,191,191,191,0,191,0.0,False,False,Kanashimi no Belladonna | Pure Mail | Bible Black | Keiraku no Houteishiki Level-C | Chijoku Shinsatsushitsu
explicit_tag,bishounen,198,198,198,198,0,280.81,False,False,X | Kiddy Grade | Mahoromatic: Automatic Maiden | Mahoromatic: Motto Utsukushii Mono | Petshop of Horrors
explicit_tag,lingerie,205,205,205,205,0,231.71,False,False,Tenshi Kinryouku | DearS | Girls Bravo: First Season | Mahoromatic: Motto Utsukushii Mono | Abashiri Ikka
explicit_tag,breast fondling,211,211,211,0,211,0.0,False,False,DearS | Elfen Lied | Girls Bravo: First Season | Abashiri Ikka | Abenobashi Mahou☆Shoutengai
explicit_tag,medium breasts,222,222,222,222,0,273.42,False,False,Puni Puni☆Poemii | Body Jack: Tanoshii Yutai Ridatsu | Pendant | Bouken Shite mo Ii Koro | G-Taste (2010)
explicit_tag,Gainax bounce,224,224,224,0,224,0.0,False,False,DearS | Shuffle! | Green Green | Kono Minikuku mo Utsukushii Sekai | Re: Cutie Honey
explicit_tag,paper clothes,224,224,224,0,224,0.0,False,False,R.O.D: The TV | Ikkitousen | Divergence Eve | Abashiri Ikka | Honoo no Labyrinth
explicit_tag,sexual fantasies,228,228,228,228,0,232.89,False,False,Love♥Love? | Mahoromatic: Automatic Maiden | Mahoromatic: Motto Utsukushii Mono | Abashiri Ikka | Futari Ecchi
explicit_tag,prostitution,237,237,237,228,9,235.86,False,False,Monster | Texhnolyze | Mai-HiME | Juuni Kokuki | Tactics
explicit_tag,loli,238,238,238,238,0,323.11,False,False,Shuffle! | Rizelmine | Love♥Love? | Kore ga Watashi no Goshujinsama | Puni Puni☆Poemii
explicit_tag,ahegao,242,242,242,242,0,300.83,False,False,HenSemi | Toaru Majutsu no Index II | HenSemi (TV) | Shinmai Maou no Testament | Ishuzoku Reviewers
explicit_tag,erotic torture,242,242,242,221,21,243.8,False,False,Youjuu Toshi | Kanashimi no Belladonna | Bouken Shite mo Ii Koro | High School DxD | Utsu Musume Sayuri
explicit_tag,female teacher,242,242,242,242,0,321.07,False,False,DearS | Mahoromatic: Automatic Maiden | Mahoromatic: Motto Utsukushii Mono | Hanaukyou Maid-tai | Canvas: Sepia-iro no Motif
explicit_tag,gang rape,244,244,244,0,244,0.0,False,False,Kanashimi no Belladonna | Kuro no Danshou | Nageki no Kenkou Yuuryouji | Bible Black | Enzai
explicit_tag,skimpy clothing,244,244,244,0,244,0.0,False,False,Tenshi Kinryouku | DearS | Green Green | Re: Cutie Honey | Kiddy Grade
explicit_tag,dark-skinned girl,246,246,246,246,0,275.2,False,False,Kenpuu Denki Berserk | Tenshi Kinryouku | Seihou Bukyou Outlaw Star | Bastard!! Ankoku no Hakaishin | Shoujo Kakumei Utena: Adolescence Mokushiroku
explicit_tag,squirting,250,250,250,0,250,0.0,False,False,A Kite | Bible Black | Bible Black Gaiden | Injuu Gakuen La Blue Girl | Injuu Gakuen La☆Blue Girl: Fukkatsu-hen
explicit_tag,psychological sexual abuse,254,254,254,254,0,379.92,False,False,Perfect Blue | Shoujo Kakumei Utena | I''s Pure | Elf wo Karu Mono-tachi | Elf wo Karu Mono-tachi II
explicit_tag,gokkun,255,255,255,0,255,0.0,False,False,Pure Mail | Shin Angel | Kuro no Danshou | Mezzo Forte | Bible Black
explicit_tag,nipple play,256,256,256,256,0,242.19,False,False,"Kanashimi no Belladonna | Pendant | G-Taste (2010) | Aki no Puzzle | Papa datte, Shitai"
explicit_tag,Gore,264,264,264,0,264,0.0,True,False,"Shinseiki Evangelion Movie: Air/Magokoro wo, Kimi ni | Kenpuu Denki Berserk | Akira | Blue Gender | X/1999"
explicit_tag,tentacle,265,265,265,257,8,277.74,False,False,Mezzo DSA | AIKa | Boogiepop wa Warawanai | Girls Bravo: Second Season | Puni Puni☆Poemii
explicit_tag,plot with porn,274,274,274,0,274,0.0,False,False,Canvas: Sepia-iro no Motif | Sei Michaela Gakuen Hyouryuuki | Cleopatra | Senya Ichiya Monogatari | Kanashimi no Belladonna
explicit_tag,FFM threesome,279,279,279,0,279,0.0,False,False,Kanashimi no Belladonna | Chijoku Shinsatsushitsu | Sexfriend | Injuu Gakuen La☆Blue Girl: Fukkatsu-hen | Injuu Gakuen EX
explicit_tag,voyeurism,292,292,292,292,0,245.89,False,False,Futari Ecchi | Colorful | Teizokurei Daydream | Devilman Lady | Taiho Shichau zo Special
explicit_tag,pantsu,307,307,307,307,0,303.58,False,False,Shuffle! | Green Green | Re: Cutie Honey | Maburaho | Rizelmine
explicit_tag,enjoyable rape,338,338,338,0,338,0.0,False,False,Words Worth | Mezzo Forte | Boku no Sexual Harassment | Injuu Gakuen La Blue Girl | Injuu Gakuen La☆Blue Girl: Fukkatsu-hen
explicit_tag,Harem,354,354,354,354,0,389.55,True,False,DearS | Shuffle! | Green Green | Maburaho | Ranma ½
explicit_tag,sixty-nine,363,363,363,0,363,0.0,False,False,Kanashimi no Belladonna | Sono Hanabira ni Kuchizuke wo: Reo x Mai Diaries | Words Worth | Pure Mail | Pia Carrot e Youkoso!! 2
explicit_tag,gang bang,365,365,365,365,0,297.53,False,False,Senya Ichiya Monogatari | Kanashimi no Belladonna | Body Jack: Tanoshii Yutai Ridatsu | Mezzo Forte | Nageki no Kenkou Yuuryouji
explicit_tag,throat fucking,366,366,366,0,366,0.0,False,False,Kanashimi no Belladonna | Words Worth | Pure Mail | Mezzo Forte | Nageki no Kenkou Yuuryouji
explicit_tag,cum play,381,381,381,214,167,113.65,False,False,Pure Mail | Shin Angel | Kuro no Danshou | Mezzo Forte | Bible Black
explicit_tag,incest,393,393,393,374,19,326.97,False,False,Texhnolyze | Tenshi Kinryouku | Elfen Lied | Abashiri Ikka | Mousou Dairinin
explicit_tag,fingering,410,410,410,0,410,0.0,False,False,Youjuu Toshi | Senya Ichiya Monogatari | Kanashimi no Belladonna | Body Jack: Tanoshii Yutai Ridatsu | Koe de Oshigoto! The Animation
explicit_tag,handjob,411,411,411,0,411,0.0,False,False,Futari Ecchi | Youjuu Toshi | Kanashimi no Belladonna | Aki-Sora | Aki-Sora: Yume no Naka
explicit_tag,outdoor sex,412,412,412,0,412,0.0,False,False,Key the Metal Idol | Kanashimi no Belladonna | Gangsta. | Devilman: Crybaby | Kaifuku Jutsushi no Yarinaoshi
explicit_tag,double penetration,417,417,417,414,3,239.09,False,False,Words Worth | Mezzo Forte | Nageki no Kenkou Yuuryouji | Bible Black | Bible Black Gaiden
explicit_tag,small breasts,438,438,438,438,0,288.58,False,False,Shuffle! | Green Green | Video Girl Ai | Girls Bravo: First Season | Love♥Love?
explicit_tag,urination,464,464,464,462,2,190.09,False,False,"Jigoku Sensei Nube | Kanashimi no Belladonna | Kamen no Maid Guy | Queen's Blade: Rurou no Senshi | Kamen no Maid Guy: Ano Natsu, Ichiban Yutaka na Chichi."
explicit_tag,yuri,478,478,478,476,2,246.86,False,False,Senya Ichiya Monogatari | Dream Hunter Rem | Body Jack: Tanoshii Yutai Ridatsu | Bouken Shite mo Ii Koro | Sono Hanabira ni Kuchizuke wo: Reo x Mai Diaries
explicit_tag,dildos - vibrators,487,487,487,472,15,212.32,False,False,Gosenzo Sane | Words Worth | Kuro no Danshou | Nageki no Kenkou Yuuryouji | Bible Black
explicit_tag,bondage,553,553,553,523,30,226.94,False,False,Mai-HiME | Puni Puni☆Poemii | Ai no Kusabi | Youjuu Toshi | Kyoukasho ni Nai!
explicit_tag,internal shots,554,554,554,0,554,0.0,False,False,Kanashimi no Belladonna | Words Worth | Injuu Gakuen La Blue Girl | Injuu Gakuen La☆Blue Girl: Fukkatsu-hen | Injuu Gakuen EX
explicit_tag,sex toys,556,556,556,269,287,110.25,False,False,"Eikyuu Kazoku | Bouken Shite mo Ii Koro | Seitokai Yakuindomo | 30-sai no Hoken Taiiku | Yondemasu yo, Azazel-san. Z"
explicit_tag,mammary intercourse,603,603,603,603,0,234.33,False,False,Words Worth | Nageki no Kenkou Yuuryouji | Bible Black | Sexfriend | Injuu Gakuen La☆Blue Girl: Fukkatsu-hen
explicit_tag,public sex,670,670,670,584,86,223.28,False,False,Blue Gender | Perfect Blue | Hyper Police | Parasite Dolls | Key the Metal Idol
explicit_tag,female student,685,685,685,685,0,442.77,False,False,Love♥Love? | Abashiri Ikka | Puni Puni☆Poemii | Canvas: Sepia-iro no Motif | Colorful
explicit_tag,deflowering,699,699,699,699,0,258.51,False,False,Canvas: Sepia-iro no Motif | Kanashimi no Belladonna | Pure Mail | A Kite | Dousou Kai
explicit_tag,anal,713,713,713,713,0,257.5,False,False,Ikoku Irokoi Romantan | Kanashimi no Belladonna | Yarichin☆Bitch-bu | Shin Yaranai ka | Words Worth
explicit_tag,threesome,715,715,715,0,715,0.0,False,False,Kanashimi no Belladonna | Yarichin☆Bitch-bu | Words Worth | Mezzo Forte | Nageki no Kenkou Yuuryouji
explicit_tag,masturbation,717,717,717,717,0,213.67,False,False,"Shinseiki Evangelion Movie: Air/Magokoro wo, Kimi ni | Gankutsuou | Golden Boy | Futari Ecchi | Yami to Boushi to Hon no Tabibito"
explicit_tag,violence,773,773,773,764,9,327.17,False,False,"Monster | Texhnolyze | Shinseiki Evangelion Movie: Air/Magokoro wo, Kimi ni | Kenpuu Denki Berserk | Koukaku Kidoutai"
explicit_tag,cunnilingus,810,810,810,0,810,0.0,False,False,Senya Ichiya Monogatari | Kanashimi no Belladonna | Body Jack: Tanoshii Yutai Ridatsu | Pendant | Seikon no Qwaser
explicit_tag,doggy style,844,844,844,0,844,0.0,False,False,Pendant | Ikenai Boy | Words Worth | Pure Mail | Mezzo Forte
explicit_tag,group sex,848,848,848,0,848,0.0,False,False,Speed Grapher | Futari Ecchi | Senya Ichiya Monogatari | Kanashimi no Belladonna | Mnemosyne: Mnemosyne no Musume-tachi
explicit_tag,rape,862,862,862,839,23,339.56,False,False,"Texhnolyze | Kenpuu Denki Berserk | Jinki:Extend | Ima, Soko ni Iru Boku | Elfen Lied"
explicit_tag,BDSM,867,867,867,653,214,175.09,False,False,Basilisk: Kouga Ninpou Chou | Mai-HiME | Loveless | Re: Cutie Honey | Speed Grapher
explicit_tag,ecchi,879,879,879,538,341,231.29,False,False,Kenpuu Denki Berserk | Tenshi Kinryouku | DearS | Shuffle! | Green Green
explicit_tag,creampie,968,968,968,968,0,346.49,False,False,Senya Ichiya Monogatari | Body Jack: Tanoshii Yutai Ridatsu | Yarichin☆Bitch-bu | Gosenzo Sane | Pia Carrot e Youkoso!!
explicit_tag,large breasts,1065,1065,1065,1065,0,405.07,False,False,Shuffle! | Green Green | Kimi ga Nozomu Eien | Re: Cutie Honey | Maburaho
explicit_tag,sexual abuse,1100,1100,1100,0,1100,0.0,False,False,Texhnolyze | Kenpuu Denki Berserk | Akira | Basilisk: Kouga Ninpou Chou | Mai-HiME
explicit_tag,fellatio,1173,1173,1173,0,1173,0.0,False,False,Papa to Kiss in the Dark | Kanashimi no Belladonna | Yarichin☆Bitch-bu | Shin Yaranai ka | Hitozuma no Kuchibiru wa Kan Chuuhai no Aji ga Shite
explicit_tag,oral,1303,1303,1303,0,1303,0.0,False,False,Papa to Kiss in the Dark | Senya Ichiya Monogatari | Kanashimi no Belladonna | Body Jack: Tanoshii Yutai Ridatsu | Pendant
explicit_tag,breasts,1387,1387,1387,0,1387,0.0,False,False,Shuffle! | Green Green | Kimi ga Nozomu Eien | Re: Cutie Honey | Maburaho
explicit_tag,sex,1819,1819,1819,1819,0,538.54,False,False,"Monster | Texhnolyze | Shinseiki Evangelion Movie: Air/Magokoro wo, Kimi ni | Kenpuu Denki Berserk | Blue Gender"
explicit_tag,pornography,1867,1867,1867,0,1867,0.0,False,False,"Monster | Texhnolyze | Shinseiki Evangelion Movie: Air/Magokoro wo, Kimi ni | Blue Gender | DearS"
explicit_tag,nudity,2272,2272,2272,2272,0,496.65,False,False,"Monster | Texhnolyze | Shinseiki Evangelion Movie: Air/Magokoro wo, Kimi ni | Kenpuu Denki Berserk | Koukaku Kidoutai"
